/*--------------------------------*- C++ -*----------------------------------*\
  =========                 |
  \\      /  F ield         | OpenFOAM: The Open Source CFD Toolbox
   \\    /   O peration     | Website:  https://openfoam.org
    \\  /    A nd           | Version:  10
     \\/     M anipulation  |
\*---------------------------------------------------------------------------*/
FoamFile
{
    format      ascii;
    class       labelList;
    note        "nPoints:94498  nCells:46826  nFaces:187727  nInternalFaces:93229";
    location    "constant/polyMesh";
    object      neighbour;
}
// * * * * * * * * * * * * * * * * * * * * * * * * * * * * * * * * * * * * * //


93229
(
1
120
23880
27801
2
121
23881
3
122
23882
4
123
23883
5
124
23884
6
125
23885
7
126
23886
8
127
23887
9
128
23888
10
129
23889
11
130
23890
12
131
23891
13
132
23892
14
133
23893
15
134
23894
16
135
23895
17
136
23896
18
137
23897
19
138
23898
20
139
23899
21
140
23900
22
141
23901
23
142
23902
24
143
23903
25
144
23904
26
145
23905
27
146
23906
28
147
23907
29
148
23908
30
149
23909
31
150
23910
32
151
23911
33
152
23912
34
153
23913
35
154
23914
36
155
23915
37
156
23916
38
157
23917
39
158
23918
40
159
23919
41
160
23920
42
161
23921
43
162
23922
44
163
23923
45
164
23924
46
165
23925
47
166
23926
48
167
23927
49
168
23928
50
169
23929
51
170
23930
52
171
23931
53
172
23932
54
173
23933
55
174
23934
56
175
23935
57
176
23936
58
177
23937
59
178
23938
60
179
23939
61
180
23940
62
181
23941
63
182
23942
64
183
23943
65
184
23944
66
185
23945
67
186
23946
68
187
23947
69
188
23948
70
189
23949
71
190
23950
72
191
23951
73
192
23952
74
193
23953
75
194
23954
76
195
23955
77
196
23956
78
197
23957
79
198
23958
80
199
23959
81
200
23960
82
201
23961
83
202
23962
84
203
23963
85
204
23964
86
205
23965
87
206
23966
88
207
23967
89
208
23968
90
209
23969
91
210
23970
92
211
23971
93
212
23972
94
213
23973
95
214
23974
96
215
23975
97
216
23976
98
217
23977
99
218
23978
100
219
23979
101
220
23980
102
221
23981
103
222
23982
104
223
23983
105
224
23984
106
225
23985
107
226
23986
108
227
23987
109
228
23988
110
229
23989
111
230
23990
112
231
23991
113
232
23992
114
233
23993
115
234
23994
116
235
23995
117
236
23996
118
237
23997
119
238
23998
239
23999
121
240
27800
122
241
123
242
124
243
125
244
126
245
127
246
128
247
129
248
130
249
131
250
132
251
133
252
134
253
135
254
136
255
137
256
138
257
139
258
140
259
141
260
142
261
143
262
144
263
145
264
146
265
147
266
148
267
149
268
150
269
151
270
152
271
153
272
154
273
155
274
156
275
157
276
158
277
159
278
160
279
161
280
162
281
163
282
164
283
165
284
166
285
167
286
168
287
169
288
170
289
171
290
172
291
173
292
174
293
175
294
176
295
177
296
178
297
179
298
180
299
181
300
182
301
183
302
184
303
185
304
186
305
187
306
188
307
189
308
190
309
191
310
192
311
193
312
194
313
195
314
196
315
197
316
198
317
199
318
200
319
201
320
202
321
203
322
204
323
205
324
206
325
207
326
208
327
209
328
210
329
211
330
212
331
213
332
214
333
215
334
216
335
217
336
218
337
219
338
220
339
221
340
222
341
223
342
224
343
225
344
226
345
227
346
228
347
229
348
230
349
231
350
232
351
233
352
234
353
235
354
236
355
237
356
238
357
239
358
359
241
360
27799
242
361
243
362
244
363
245
364
246
365
247
366
248
367
249
368
250
369
251
370
252
371
253
372
254
373
255
374
256
375
257
376
258
377
259
378
260
379
261
380
262
381
263
382
264
383
265
384
266
385
267
386
268
387
269
388
270
389
271
390
272
391
273
392
274
393
275
394
276
395
277
396
278
397
279
398
280
399
281
400
282
401
283
402
284
403
285
404
286
405
287
406
288
407
289
408
290
409
291
410
292
411
293
412
294
413
295
414
296
415
297
416
298
417
299
418
300
419
301
420
302
421
303
422
304
423
305
424
306
425
307
426
308
427
309
428
310
429
311
430
312
431
313
432
314
433
315
434
316
435
317
436
318
437
319
438
320
439
321
440
322
441
323
442
324
443
325
444
326
445
327
446
328
447
329
448
330
449
331
450
332
451
333
452
334
453
335
454
336
455
337
456
338
457
339
458
340
459
341
460
342
461
343
462
344
463
345
464
346
465
347
466
348
467
349
468
350
469
351
470
352
471
353
472
354
473
355
474
356
475
357
476
358
477
359
478
479
361
480
27798
362
481
363
482
364
483
365
484
366
485
367
486
368
487
369
488
370
489
371
490
372
491
373
492
374
493
375
494
376
495
377
496
378
497
379
498
380
499
381
500
382
501
383
502
384
503
385
504
386
505
387
506
388
507
389
508
390
509
391
510
392
511
393
512
394
513
395
514
396
515
397
516
398
517
399
518
400
519
401
520
402
521
403
522
404
523
405
524
406
525
407
526
408
527
409
528
410
529
411
530
412
531
413
532
414
533
415
534
416
535
417
536
418
537
419
538
420
539
421
540
422
541
423
542
424
543
425
544
426
545
427
546
428
547
429
548
430
549
431
550
432
551
433
552
434
553
435
554
436
555
437
556
438
557
439
558
440
559
441
560
442
561
443
562
444
563
445
564
446
565
447
566
448
567
449
568
450
569
451
570
452
571
453
572
454
573
455
574
456
575
457
576
458
577
459
578
460
579
461
580
462
581
463
582
464
583
465
584
466
585
467
586
468
587
469
588
470
589
471
590
472
591
473
592
474
593
475
594
476
595
477
596
478
597
479
598
599
481
600
27797
482
601
483
602
484
603
485
604
486
605
487
606
488
607
489
608
490
609
491
610
492
611
493
612
494
613
495
614
496
615
497
616
498
617
499
618
500
619
501
620
502
621
503
622
504
623
505
624
506
625
507
626
508
627
509
628
510
629
511
630
512
631
513
632
514
633
515
634
516
635
517
636
518
637
519
638
520
639
521
640
522
641
523
642
524
643
525
644
526
645
527
646
528
647
529
648
530
649
531
650
532
651
533
652
534
653
535
654
536
655
537
656
538
657
539
658
540
659
541
660
542
661
543
662
544
663
545
664
546
665
547
666
548
667
549
668
550
669
551
670
552
671
553
672
554
673
555
674
556
675
557
676
558
677
559
678
560
679
561
680
562
681
563
682
564
683
565
684
566
685
567
686
568
687
569
688
570
689
571
690
572
691
573
692
574
693
575
694
576
695
577
696
578
697
579
698
580
699
581
700
582
701
583
702
584
703
585
704
586
705
587
706
588
707
589
708
590
709
591
710
592
711
593
712
594
713
595
714
596
715
597
716
598
717
599
718
719
601
720
27796
602
721
603
722
604
723
605
724
606
725
607
726
608
727
609
728
610
729
611
730
612
731
613
732
614
733
615
734
616
735
617
736
618
737
619
738
620
739
621
740
622
741
623
742
624
743
625
744
626
745
627
746
628
747
629
748
630
749
631
750
632
751
633
752
634
753
635
754
636
755
637
756
638
757
639
758
640
759
641
760
642
761
643
762
644
763
645
764
646
765
647
766
648
767
649
768
650
769
651
770
652
771
653
772
654
773
655
774
656
775
657
776
658
777
659
778
660
779
661
780
662
781
663
782
664
783
665
784
666
785
667
786
668
787
669
788
670
789
671
790
672
791
673
792
674
793
675
794
676
795
677
796
678
797
679
798
680
799
681
800
682
801
683
802
684
803
685
804
686
805
687
806
688
807
689
808
690
809
691
810
692
811
693
812
694
813
695
814
696
815
697
816
698
817
699
818
700
819
701
820
702
821
703
822
704
823
705
824
706
825
707
826
708
827
709
828
710
829
711
830
712
831
713
832
714
833
715
834
716
835
717
836
718
837
719
838
839
721
840
27795
722
841
723
842
724
843
725
844
726
845
727
846
728
847
729
848
730
849
731
850
732
851
733
852
734
853
735
854
736
855
737
856
738
857
739
858
740
859
741
860
742
861
743
862
744
863
745
864
746
865
747
866
748
867
749
868
750
869
751
870
752
871
753
872
754
873
755
874
756
875
757
876
758
877
759
878
760
879
761
880
762
881
763
882
764
883
765
884
766
885
767
886
768
887
769
888
770
889
771
890
772
891
773
892
774
893
775
894
776
895
777
896
778
897
779
898
780
899
781
900
782
901
783
902
784
903
785
904
786
905
787
906
788
907
789
908
790
909
791
910
792
911
793
912
794
913
795
914
796
915
797
916
798
917
799
918
800
919
801
920
802
921
803
922
804
923
805
924
806
925
807
926
808
927
809
928
810
929
811
930
812
931
813
932
814
933
815
934
816
935
817
936
818
937
819
938
820
939
821
940
822
941
823
942
824
943
825
944
826
945
827
946
828
947
829
948
830
949
831
950
832
951
833
952
834
953
835
954
836
955
837
956
838
957
839
958
959
841
960
27794
842
961
843
962
844
963
845
964
846
965
847
966
848
967
849
968
850
969
851
970
852
971
853
972
854
973
855
974
856
975
857
976
858
977
859
978
860
979
861
980
862
981
863
982
864
983
865
984
866
985
867
986
868
987
869
988
870
989
871
990
872
991
873
992
874
993
875
994
876
995
877
996
878
997
879
998
880
999
881
1000
882
1001
883
1002
884
1003
885
1004
886
1005
887
1006
888
1007
889
1008
890
1009
891
1010
892
1011
893
1012
894
1013
895
1014
896
1015
897
1016
898
1017
899
1018
900
1019
901
1020
902
1021
903
1022
904
1023
905
1024
906
1025
907
1026
908
1027
909
1028
910
1029
911
1030
912
1031
913
1032
914
1033
915
1034
916
1035
917
1036
918
1037
919
1038
920
1039
921
1040
922
1041
923
1042
924
1043
925
1044
926
1045
927
1046
928
1047
929
1048
930
1049
931
1050
932
1051
933
1052
934
1053
935
1054
936
1055
937
1056
938
1057
939
1058
940
1059
941
1060
942
1061
943
1062
944
1063
945
1064
946
1065
947
1066
948
1067
949
1068
950
1069
951
1070
952
1071
953
1072
954
1073
955
1074
956
1075
957
1076
958
1077
959
1078
1079
961
1080
27793
962
1081
963
1082
964
1083
965
1084
966
1085
967
1086
968
1087
969
1088
970
1089
971
1090
972
1091
973
1092
974
1093
975
1094
976
1095
977
1096
978
1097
979
1098
980
1099
981
1100
982
1101
983
1102
984
1103
985
1104
986
1105
987
1106
988
1107
989
1108
990
1109
991
1110
992
1111
993
1112
994
1113
995
1114
996
1115
997
1116
998
1117
999
1118
1000
1119
1001
1120
1002
1121
1003
1122
1004
1123
1005
1124
1006
1125
1007
1126
1008
1127
1009
1128
1010
1129
1011
1130
1012
1131
1013
1132
1014
1133
1015
1134
1016
1135
1017
1136
1018
1137
1019
1138
1020
1139
1021
1140
1022
1141
1023
1142
1024
1143
1025
1144
1026
1145
1027
1146
1028
1147
1029
1148
1030
1149
1031
1150
1032
1151
1033
1152
1034
1153
1035
1154
1036
1155
1037
1156
1038
1157
1039
1158
1040
1159
1041
1160
1042
1161
1043
1162
1044
1163
1045
1164
1046
1165
1047
1166
1048
1167
1049
1168
1050
1169
1051
1170
1052
1171
1053
1172
1054
1173
1055
1174
1056
1175
1057
1176
1058
1177
1059
1178
1060
1179
1061
1180
1062
1181
1063
1182
1064
1183
1065
1184
1066
1185
1067
1186
1068
1187
1069
1188
1070
1189
1071
1190
1072
1191
1073
1192
1074
1193
1075
1194
1076
1195
1077
1196
1078
1197
1079
1198
1199
1081
1200
27792
1082
1201
1083
1202
1084
1203
1085
1204
1086
1205
1087
1206
1088
1207
1089
1208
1090
1209
1091
1210
1092
1211
1093
1212
1094
1213
1095
1214
1096
1215
1097
1216
1098
1217
1099
1218
1100
1219
1101
1220
1102
1221
1103
1222
1104
1223
1105
1224
1106
1225
1107
1226
1108
1227
1109
1228
1110
1229
1111
1230
1112
1231
1113
1232
1114
1233
1115
1234
1116
1235
1117
1236
1118
1237
1119
1238
1120
1239
1121
1240
1122
1241
1123
1242
1124
1243
1125
1244
1126
1245
1127
1246
1128
1247
1129
1248
1130
1249
1131
1250
1132
1251
1133
1252
1134
1253
1135
1254
1136
1255
1137
1256
1138
1257
1139
1258
1140
1259
1141
1260
1142
1261
1143
1262
1144
1263
1145
1264
1146
1265
1147
1266
1148
1267
1149
1268
1150
1269
1151
1270
1152
1271
1153
1272
1154
1273
1155
1274
1156
1275
1157
1276
1158
1277
1159
1278
1160
1279
1161
1280
1162
1281
1163
1282
1164
1283
1165
1284
1166
1285
1167
1286
1168
1287
1169
1288
1170
1289
1171
1290
1172
1291
1173
1292
1174
1293
1175
1294
1176
1295
1177
1296
1178
1297
1179
1298
1180
1299
1181
1300
1182
1301
1183
1302
1184
1303
1185
1304
1186
1305
1187
1306
1188
1307
1189
1308
1190
1309
1191
1310
1192
1311
1193
1312
1194
1313
1195
1314
1196
1315
1197
1316
1198
1317
1199
1318
1319
1201
1320
27791
1202
1321
1203
1322
1204
1323
1205
1324
1206
1325
1207
1326
1208
1327
1209
1328
1210
1329
1211
1330
1212
1331
1213
1332
1214
1333
1215
1334
1216
1335
1217
1336
1218
1337
1219
1338
1220
1339
1221
1340
1222
1341
1223
1342
1224
1343
1225
1344
1226
1345
1227
1346
1228
1347
1229
1348
1230
1349
1231
1350
1232
1351
1233
1352
1234
1353
1235
1354
1236
1355
1237
1356
1238
1357
1239
1358
1240
1359
1241
1360
1242
1361
1243
1362
1244
1363
1245
1364
1246
1365
1247
1366
1248
1367
1249
1368
1250
1369
1251
1370
1252
1371
1253
1372
1254
1373
1255
1374
1256
1375
1257
1376
1258
1377
1259
1378
1260
1379
1261
1380
1262
1381
1263
1382
1264
1383
1265
1384
1266
1385
1267
1386
1268
1387
1269
1388
1270
1389
1271
1390
1272
1391
1273
1392
1274
1393
1275
1394
1276
1395
1277
1396
1278
1397
1279
1398
1280
1399
1281
1400
1282
1401
1283
1402
1284
1403
1285
1404
1286
1405
1287
1406
1288
1407
1289
1408
1290
1409
1291
1410
1292
1411
1293
1412
1294
1413
1295
1414
1296
1415
1297
1416
1298
1417
1299
1418
1300
1419
1301
1420
1302
1421
1303
1422
1304
1423
1305
1424
1306
1425
1307
1426
1308
1427
1309
1428
1310
1429
1311
1430
1312
1431
1313
1432
1314
1433
1315
1434
1316
1435
1317
1436
1318
1437
1319
1438
1439
1321
1440
27790
1322
1441
1323
1442
1324
1443
1325
1444
1326
1445
1327
1446
1328
1447
1329
1448
1330
1449
1331
1450
1332
1451
1333
1452
1334
1453
1335
1454
1336
1455
1337
1456
1338
1457
1339
1458
1340
1459
1341
1460
1342
1461
1343
1462
1344
1463
1345
1464
1346
1465
1347
1466
1348
1467
1349
1468
1350
1469
1351
1470
1352
1471
1353
1472
1354
1473
1355
1474
1356
1475
1357
1476
1358
1477
1359
1478
1360
1479
1361
1480
1362
1481
1363
1482
1364
1483
1365
1484
1366
1485
1367
1486
1368
1487
1369
1488
1370
1489
1371
1490
1372
1491
1373
1492
1374
1493
1375
1494
1376
1495
1377
1496
1378
1497
1379
1498
1380
1499
1381
1500
1382
1501
1383
1502
1384
1503
1385
1504
1386
1505
1387
1506
1388
1507
1389
1508
1390
1509
1391
1510
1392
1511
1393
1512
1394
1513
1395
1514
1396
1515
1397
1516
1398
1517
1399
1518
1400
1519
1401
1520
1402
1521
1403
1522
1404
1523
1405
1524
1406
1525
1407
1526
1408
1527
1409
1528
1410
1529
1411
1530
1412
1531
1413
1532
1414
1533
1415
1534
1416
1535
1417
1536
1418
1537
1419
1538
1420
1539
1421
1540
1422
1541
1423
1542
1424
1543
1425
1544
1426
1545
1427
1546
1428
1547
1429
1548
1430
1549
1431
1550
1432
1551
1433
1552
1434
1553
1435
1554
1436
1555
1437
1556
1438
1557
1439
1558
1559
1441
1560
27789
1442
1561
1443
1562
1444
1563
1445
1564
1446
1565
1447
1566
1448
1567
1449
1568
1450
1569
1451
1570
1452
1571
1453
1572
1454
1573
1455
1574
1456
1575
1457
1576
1458
1577
1459
1578
1460
1579
1461
1580
1462
1581
1463
1582
1464
1583
1465
1584
1466
1585
1467
1586
1468
1587
1469
1588
1470
1589
1471
1590
1472
1591
1473
1592
1474
1593
1475
1594
1476
1595
1477
1596
1478
1597
1479
1598
1480
1599
1481
1600
1482
1601
1483
1602
1484
1603
1485
1604
1486
1605
1487
1606
1488
1607
1489
1608
1490
1609
1491
1610
1492
1611
1493
1612
1494
1613
1495
1614
1496
1615
1497
1616
1498
1617
1499
1618
1500
1619
1501
1620
1502
1621
1503
1622
1504
1623
1505
1624
1506
1625
1507
1626
1508
1627
1509
1628
1510
1629
1511
1630
1512
1631
1513
1632
1514
1633
1515
1634
1516
1635
1517
1636
1518
1637
1519
1638
1520
1639
1521
1640
1522
1641
1523
1642
1524
1643
1525
1644
1526
1645
1527
1646
1528
1647
1529
1648
1530
1649
1531
1650
1532
1651
1533
1652
1534
1653
1535
1654
1536
1655
1537
1656
1538
1657
1539
1658
1540
1659
1541
1660
1542
1661
1543
1662
1544
1663
1545
1664
1546
1665
1547
1666
1548
1667
1549
1668
1550
1669
1551
1670
1552
1671
1553
1672
1554
1673
1555
1674
1556
1675
1557
1676
1558
1677
1559
1678
1679
1561
1680
27788
1562
1681
1563
1682
1564
1683
1565
1684
1566
1685
1567
1686
1568
1687
1569
1688
1570
1689
1571
1690
1572
1691
1573
1692
1574
1693
1575
1694
1576
1695
1577
1696
1578
1697
1579
1698
1580
1699
1581
1700
1582
1701
1583
1702
1584
1703
1585
1704
1586
1705
1587
1706
1588
1707
1589
1708
1590
1709
1591
1710
1592
1711
1593
1712
1594
1713
1595
1714
1596
1715
1597
1716
1598
1717
1599
1718
1600
1719
1601
1720
1602
1721
1603
1722
1604
1723
1605
1724
1606
1725
1607
1726
1608
1727
1609
1728
1610
1729
1611
1730
1612
1731
1613
1732
1614
1733
1615
1734
1616
1735
1617
1736
1618
1737
1619
1738
1620
1739
1621
1740
1622
1741
1623
1742
1624
1743
1625
1744
1626
1745
1627
1746
1628
1747
1629
1748
1630
1749
1631
1750
1632
1751
1633
1752
1634
1753
1635
1754
1636
1755
1637
1756
1638
1757
1639
1758
1640
1759
1641
1760
1642
1761
1643
1762
1644
1763
1645
1764
1646
1765
1647
1766
1648
1767
1649
1768
1650
1769
1651
1770
1652
1771
1653
1772
1654
1773
1655
1774
1656
1775
1657
1776
1658
1777
1659
1778
1660
1779
1661
1780
1662
1781
1663
1782
1664
1783
1665
1784
1666
1785
1667
1786
1668
1787
1669
1788
1670
1789
1671
1790
1672
1791
1673
1792
1674
1793
1675
1794
1676
1795
1677
1796
1678
1797
1679
1798
1799
1681
1800
27787
1682
1801
1683
1802
1684
1803
1685
1804
1686
1805
1687
1806
1688
1807
1689
1808
1690
1809
1691
1810
1692
1811
1693
1812
1694
1813
1695
1814
1696
1815
1697
1816
1698
1817
1699
1818
1700
1819
1701
1820
1702
1821
1703
1822
1704
1823
1705
1824
1706
1825
1707
1826
1708
1827
1709
1828
1710
1829
1711
1830
1712
1831
1713
1832
1714
1833
1715
1834
1716
1835
1717
1836
1718
1837
1719
1838
1720
1839
1721
1840
1722
1841
1723
1842
1724
1843
1725
1844
1726
1845
1727
1846
1728
1847
1729
1848
1730
1849
1731
1850
1732
1851
1733
1852
1734
1853
1735
1854
1736
1855
1737
1856
1738
1857
1739
1858
1740
1859
1741
1860
1742
1861
1743
1862
1744
1863
1745
1864
1746
1865
1747
1866
1748
1867
1749
1868
1750
1869
1751
1870
1752
1871
1753
1872
1754
1873
1755
1874
1756
1875
1757
1876
1758
1877
1759
1878
1760
1879
1761
1880
1762
1881
1763
1882
1764
1883
1765
1884
1766
1885
1767
1886
1768
1887
1769
1888
1770
1889
1771
1890
1772
1891
1773
1892
1774
1893
1775
1894
1776
1895
1777
1896
1778
1897
1779
1898
1780
1899
1781
1900
1782
1901
1783
1902
1784
1903
1785
1904
1786
1905
1787
1906
1788
1907
1789
1908
1790
1909
1791
1910
1792
1911
1793
1912
1794
1913
1795
1914
1796
1915
1797
1916
1798
1917
1799
1918
1919
1801
1920
27786
1802
1921
1803
1922
1804
1923
1805
1924
1806
1925
1807
1926
1808
1927
1809
1928
1810
1929
1811
1930
1812
1931
1813
1932
1814
1933
1815
1934
1816
1935
1817
1936
1818
1937
1819
1938
1820
1939
1821
1940
1822
1941
1823
1942
1824
1943
1825
1944
1826
1945
1827
1946
1828
1947
1829
1948
1830
1949
1831
1950
1832
1951
1833
1952
1834
1953
1835
1954
1836
1955
1837
1956
1838
1957
1839
1958
1840
1959
1841
1960
1842
1961
1843
1962
1844
1963
1845
1964
1846
1965
1847
1966
1848
1967
1849
1968
1850
1969
1851
1970
1852
1971
1853
1972
1854
1973
1855
1974
1856
1975
1857
1976
1858
1977
1859
1978
1860
1979
1861
1980
1862
1981
1863
1982
1864
1983
1865
1984
1866
1985
1867
1986
1868
1987
1869
1988
1870
1989
1871
1990
1872
1991
1873
1992
1874
1993
1875
1994
1876
1995
1877
1996
1878
1997
1879
1998
1880
1999
1881
2000
1882
2001
1883
2002
1884
2003
1885
2004
1886
2005
1887
2006
1888
2007
1889
2008
1890
2009
1891
2010
1892
2011
1893
2012
1894
2013
1895
2014
1896
2015
1897
2016
1898
2017
1899
2018
1900
2019
1901
2020
1902
2021
1903
2022
1904
2023
1905
2024
1906
2025
1907
2026
1908
2027
1909
2028
1910
2029
1911
2030
1912
2031
1913
2032
1914
2033
1915
2034
1916
2035
1917
2036
1918
2037
1919
2038
2039
1921
2040
27785
1922
2041
1923
2042
1924
2043
1925
2044
1926
2045
1927
2046
1928
2047
1929
2048
1930
2049
1931
2050
1932
2051
1933
2052
1934
2053
1935
2054
1936
2055
1937
2056
1938
2057
1939
2058
1940
2059
1941
2060
1942
2061
1943
2062
1944
2063
1945
2064
1946
2065
1947
2066
1948
2067
1949
2068
1950
2069
1951
2070
1952
2071
1953
2072
1954
2073
1955
2074
1956
2075
1957
2076
1958
2077
1959
2078
1960
2079
1961
2080
1962
2081
1963
2082
1964
2083
1965
2084
1966
2085
1967
2086
1968
2087
1969
2088
1970
2089
1971
2090
1972
2091
1973
2092
1974
2093
1975
2094
1976
2095
1977
2096
1978
2097
1979
2098
1980
2099
1981
2100
1982
2101
1983
2102
1984
2103
1985
2104
1986
2105
1987
2106
1988
2107
1989
2108
1990
2109
1991
2110
1992
2111
1993
2112
1994
2113
1995
2114
1996
2115
1997
2116
1998
2117
1999
2118
2000
2119
2001
2120
2002
2121
2003
2122
2004
2123
2005
2124
2006
2125
2007
2126
2008
2127
2009
2128
2010
2129
2011
2130
2012
2131
2013
2132
2014
2133
2015
2134
2016
2135
2017
2136
2018
2137
2019
2138
2020
2139
2021
2140
2022
2141
2023
2142
2024
2143
2025
2144
2026
2145
2027
2146
2028
2147
2029
2148
2030
2149
2031
2150
2032
2151
2033
2152
2034
2153
2035
2154
2036
2155
2037
2156
2038
2157
2039
2158
2159
2041
2160
27784
2042
2161
2043
2162
2044
2163
2045
2164
2046
2165
2047
2166
2048
2167
2049
2168
2050
2169
2051
2170
2052
2171
2053
2172
2054
2173
2055
2174
2056
2175
2057
2176
2058
2177
2059
2178
2060
2179
2061
2180
2062
2181
2063
2182
2064
2183
2065
2184
2066
2185
2067
2186
2068
2187
2069
2188
2070
2189
2071
2190
2072
2191
2073
2192
2074
2193
2075
2194
2076
2195
2077
2196
2078
2197
2079
2198
2080
2199
2081
2200
2082
2201
2083
2202
2084
2203
2085
2204
2086
2205
2087
2206
2088
2207
2089
2208
2090
2209
2091
2210
2092
2211
2093
2212
2094
2213
2095
2214
2096
2215
2097
2216
2098
2217
2099
2218
2100
2219
2101
2220
2102
2221
2103
2222
2104
2223
2105
2224
2106
2225
2107
2226
2108
2227
2109
2228
2110
2229
2111
2230
2112
2231
2113
2232
2114
2233
2115
2234
2116
2235
2117
2236
2118
2237
2119
2238
2120
2239
2121
2240
2122
2241
2123
2242
2124
2243
2125
2244
2126
2245
2127
2246
2128
2247
2129
2248
2130
2249
2131
2250
2132
2251
2133
2252
2134
2253
2135
2254
2136
2255
2137
2256
2138
2257
2139
2258
2140
2259
2141
2260
2142
2261
2143
2262
2144
2263
2145
2264
2146
2265
2147
2266
2148
2267
2149
2268
2150
2269
2151
2270
2152
2271
2153
2272
2154
2273
2155
2274
2156
2275
2157
2276
2158
2277
2159
2278
2279
2161
2280
27783
2162
2281
2163
2282
2164
2283
2165
2284
2166
2285
2167
2286
2168
2287
2169
2288
2170
2289
2171
2290
2172
2291
2173
2292
2174
2293
2175
2294
2176
2295
2177
2296
2178
2297
2179
2298
2180
2299
2181
2300
2182
2301
2183
2302
2184
2303
2185
2304
2186
2305
2187
2306
2188
2307
2189
2308
2190
2309
2191
2310
2192
2311
2193
2312
2194
2313
2195
2314
2196
2315
2197
2316
2198
2317
2199
2318
2200
2319
2201
2320
2202
2321
2203
2322
2204
2323
2205
2324
2206
2325
2207
2326
2208
2327
2209
2328
2210
2329
2211
2330
2212
2331
2213
2332
2214
2333
2215
2334
2216
2335
2217
2336
2218
2337
2219
2338
2220
2339
2221
2340
2222
2341
2223
2342
2224
2343
2225
2344
2226
2345
2227
2346
2228
2347
2229
2348
2230
2349
2231
2350
2232
2351
2233
2352
2234
2353
2235
2354
2236
2355
2237
2356
2238
2357
2239
2358
2240
2359
2241
2360
2242
2361
2243
2362
2244
2363
2245
2364
2246
2365
2247
2366
2248
2367
2249
2368
2250
2369
2251
2370
2252
2371
2253
2372
2254
2373
2255
2374
2256
2375
2257
2376
2258
2377
2259
2378
2260
2379
2261
2380
2262
2381
2263
2382
2264
2383
2265
2384
2266
2385
2267
2386
2268
2387
2269
2388
2270
2389
2271
2390
2272
2391
2273
2392
2274
2393
2275
2394
2276
2395
2277
2396
2278
2397
2279
2398
2399
2281
2400
27782
2282
2401
2283
2402
2284
2403
2285
2404
2286
2405
2287
2406
2288
2407
2289
2408
2290
2409
2291
2410
2292
2411
2293
2412
2294
2413
2295
2414
2296
2415
2297
2416
2298
2417
2299
2418
2300
2419
2301
2420
2302
2421
2303
2422
2304
2423
2305
2424
2306
2425
2307
2426
2308
2427
2309
2428
2310
2429
2311
2430
2312
2431
2313
2432
2314
2433
2315
2434
2316
2435
2317
2436
2318
2437
2319
2438
2320
2439
2321
2440
2322
2441
2323
2442
2324
2443
2325
2444
2326
2445
2327
2446
2328
2447
2329
2448
2330
2449
2331
2450
2332
2451
2333
2452
2334
2453
2335
2454
2336
2455
2337
2456
2338
2457
2339
2458
2340
2459
2341
2460
2342
2461
2343
2462
2344
2463
2345
2464
2346
2465
2347
2466
2348
2467
2349
2468
2350
2469
2351
2470
2352
2471
2353
2472
2354
2473
2355
2474
2356
2475
2357
2476
2358
2477
2359
2478
2360
2479
2361
2480
2362
2481
2363
2482
2364
2483
2365
2484
2366
2485
2367
2486
2368
2487
2369
2488
2370
2489
2371
2490
2372
2491
2373
2492
2374
2493
2375
2494
2376
2495
2377
2496
2378
2497
2379
2498
2380
2499
2381
2500
2382
2501
2383
2502
2384
2503
2385
2504
2386
2505
2387
2506
2388
2507
2389
2508
2390
2509
2391
2510
2392
2511
2393
2512
2394
2513
2395
2514
2396
2515
2397
2516
2398
2517
2399
2518
2519
2401
2520
27781
2402
2521
2403
2522
2404
2523
2405
2524
2406
2525
2407
2526
2408
2527
2409
2528
2410
2529
2411
2530
2412
2531
2413
2532
2414
2533
2415
2534
2416
2535
2417
2536
2418
2537
2419
2538
2420
2539
2421
2540
2422
2541
2423
2542
2424
2543
2425
2544
2426
2545
2427
2546
2428
2547
2429
2548
2430
2549
2431
2550
2432
2551
2433
2552
2434
2553
2435
2554
2436
2555
2437
2556
2438
2557
2439
2558
2440
2559
2441
2560
2442
2561
2443
2562
2444
2563
2445
2564
2446
2565
2447
2566
2448
2567
2449
2568
2450
2569
2451
2570
2452
2571
2453
2572
2454
2573
2455
2574
2456
2575
2457
2576
2458
2577
2459
2578
2460
2579
2461
2580
2462
2581
2463
2582
2464
2583
2465
2584
2466
2585
2467
2586
2468
2587
2469
2588
2470
2589
2471
2590
2472
2591
2473
2592
2474
2593
2475
2594
2476
2595
2477
2596
2478
2597
2479
2598
2480
2599
2481
2600
2482
2601
2483
2602
2484
2603
2485
2604
2486
2605
2487
2606
2488
2607
2489
2608
2490
2609
2491
2610
2492
2611
2493
2612
2494
2613
2495
2614
2496
2615
2497
2616
2498
2617
2499
2618
2500
2619
2501
2620
2502
2621
2503
2622
2504
2623
2505
2624
2506
2625
2507
2626
2508
2627
2509
2628
2510
2629
2511
2630
2512
2631
2513
2632
2514
2633
2515
2634
2516
2635
2517
2636
2518
2637
2519
2638
2639
2521
2640
27780
2522
2641
2523
2642
2524
2643
2525
2644
2526
2645
2527
2646
2528
2647
2529
2648
2530
2649
2531
2650
2532
2651
2533
2652
2534
2653
2535
2654
2536
2655
2537
2656
2538
2657
2539
2658
2540
2659
2541
2660
2542
2661
2543
2662
2544
2663
2545
2664
2546
2665
2547
2666
2548
2667
2549
2668
2550
2669
2551
2670
2552
2671
2553
2672
2554
2673
2555
2674
2556
2675
2557
2676
2558
2677
2559
2678
2560
2679
2561
2680
2562
2681
2563
2682
2564
2683
2565
2684
2566
2685
2567
2686
2568
2687
2569
2688
2570
2689
2571
2690
2572
2691
2573
2692
2574
2693
2575
2694
2576
2695
2577
2696
2578
2697
2579
2698
2580
2699
2581
2700
2582
2701
2583
2702
2584
2703
2585
2704
2586
2705
2587
2706
2588
2707
2589
2708
2590
2709
2591
2710
2592
2711
2593
2712
2594
2713
2595
2714
2596
2715
2597
2716
2598
2717
2599
2718
2600
2719
2601
2720
2602
2721
2603
2722
2604
2723
2605
2724
2606
2725
2607
2726
2608
2727
2609
2728
2610
2729
2611
2730
2612
2731
2613
2732
2614
2733
2615
2734
2616
2735
2617
2736
2618
2737
2619
2738
2620
2739
2621
2740
2622
2741
2623
2742
2624
2743
2625
2744
2626
2745
2627
2746
2628
2747
2629
2748
2630
2749
2631
2750
2632
2751
2633
2752
2634
2753
2635
2754
2636
2755
2637
2756
2638
2757
2639
2758
2759
2641
2760
27779
2642
2761
2643
2762
2644
2763
2645
2764
2646
2765
2647
2766
2648
2767
2649
2768
2650
2769
2651
2770
2652
2771
2653
2772
2654
2773
2655
2774
2656
2775
2657
2776
2658
2777
2659
2778
2660
2779
2661
2780
2662
2781
2663
2782
2664
2783
2665
2784
2666
2785
2667
2786
2668
2787
2669
2788
2670
2789
2671
2790
2672
2791
2673
2792
2674
2793
2675
2794
2676
2795
2677
2796
2678
2797
2679
2798
2680
2799
2681
2800
2682
2801
2683
2802
2684
2803
2685
2804
2686
2805
2687
2806
2688
2807
2689
2808
2690
2809
2691
2810
2692
2811
2693
2812
2694
2813
2695
2814
2696
2815
2697
2816
2698
2817
2699
2818
2700
2819
2701
2820
2702
2821
2703
2822
2704
2823
2705
2824
2706
2825
2707
2826
2708
2827
2709
2828
2710
2829
2711
2830
2712
2831
2713
2832
2714
2833
2715
2834
2716
2835
2717
2836
2718
2837
2719
2838
2720
2839
2721
2840
2722
2841
2723
2842
2724
2843
2725
2844
2726
2845
2727
2846
2728
2847
2729
2848
2730
2849
2731
2850
2732
2851
2733
2852
2734
2853
2735
2854
2736
2855
2737
2856
2738
2857
2739
2858
2740
2859
2741
2860
2742
2861
2743
2862
2744
2863
2745
2864
2746
2865
2747
2866
2748
2867
2749
2868
2750
2869
2751
2870
2752
2871
2753
2872
2754
2873
2755
2874
2756
2875
2757
2876
2758
2877
2759
2878
2879
2761
2880
27778
2762
2881
2763
2882
2764
2883
2765
2884
2766
2885
2767
2886
2768
2887
2769
2888
2770
2889
2771
2890
2772
2891
2773
2892
2774
2893
2775
2894
2776
2895
2777
2896
2778
2897
2779
2898
2780
2899
2781
2900
2782
2901
2783
2902
2784
2903
2785
2904
2786
2905
2787
2906
2788
2907
2789
2908
2790
2909
2791
2910
2792
2911
2793
2912
2794
2913
2795
2914
2796
2915
2797
2916
2798
2917
2799
2918
2800
2919
2801
2920
2802
2921
2803
2922
2804
2923
2805
2924
2806
2925
2807
2926
2808
2927
2809
2928
2810
2929
2811
2930
2812
2931
2813
2932
2814
2933
2815
2934
2816
2935
2817
2936
2818
2937
2819
2938
2820
2939
2821
2940
2822
2941
2823
2942
2824
2943
2825
2944
2826
2945
2827
2946
2828
2947
2829
2948
2830
2949
2831
2950
2832
2951
2833
2952
2834
2953
2835
2954
2836
2955
2837
2956
2838
2957
2839
2958
2840
2959
2841
2960
2842
2961
2843
2962
2844
2963
2845
2964
2846
2965
2847
2966
2848
2967
2849
2968
2850
2969
2851
2970
2852
2971
2853
2972
2854
2973
2855
2974
2856
2975
2857
2976
2858
2977
2859
2978
2860
2979
2861
2980
2862
2981
2863
2982
2864
2983
2865
2984
2866
2985
2867
2986
2868
2987
2869
2988
2870
2989
2871
2990
2872
2991
2873
2992
2874
2993
2875
2994
2876
2995
2877
2996
2878
2997
2879
2998
2999
2881
3000
27777
2882
3001
2883
3002
2884
3003
2885
3004
2886
3005
2887
3006
2888
3007
2889
3008
2890
3009
2891
3010
2892
3011
2893
3012
2894
3013
2895
3014
2896
3015
2897
3016
2898
3017
2899
3018
2900
3019
2901
3020
2902
3021
2903
3022
2904
3023
2905
3024
2906
3025
2907
3026
2908
3027
2909
3028
2910
3029
2911
3030
2912
3031
2913
3032
2914
3033
2915
3034
2916
3035
2917
3036
2918
3037
2919
3038
2920
3039
2921
3040
2922
3041
2923
3042
2924
3043
2925
3044
2926
3045
2927
3046
2928
3047
2929
3048
2930
3049
2931
3050
2932
3051
2933
3052
2934
3053
2935
3054
2936
3055
2937
3056
2938
3057
2939
3058
2940
3059
2941
3060
2942
3061
2943
3062
2944
3063
2945
3064
2946
3065
2947
3066
2948
3067
2949
3068
2950
3069
2951
3070
2952
3071
2953
3072
2954
3073
2955
3074
2956
3075
2957
3076
2958
3077
2959
3078
2960
3079
2961
3080
2962
3081
2963
3082
2964
3083
2965
3084
2966
3085
2967
3086
2968
3087
2969
3088
2970
3089
2971
3090
2972
3091
2973
3092
2974
3093
2975
3094
2976
3095
2977
3096
2978
3097
2979
3098
2980
3099
2981
3100
2982
3101
2983
3102
2984
3103
2985
3104
2986
3105
2987
3106
2988
3107
2989
3108
2990
3109
2991
3110
2992
3111
2993
3112
2994
3113
2995
3114
2996
3115
2997
3116
2998
3117
2999
3118
3119
3001
3120
27776
3002
3121
3003
3122
3004
3123
3005
3124
3006
3125
3007
3126
3008
3127
3009
3128
3010
3129
3011
3130
3012
3131
3013
3132
3014
3133
3015
3134
3016
3135
3017
3136
3018
3137
3019
3138
3020
3139
3021
3140
3022
3141
3023
3142
3024
3143
3025
3144
3026
3145
3027
3146
3028
3147
3029
3148
3030
3149
3031
3150
3032
3151
3033
3152
3034
3153
3035
3154
3036
3155
3037
3156
3038
3157
3039
3158
3040
3159
3041
3160
3042
3161
3043
3162
3044
3163
3045
3164
3046
3165
3047
3166
3048
3167
3049
3168
3050
3169
3051
3170
3052
3171
3053
3172
3054
3173
3055
3174
3056
3175
3057
3176
3058
3177
3059
3178
3060
3179
3061
3180
3062
3181
3063
3182
3064
3183
3065
3184
3066
3185
3067
3186
3068
3187
3069
3188
3070
3189
3071
3190
3072
3191
3073
3192
3074
3193
3075
3194
3076
3195
3077
3196
3078
3197
3079
3198
3080
3199
3081
3200
3082
3201
3083
3202
3084
3203
3085
3204
3086
3205
3087
3206
3088
3207
3089
3208
3090
3209
3091
3210
3092
3211
3093
3212
3094
3213
3095
3214
3096
3215
3097
3216
3098
3217
3099
3218
3100
3219
3101
3220
3102
3221
3103
3222
3104
3223
3105
3224
3106
3225
3107
3226
3108
3227
3109
3228
3110
3229
3111
3230
3112
3231
3113
3232
3114
3233
3115
3234
3116
3235
3117
3236
3118
3237
3119
3238
3239
3121
3240
27775
3122
3241
3123
3242
3124
3243
3125
3244
3126
3245
3127
3246
3128
3247
3129
3248
3130
3249
3131
3250
3132
3251
3133
3252
3134
3253
3135
3254
3136
3255
3137
3256
3138
3257
3139
3258
3140
3259
3141
3260
3142
3261
3143
3262
3144
3263
3145
3264
3146
3265
3147
3266
3148
3267
3149
3268
3150
3269
3151
3270
3152
3271
3153
3272
3154
3273
3155
3274
3156
3275
3157
3276
3158
3277
3159
3278
3160
3279
3161
3280
3162
3281
3163
3282
3164
3283
3165
3284
3166
3285
3167
3286
3168
3287
3169
3288
3170
3289
3171
3290
3172
3291
3173
3292
3174
3293
3175
3294
3176
3295
3177
3296
3178
3297
3179
3298
3180
3299
3181
3300
3182
3301
3183
3302
3184
3303
3185
3304
3186
3305
3187
3306
3188
3307
3189
3308
3190
3309
3191
3310
3192
3311
3193
3312
3194
3313
3195
3314
3196
3315
3197
3316
3198
3317
3199
3318
3200
3319
3201
3320
3202
3321
3203
3322
3204
3323
3205
3324
3206
3325
3207
3326
3208
3327
3209
3328
3210
3329
3211
3330
3212
3331
3213
3332
3214
3333
3215
3334
3216
3335
3217
3336
3218
3337
3219
3338
3220
3339
3221
3340
3222
3341
3223
3342
3224
3343
3225
3344
3226
3345
3227
3346
3228
3347
3229
3348
3230
3349
3231
3350
3232
3351
3233
3352
3234
3353
3235
3354
3236
3355
3237
3356
3238
3357
3239
3358
3359
3241
3360
27774
3242
3361
3243
3362
3244
3363
3245
3364
3246
3365
3247
3366
3248
3367
3249
3368
3250
3369
3251
3370
3252
3371
3253
3372
3254
3373
3255
3374
3256
3375
3257
3376
3258
3377
3259
3378
3260
3379
3261
3380
3262
3381
3263
3382
3264
3383
3265
3384
3266
3385
3267
3386
3268
3387
3269
3388
3270
3389
3271
3390
3272
3391
3273
3392
3274
3393
3275
3394
3276
3395
3277
3396
3278
3397
3279
3398
3280
3399
3281
3400
3282
3401
3283
3402
3284
3403
3285
3404
3286
3405
3287
3406
3288
3407
3289
3408
3290
3409
3291
3410
3292
3411
3293
3412
3294
3413
3295
3414
3296
3415
3297
3416
3298
3417
3299
3418
3300
3419
3301
3420
3302
3421
3303
3422
3304
3423
3305
3424
3306
3425
3307
3426
3308
3427
3309
3428
3310
3429
3311
3430
3312
3431
3313
3432
3314
3433
3315
3434
3316
3435
3317
3436
3318
3437
3319
3438
3320
3439
3321
3440
3322
3441
3323
3442
3324
3443
3325
3444
3326
3445
3327
3446
3328
3447
3329
3448
3330
3449
3331
3450
3332
3451
3333
3452
3334
3453
3335
3454
3336
3455
3337
3456
3338
3457
3339
3458
3340
3459
3341
3460
3342
3461
3343
3462
3344
3463
3345
3464
3346
3465
3347
3466
3348
3467
3349
3468
3350
3469
3351
3470
3352
3471
3353
3472
3354
3473
3355
3474
3356
3475
3357
3476
3358
3477
3359
3478
3479
3361
3480
27773
3362
3481
3363
3482
3364
3483
3365
3484
3366
3485
3367
3486
3368
3487
3369
3488
3370
3489
3371
3490
3372
3491
3373
3492
3374
3493
3375
3494
3376
3495
3377
3496
3378
3497
3379
3498
3380
3499
3381
3500
3382
3501
3383
3502
3384
3503
3385
3504
3386
3505
3387
3506
3388
3507
3389
3508
3390
3509
3391
3510
3392
3511
3393
3512
3394
3513
3395
3514
3396
3515
3397
3516
3398
3517
3399
3518
3400
3519
3401
3520
3402
3521
3403
3522
3404
3523
3405
3524
3406
3525
3407
3526
3408
3527
3409
3528
3410
3529
3411
3530
3412
3531
3413
3532
3414
3533
3415
3534
3416
3535
3417
3536
3418
3537
3419
3538
3420
3539
3421
3540
3422
3541
3423
3542
3424
3543
3425
3544
3426
3545
3427
3546
3428
3547
3429
3548
3430
3549
3431
3550
3432
3551
3433
3552
3434
3553
3435
3554
3436
3555
3437
3556
3438
3557
3439
3558
3440
3559
3441
3560
3442
3561
3443
3562
3444
3563
3445
3564
3446
3565
3447
3566
3448
3567
3449
3568
3450
3569
3451
3570
3452
3571
3453
3572
3454
3573
3455
3574
3456
3575
3457
3576
3458
3577
3459
3578
3460
3579
3461
3580
3462
3581
3463
3582
3464
3583
3465
3584
3466
3585
3467
3586
3468
3587
3469
3588
3470
3589
3471
3590
3472
3591
3473
3592
3474
3593
3475
3594
3476
3595
3477
3596
3478
3597
3479
3598
3599
3481
3600
27772
3482
3601
3483
3602
3484
3603
3485
3604
3486
3605
3487
3606
3488
3607
3489
3608
3490
3609
3491
3610
3492
3611
3493
3612
3494
3613
3495
3614
3496
3615
3497
3616
3498
3617
3499
3618
3500
3619
3501
3620
3502
3621
3503
3622
3504
3623
3505
3624
3506
3625
3507
3626
3508
3627
3509
3628
3510
3629
3511
3630
3512
3631
3513
3632
3514
3633
3515
3634
3516
3635
3517
3636
3518
3637
3519
3638
3520
3639
3521
3640
3522
3641
3523
3642
3524
3643
3525
3644
3526
3645
3527
3646
3528
3647
3529
3648
3530
3649
3531
3650
3532
3651
3533
3652
3534
3653
3535
3654
3536
3655
3537
3656
3538
3657
3539
3658
3540
3659
3541
3660
3542
3661
3543
3662
3544
3663
3545
3664
3546
3665
3547
3666
3548
3667
3549
3668
3550
3669
3551
3670
3552
3671
3553
3672
3554
3673
3555
3674
3556
3675
3557
3676
3558
3677
3559
3678
3560
3679
3561
3680
3562
3681
3563
3682
3564
3683
3565
3684
3566
3685
3567
3686
3568
3687
3569
3688
3570
3689
3571
3690
3572
3691
3573
3692
3574
3693
3575
3694
3576
3695
3577
3696
3578
3697
3579
3698
3580
3699
3581
3700
3582
3701
3583
3702
3584
3703
3585
3704
3586
3705
3587
3706
3588
3707
3589
3708
3590
3709
3591
3710
3592
3711
3593
3712
3594
3713
3595
3714
3596
3715
3597
3716
3598
3717
3599
3718
3719
3601
3720
27771
3602
3721
3603
3722
3604
3723
3605
3724
3606
3725
3607
3726
3608
3727
3609
3728
3610
3729
3611
3730
3612
3731
3613
3732
3614
3733
3615
3734
3616
3735
3617
3736
3618
3737
3619
3738
3620
3739
3621
3740
3622
3741
3623
3742
3624
3743
3625
3744
3626
3745
3627
3746
3628
3747
3629
3748
3630
3749
3631
3750
3632
3751
3633
3752
3634
3753
3635
3754
3636
3755
3637
3756
3638
3757
3639
3758
3640
3759
3641
3760
3642
3761
3643
3762
3644
3763
3645
3764
3646
3765
3647
3766
3648
3767
3649
3768
3650
3769
3651
3770
3652
3771
3653
3772
3654
3773
3655
3774
3656
3775
3657
3776
3658
3777
3659
3778
3660
3779
3661
3780
3662
3781
3663
3782
3664
3783
3665
3784
3666
3785
3667
3786
3668
3787
3669
3788
3670
3789
3671
3790
3672
3791
3673
3792
3674
3793
3675
3794
3676
3795
3677
3796
3678
3797
3679
3798
3680
3799
3681
3800
3682
3801
3683
3802
3684
3803
3685
3804
3686
3805
3687
3806
3688
3807
3689
3808
3690
3809
3691
3810
3692
3811
3693
3812
3694
3813
3695
3814
3696
3815
3697
3816
3698
3817
3699
3818
3700
3819
3701
3820
3702
3821
3703
3822
3704
3823
3705
3824
3706
3825
3707
3826
3708
3827
3709
3828
3710
3829
3711
3830
3712
3831
3713
3832
3714
3833
3715
3834
3716
3835
3717
3836
3718
3837
3719
3838
3839
3721
3840
27770
3722
3841
3723
3842
3724
3843
3725
3844
3726
3845
3727
3846
3728
3847
3729
3848
3730
3849
3731
3850
3732
3851
3733
3852
3734
3853
3735
3854
3736
3855
3737
3856
3738
3857
3739
3858
3740
3859
3741
3860
3742
3861
3743
3862
3744
3863
3745
3864
3746
3865
3747
3866
3748
3867
3749
3868
3750
3869
3751
3870
3752
3871
3753
3872
3754
3873
3755
3874
3756
3875
3757
3876
3758
3877
3759
3878
3760
3879
3761
3880
3762
3881
3763
3882
3764
3883
3765
3884
3766
3885
3767
3886
3768
3887
3769
3888
3770
3889
3771
3890
3772
3891
3773
3892
3774
3893
3775
3894
3776
3895
3777
3896
3778
3897
3779
3898
3780
3899
3781
3900
3782
3901
3783
3902
3784
3903
3785
3904
3786
3905
3787
3906
3788
3907
3789
3908
3790
3909
3791
3910
3792
3911
3793
3912
3794
3913
3795
3914
3796
3915
3797
3916
3798
3917
3799
3918
3800
3919
3801
3920
3802
3921
3803
3922
3804
3923
3805
3924
3806
3925
3807
3926
3808
3927
3809
3928
3810
3929
3811
3930
3812
3931
3813
3932
3814
3933
3815
3934
3816
3935
3817
3936
3818
3937
3819
3938
3820
3939
3821
3940
3822
3941
3823
3942
3824
3943
3825
3944
3826
3945
3827
3946
3828
3947
3829
3948
3830
3949
3831
3950
3832
3951
3833
3952
3834
3953
3835
3954
3836
3955
3837
3956
3838
3957
3839
3958
3959
3841
3960
27769
3842
3961
3843
3962
3844
3963
3845
3964
3846
3965
3847
3966
3848
3967
3849
3968
3850
3969
3851
3970
3852
3971
3853
3972
3854
3973
3855
3974
3856
3975
3857
3976
3858
3977
3859
3978
3860
3979
3861
3980
3862
3981
3863
3982
3864
3983
3865
3984
3866
3985
3867
3986
3868
3987
3869
3988
3870
3989
3871
3990
3872
3991
3873
3992
3874
3993
3875
3994
3876
3995
3877
3996
3878
3997
3879
3998
3880
3999
3881
4000
3882
4001
3883
4002
3884
4003
3885
4004
3886
4005
3887
4006
3888
4007
3889
4008
3890
4009
3891
4010
3892
4011
3893
4012
3894
4013
3895
4014
3896
4015
3897
4016
3898
4017
3899
4018
3900
4019
3901
4020
3902
4021
3903
4022
3904
4023
3905
4024
3906
4025
3907
4026
3908
4027
3909
4028
3910
4029
3911
4030
3912
4031
3913
4032
3914
4033
3915
4034
3916
4035
3917
4036
3918
4037
3919
4038
3920
4039
3921
4040
3922
4041
3923
4042
3924
4043
3925
4044
3926
4045
3927
4046
3928
4047
3929
4048
3930
4049
3931
4050
3932
4051
3933
4052
3934
4053
3935
4054
3936
4055
3937
4056
3938
4057
3939
4058
3940
4059
3941
4060
3942
4061
3943
4062
3944
4063
3945
4064
3946
4065
3947
4066
3948
4067
3949
4068
3950
4069
3951
4070
3952
4071
3953
4072
3954
4073
3955
4074
3956
4075
3957
4076
3958
4077
3959
4078
4079
3961
4080
27768
3962
4081
3963
4082
3964
4083
3965
4084
3966
4085
3967
4086
3968
4087
3969
4088
3970
4089
3971
4090
3972
4091
3973
4092
3974
4093
3975
4094
3976
4095
3977
4096
3978
4097
3979
4098
3980
4099
3981
4100
3982
4101
3983
4102
3984
4103
3985
4104
3986
4105
3987
4106
3988
4107
3989
4108
3990
4109
3991
4110
3992
4111
3993
4112
3994
4113
3995
4114
3996
4115
3997
4116
3998
4117
3999
4118
4000
4119
4001
4120
4002
4121
4003
4122
4004
4123
4005
4124
4006
4125
4007
4126
4008
4127
4009
4128
4010
4129
4011
4130
4012
4131
4013
4132
4014
4133
4015
4134
4016
4135
4017
4136
4018
4137
4019
4138
4020
4139
4021
4140
4022
4141
4023
4142
4024
4143
4025
4144
4026
4145
4027
4146
4028
4147
4029
4148
4030
4149
4031
4150
4032
4151
4033
4152
4034
4153
4035
4154
4036
4155
4037
4156
4038
4157
4039
4158
4040
4159
4041
4160
4042
4161
4043
4162
4044
4163
4045
4164
4046
4165
4047
4166
4048
4167
4049
4168
4050
4169
4051
4170
4052
4171
4053
4172
4054
4173
4055
4174
4056
4175
4057
4176
4058
4177
4059
4178
4060
4179
4061
4180
4062
4181
4063
4182
4064
4183
4065
4184
4066
4185
4067
4186
4068
4187
4069
4188
4070
4189
4071
4190
4072
4191
4073
4192
4074
4193
4075
4194
4076
4195
4077
4196
4078
4197
4079
4198
4199
4081
4200
27767
4082
4201
4083
4202
4084
4203
4085
4204
4086
4205
4087
4206
4088
4207
4089
4208
4090
4209
4091
4210
4092
4211
4093
4212
4094
4213
4095
4214
4096
4215
4097
4216
4098
4217
4099
4218
4100
4219
4101
4220
4102
4221
4103
4222
4104
4223
4105
4224
4106
4225
4107
4226
4108
4227
4109
4228
4110
4229
4111
4230
4112
4231
4113
4232
4114
4233
4115
4234
4116
4235
4117
4236
4118
4237
4119
4238
4120
4239
4121
4240
4122
4241
4123
4242
4124
4243
4125
4244
4126
4245
4127
4246
4128
4247
4129
4248
4130
4249
4131
4250
4132
4251
4133
4252
4134
4253
4135
4254
4136
4255
4137
4256
4138
4257
4139
4258
4140
4259
4141
4260
4142
4261
4143
4262
4144
4263
4145
4264
4146
4265
4147
4266
4148
4267
4149
4268
4150
4269
4151
4270
4152
4271
4153
4272
4154
4273
4155
4274
4156
4275
4157
4276
4158
4277
4159
4278
4160
4279
4161
4280
4162
4281
4163
4282
4164
4283
4165
4284
4166
4285
4167
4286
4168
4287
4169
4288
4170
4289
4171
4290
4172
4291
4173
4292
4174
4293
4175
4294
4176
4295
4177
4296
4178
4297
4179
4298
4180
4299
4181
4300
4182
4301
4183
4302
4184
4303
4185
4304
4186
4305
4187
4306
4188
4307
4189
4308
4190
4309
4191
4310
4192
4311
4193
4312
4194
4313
4195
4314
4196
4315
4197
4316
4198
4317
4199
4318
4319
4201
4320
27766
4202
4321
4203
4322
4204
4323
4205
4324
4206
4325
4207
4326
4208
4327
4209
4328
4210
4329
4211
4330
4212
4331
4213
4332
4214
4333
4215
4334
4216
4335
4217
4336
4218
4337
4219
4338
4220
4339
4221
4340
4222
4341
4223
4342
4224
4343
4225
4344
4226
4345
4227
4346
4228
4347
4229
4348
4230
4349
4231
4350
4232
4351
4233
4352
4234
4353
4235
4354
4236
4355
4237
4356
4238
4357
4239
4358
4240
4359
4241
4360
4242
4361
4243
4362
4244
4363
4245
4364
4246
4365
4247
4366
4248
4367
4249
4368
4250
4369
4251
4370
4252
4371
4253
4372
4254
4373
4255
4374
4256
4375
4257
4376
4258
4377
4259
4378
4260
4379
4261
4380
4262
4381
4263
4382
4264
4383
4265
4384
4266
4385
4267
4386
4268
4387
4269
4388
4270
4389
4271
4390
4272
4391
4273
4392
4274
4393
4275
4394
4276
4395
4277
4396
4278
4397
4279
4398
4280
4399
4281
4400
4282
4401
4283
4402
4284
4403
4285
4404
4286
4405
4287
4406
4288
4407
4289
4408
4290
4409
4291
4410
4292
4411
4293
4412
4294
4413
4295
4414
4296
4415
4297
4416
4298
4417
4299
4418
4300
4419
4301
4420
4302
4421
4303
4422
4304
4423
4305
4424
4306
4425
4307
4426
4308
4427
4309
4428
4310
4429
4311
4430
4312
4431
4313
4432
4314
4433
4315
4434
4316
4435
4317
4436
4318
4437
4319
4438
4439
4321
4440
27765
4322
4441
4323
4442
4324
4443
4325
4444
4326
4445
4327
4446
4328
4447
4329
4448
4330
4449
4331
4450
4332
4451
4333
4452
4334
4453
4335
4454
4336
4455
4337
4456
4338
4457
4339
4458
4340
4459
4341
4460
4342
4461
4343
4462
4344
4463
4345
4464
4346
4465
4347
4466
4348
4467
4349
4468
4350
4469
4351
4470
4352
4471
4353
4472
4354
4473
4355
4474
4356
4475
4357
4476
4358
4477
4359
4478
4360
4479
4361
4480
4362
4481
4363
4482
4364
4483
4365
4484
4366
4485
4367
4486
4368
4487
4369
4488
4370
4489
4371
4490
4372
4491
4373
4492
4374
4493
4375
4494
4376
4495
4377
4496
4378
4497
4379
4498
4380
4499
4381
4500
4382
4501
4383
4502
4384
4503
4385
4504
4386
4505
4387
4506
4388
4507
4389
4508
4390
4509
4391
4510
4392
4511
4393
4512
4394
4513
4395
4514
4396
4515
4397
4516
4398
4517
4399
4518
4400
4519
4401
4520
4402
4521
4403
4522
4404
4523
4405
4524
4406
4525
4407
4526
4408
4527
4409
4528
4410
4529
4411
4530
4412
4531
4413
4532
4414
4533
4415
4534
4416
4535
4417
4536
4418
4537
4419
4538
4420
4539
4421
4540
4422
4541
4423
4542
4424
4543
4425
4544
4426
4545
4427
4546
4428
4547
4429
4548
4430
4549
4431
4550
4432
4551
4433
4552
4434
4553
4435
4554
4436
4555
4437
4556
4438
4557
4439
4558
4559
4441
4560
27764
4442
4561
4443
4562
4444
4563
4445
4564
4446
4565
4447
4566
4448
4567
4449
4568
4450
4569
4451
4570
4452
4571
4453
4572
4454
4573
4455
4574
4456
4575
4457
4576
4458
4577
4459
4578
4460
4579
4461
4580
4462
4581
4463
4582
4464
4583
4465
4584
4466
4585
4467
4586
4468
4587
4469
4588
4470
4589
4471
4590
4472
4591
4473
4592
4474
4593
4475
4594
4476
4595
4477
4596
4478
4597
4479
4598
4480
4599
4481
4600
4482
4601
4483
4602
4484
4603
4485
4604
4486
4605
4487
4606
4488
4607
4489
4608
4490
4609
4491
4610
4492
4611
4493
4612
4494
4613
4495
4614
4496
4615
4497
4616
4498
4617
4499
4618
4500
4619
4501
4620
4502
4621
4503
4622
4504
4623
4505
4624
4506
4625
4507
4626
4508
4627
4509
4628
4510
4629
4511
4630
4512
4631
4513
4632
4514
4633
4515
4634
4516
4635
4517
4636
4518
4637
4519
4638
4520
4639
4521
4640
4522
4641
4523
4642
4524
4643
4525
4644
4526
4645
4527
4646
4528
4647
4529
4648
4530
4649
4531
4650
4532
4651
4533
4652
4534
4653
4535
4654
4536
4655
4537
4656
4538
4657
4539
4658
4540
4659
4541
4660
4542
4661
4543
4662
4544
4663
4545
4664
4546
4665
4547
4666
4548
4667
4549
4668
4550
4669
4551
4670
4552
4671
4553
4672
4554
4673
4555
4674
4556
4675
4557
4676
4558
4677
4559
4678
4679
4561
4680
27763
4562
4681
4563
4682
4564
4683
4565
4684
4566
4685
4567
4686
4568
4687
4569
4688
4570
4689
4571
4690
4572
4691
4573
4692
4574
4693
4575
4694
4576
4695
4577
4696
4578
4697
4579
4698
4580
4699
4581
4700
4582
4701
4583
4702
4584
4703
4585
4704
4586
4705
4587
4706
4588
4707
4589
4708
4590
4709
4591
4710
4592
4711
4593
4712
4594
4713
4595
4714
4596
4715
4597
4716
4598
4717
4599
4718
4600
4719
4601
4720
4602
4721
4603
4722
4604
4723
4605
4724
4606
4725
4607
4726
4608
4727
4609
4728
4610
4729
4611
4730
4612
4731
4613
4732
4614
4733
4615
4734
4616
4735
4617
4736
4618
4737
4619
4738
4620
4739
4621
4740
4622
4741
4623
4742
4624
4743
4625
4744
4626
4745
4627
4746
4628
4747
4629
4748
4630
4749
4631
4750
4632
4751
4633
4752
4634
4753
4635
4754
4636
4755
4637
4756
4638
4757
4639
4758
4640
4759
4641
4760
4642
4761
4643
4762
4644
4763
4645
4764
4646
4765
4647
4766
4648
4767
4649
4768
4650
4769
4651
4770
4652
4771
4653
4772
4654
4773
4655
4774
4656
4775
4657
4776
4658
4777
4659
4778
4660
4779
4661
4780
4662
4781
4663
4782
4664
4783
4665
4784
4666
4785
4667
4786
4668
4787
4669
4788
4670
4789
4671
4790
4672
4791
4673
4792
4674
4793
4675
4794
4676
4795
4677
4796
4678
4797
4679
4798
4799
4681
4800
27762
4682
4801
4683
4802
4684
4803
4685
4804
4686
4805
4687
4806
4688
4807
4689
4808
4690
4809
4691
4810
4692
4811
4693
4812
4694
4813
4695
4814
4696
4815
4697
4816
4698
4817
4699
4818
4700
4819
4701
4820
4702
4821
4703
4822
4704
4823
4705
4824
4706
4825
4707
4826
4708
4827
4709
4828
4710
4829
4711
4830
4712
4831
4713
4832
4714
4833
4715
4834
4716
4835
4717
4836
4718
4837
4719
4838
4720
4839
4721
4840
4722
4841
4723
4842
4724
4843
4725
4844
4726
4845
4727
4846
4728
4847
4729
4848
4730
4849
4731
4850
4732
4851
4733
4852
4734
4853
4735
4854
4736
4855
4737
4856
4738
4857
4739
4858
4740
4859
4741
4860
4742
4861
4743
4862
4744
4863
4745
4864
4746
4865
4747
4866
4748
4867
4749
4868
4750
4869
4751
4870
4752
4871
4753
4872
4754
4873
4755
4874
4756
4875
4757
4876
4758
4877
4759
4878
4760
4879
4761
4880
4762
4881
4763
4882
4764
4883
4765
4884
4766
4885
4767
4886
4768
4887
4769
4888
4770
4889
4771
4890
4772
4891
4773
4892
4774
4893
4775
4894
4776
4895
4777
4896
4778
4897
4779
4898
4780
4899
4781
4900
4782
4901
4783
4902
4784
4903
4785
4904
4786
4905
4787
4906
4788
4907
4789
4908
4790
4909
4791
4910
4792
4911
4793
4912
4794
4913
4795
4914
4796
4915
4797
4916
4798
4917
4799
4918
4919
4801
4920
27761
4802
4921
4803
4922
4804
4923
4805
4924
4806
4925
4807
4926
4808
4927
4809
4928
4810
4929
4811
4930
4812
4931
4813
4932
4814
4933
4815
4934
4816
4935
4817
4936
4818
4937
4819
4938
4820
4939
4821
4940
4822
4941
4823
4942
4824
4943
4825
4944
4826
4945
4827
4946
4828
4947
4829
4948
4830
4949
4831
4950
4832
4951
4833
4952
4834
4953
4835
4954
4836
4955
4837
4956
4838
4957
4839
4958
4840
4959
4841
4960
4842
4961
4843
4962
4844
4963
4845
4964
4846
4965
4847
4966
4848
4967
4849
4968
4850
4969
4851
4970
4852
4971
4853
4972
4854
4973
4855
4974
4856
4975
4857
4976
4858
4977
4859
4978
4860
4979
4861
4980
4862
4981
4863
4982
4864
4983
4865
4984
4866
4985
4867
4986
4868
4987
4869
4988
4870
4989
4871
4990
4872
4991
4873
4992
4874
4993
4875
4994
4876
4995
4877
4996
4878
4997
4879
4998
4880
4999
4881
5000
4882
5001
4883
5002
4884
5003
4885
5004
4886
5005
4887
5006
4888
5007
4889
5008
4890
5009
4891
5010
4892
5011
4893
5012
4894
5013
4895
5014
4896
5015
4897
5016
4898
5017
4899
5018
4900
5019
4901
5020
4902
5021
4903
5022
4904
5023
4905
5024
4906
5025
4907
5026
4908
5027
4909
5028
4910
5029
4911
5030
4912
5031
4913
5032
4914
5033
4915
5034
4916
5035
4917
5036
4918
5037
4919
5038
5039
4921
5040
27760
4922
5041
4923
5042
4924
5043
4925
5044
4926
5045
4927
5046
4928
5047
4929
5048
4930
5049
4931
5050
4932
5051
4933
5052
4934
5053
4935
5054
4936
5055
4937
5056
4938
5057
4939
5058
4940
5059
4941
5060
4942
5061
4943
5062
4944
5063
4945
5064
4946
5065
4947
5066
4948
5067
4949
5068
4950
5069
4951
5070
4952
5071
4953
5072
4954
5073
4955
5074
4956
5075
4957
5076
4958
5077
4959
5078
4960
5079
4961
5080
4962
5081
4963
5082
4964
5083
4965
5084
4966
5085
4967
5086
4968
5087
4969
5088
4970
5089
4971
5090
4972
5091
4973
5092
4974
5093
4975
5094
4976
5095
4977
5096
4978
5097
4979
5098
4980
5099
4981
5100
4982
5101
4983
5102
4984
5103
4985
5104
4986
5105
4987
5106
4988
5107
4989
5108
4990
5109
4991
5110
4992
5111
4993
5112
4994
5113
4995
5114
4996
5115
4997
5116
4998
5117
4999
5118
5000
5119
5001
5120
5002
5121
5003
5122
5004
5123
5005
5124
5006
5125
5007
5126
5008
5127
5009
5128
5010
5129
5011
5130
5012
5131
5013
5132
5014
5133
5015
5134
5016
5135
5017
5136
5018
5137
5019
5138
5020
5139
5021
5140
5022
5141
5023
5142
5024
5143
5025
5144
5026
5145
5027
5146
5028
5147
5029
5148
5030
5149
5031
5150
5032
5151
5033
5152
5034
5153
5035
5154
5036
5155
5037
5156
5038
5157
5039
5158
5159
5041
5160
27759
5042
5161
5043
5162
5044
5163
5045
5164
5046
5165
5047
5166
5048
5167
5049
5168
5050
5169
5051
5170
5052
5171
5053
5172
5054
5173
5055
5174
5056
5175
5057
5176
5058
5177
5059
5178
5060
5179
5061
5180
5062
5181
5063
5182
5064
5183
5065
5184
5066
5185
5067
5186
5068
5187
5069
5188
5070
5189
5071
5190
5072
5191
5073
5192
5074
5193
5075
5194
5076
5195
5077
5196
5078
5197
5079
5198
5080
5199
5081
5200
5082
5201
5083
5202
5084
5203
5085
5204
5086
5205
5087
5206
5088
5207
5089
5208
5090
5209
5091
5210
5092
5211
5093
5212
5094
5213
5095
5214
5096
5215
5097
5216
5098
5217
5099
5218
5100
5219
5101
5220
5102
5221
5103
5222
5104
5223
5105
5224
5106
5225
5107
5226
5108
5227
5109
5228
5110
5229
5111
5230
5112
5231
5113
5232
5114
5233
5115
5234
5116
5235
5117
5236
5118
5237
5119
5238
5120
5239
5121
5240
5122
5241
5123
5242
5124
5243
5125
5244
5126
5245
5127
5246
5128
5247
5129
5248
5130
5249
5131
5250
5132
5251
5133
5252
5134
5253
5135
5254
5136
5255
5137
5256
5138
5257
5139
5258
5140
5259
5141
5260
5142
5261
5143
5262
5144
5263
5145
5264
5146
5265
5147
5266
5148
5267
5149
5268
5150
5269
5151
5270
5152
5271
5153
5272
5154
5273
5155
5274
5156
5275
5157
5276
5158
5277
5159
5278
5279
5161
5280
27758
5162
5281
5163
5282
5164
5283
5165
5284
5166
5285
5167
5286
5168
5287
5169
5288
5170
5289
5171
5290
5172
5291
5173
5292
5174
5293
5175
5294
5176
5295
5177
5296
5178
5297
5179
5298
5180
5299
5181
5300
5182
5301
5183
5302
5184
5303
5185
5304
5186
5305
5187
5306
5188
5307
5189
5308
5190
5309
5191
5310
5192
5311
5193
5312
5194
5313
5195
5314
5196
5315
5197
5316
5198
5317
5199
5318
5200
5319
5201
5320
5202
5321
5203
5322
5204
5323
5205
5324
5206
5325
5207
5326
5208
5327
5209
5328
5210
5329
5211
5330
5212
5331
5213
5332
5214
5333
5215
5334
5216
5335
5217
5336
5218
5337
5219
5338
5220
5339
5221
5340
5222
5341
5223
5342
5224
5343
5225
5344
5226
5345
5227
5346
5228
5347
5229
5348
5230
5349
5231
5350
5232
5351
5233
5352
5234
5353
5235
5354
5236
5355
5237
5356
5238
5357
5239
5358
5240
5359
5241
5360
5242
5361
5243
5362
5244
5363
5245
5364
5246
5365
5247
5366
5248
5367
5249
5368
5250
5369
5251
5370
5252
5371
5253
5372
5254
5373
5255
5374
5256
5375
5257
5376
5258
5377
5259
5378
5260
5379
5261
5380
5262
5381
5263
5382
5264
5383
5265
5384
5266
5385
5267
5386
5268
5387
5269
5388
5270
5389
5271
5390
5272
5391
5273
5392
5274
5393
5275
5394
5276
5395
5277
5396
5278
5397
5279
5398
5399
5281
5400
27757
5282
5401
5283
5402
5284
5403
5285
5404
5286
5405
5287
5406
5288
5407
5289
5408
5290
5409
5291
5410
5292
5411
5293
5412
5294
5413
5295
5414
5296
5415
5297
5416
5298
5417
5299
5418
5300
5419
5301
5420
5302
5421
5303
5422
5304
5423
5305
5424
5306
5425
5307
5426
5308
5427
5309
5428
5310
5429
5311
5430
5312
5431
5313
5432
5314
5433
5315
5434
5316
5435
5317
5436
5318
5437
5319
5438
5320
5439
5321
5440
5322
5441
5323
5442
5324
5443
5325
5444
5326
5445
5327
5446
5328
5447
5329
5448
5330
5449
5331
5450
5332
5451
5333
5452
5334
5453
5335
5454
5336
5455
5337
5456
5338
5457
5339
5458
5340
5459
5341
5460
5342
5461
5343
5462
5344
5463
5345
5464
5346
5465
5347
5466
5348
5467
5349
5468
5350
5469
5351
5470
5352
5471
5353
5472
5354
5473
5355
5474
5356
5475
5357
5476
5358
5477
5359
5478
5360
5479
5361
5480
5362
5481
5363
5482
5364
5483
5365
5484
5366
5485
5367
5486
5368
5487
5369
5488
5370
5489
5371
5490
5372
5491
5373
5492
5374
5493
5375
5494
5376
5495
5377
5496
5378
5497
5379
5498
5380
5499
5381
5500
5382
5501
5383
5502
5384
5503
5385
5504
5386
5505
5387
5506
5388
5507
5389
5508
5390
5509
5391
5510
5392
5511
5393
5512
5394
5513
5395
5514
5396
5515
5397
5516
5398
5517
5399
5518
5519
5401
5520
27756
5402
5521
5403
5522
5404
5523
5405
5524
5406
5525
5407
5526
5408
5527
5409
5528
5410
5529
5411
5530
5412
5531
5413
5532
5414
5533
5415
5534
5416
5535
5417
5536
5418
5537
5419
5538
5420
5539
5421
5540
5422
5541
5423
5542
5424
5543
5425
5544
5426
5545
5427
5546
5428
5547
5429
5548
5430
5549
5431
5550
5432
5551
5433
5552
5434
5553
5435
5554
5436
5555
5437
5556
5438
5557
5439
5558
5440
5559
5441
5560
5442
5561
5443
5562
5444
5563
5445
5564
5446
5565
5447
5566
5448
5567
5449
5568
5450
5569
5451
5570
5452
5571
5453
5572
5454
5573
5455
5574
5456
5575
5457
5576
5458
5577
5459
5578
5460
5579
5461
5580
5462
5581
5463
5582
5464
5583
5465
5584
5466
5585
5467
5586
5468
5587
5469
5588
5470
5589
5471
5590
5472
5591
5473
5592
5474
5593
5475
5594
5476
5595
5477
5596
5478
5597
5479
5598
5480
5599
5481
5600
5482
5601
5483
5602
5484
5603
5485
5604
5486
5605
5487
5606
5488
5607
5489
5608
5490
5609
5491
5610
5492
5611
5493
5612
5494
5613
5495
5614
5496
5615
5497
5616
5498
5617
5499
5618
5500
5619
5501
5620
5502
5621
5503
5622
5504
5623
5505
5624
5506
5625
5507
5626
5508
5627
5509
5628
5510
5629
5511
5630
5512
5631
5513
5632
5514
5633
5515
5634
5516
5635
5517
5636
5518
5637
5519
5638
5639
5521
5640
27755
5522
5641
5523
5642
5524
5643
5525
5644
5526
5645
5527
5646
5528
5647
5529
5648
5530
5649
5531
5650
5532
5651
5533
5652
5534
5653
5535
5654
5536
5655
5537
5656
5538
5657
5539
5658
5540
5659
5541
5660
5542
5661
5543
5662
5544
5663
5545
5664
5546
5665
5547
5666
5548
5667
5549
5668
5550
5669
5551
5670
5552
5671
5553
5672
5554
5673
5555
5674
5556
5675
5557
5676
5558
5677
5559
5678
5560
5679
5561
5680
5562
5681
5563
5682
5564
5683
5565
5684
5566
5685
5567
5686
5568
5687
5569
5688
5570
5689
5571
5690
5572
5691
5573
5692
5574
5693
5575
5694
5576
5695
5577
5696
5578
5697
5579
5698
5580
5699
5581
5700
5582
5701
5583
5702
5584
5703
5585
5704
5586
5705
5587
5706
5588
5707
5589
5708
5590
5709
5591
5710
5592
5711
5593
5712
5594
5713
5595
5714
5596
5715
5597
5716
5598
5717
5599
5718
5600
5719
5601
5720
5602
5721
5603
5722
5604
5723
5605
5724
5606
5725
5607
5726
5608
5727
5609
5728
5610
5729
5611
5730
5612
5731
5613
5732
5614
5733
5615
5734
5616
5735
5617
5736
5618
5737
5619
5738
5620
5739
5621
5740
5622
5741
5623
5742
5624
5743
5625
5744
5626
5745
5627
5746
5628
5747
5629
5748
5630
5749
5631
5750
5632
5751
5633
5752
5634
5753
5635
5754
5636
5755
5637
5756
5638
5757
5639
5758
5759
5641
5760
27754
5642
5761
5643
5762
5644
5763
5645
5764
5646
5765
5647
5766
5648
5767
5649
5768
5650
5769
5651
5770
5652
5771
5653
5772
5654
5773
5655
5774
5656
5775
5657
5776
5658
5777
5659
5778
5660
5779
5661
5780
5662
5781
5663
5782
5664
5783
5665
5784
5666
5785
5667
5786
5668
5787
5669
5788
5670
5789
5671
5790
5672
5791
5673
5792
5674
5793
5675
5794
5676
5795
5677
5796
5678
5797
5679
5798
5680
5799
5681
5800
5682
5801
5683
5802
5684
5803
5685
5804
5686
5805
5687
5806
5688
5807
5689
5808
5690
5809
5691
5810
5692
5811
5693
5812
5694
5813
5695
5814
5696
5815
5697
5816
5698
5817
5699
5818
5700
5819
5701
5820
5702
5821
5703
5822
5704
5823
5705
5824
5706
5825
5707
5826
5708
5827
5709
5828
5710
5829
5711
5830
5712
5831
5713
5832
5714
5833
5715
5834
5716
5835
5717
5836
5718
5837
5719
5838
5720
5839
5721
5840
5722
5841
5723
5842
5724
5843
5725
5844
5726
5845
5727
5846
5728
5847
5729
5848
5730
5849
5731
5850
5732
5851
5733
5852
5734
5853
5735
5854
5736
5855
5737
5856
5738
5857
5739
5858
5740
5859
5741
5860
5742
5861
5743
5862
5744
5863
5745
5864
5746
5865
5747
5866
5748
5867
5749
5868
5750
5869
5751
5870
5752
5871
5753
5872
5754
5873
5755
5874
5756
5875
5757
5876
5758
5877
5759
5878
5879
5761
5880
27753
5762
5881
5763
5882
5764
5883
5765
5884
5766
5885
5767
5886
5768
5887
5769
5888
5770
5889
5771
5890
5772
5891
5773
5892
5774
5893
5775
5894
5776
5895
5777
5896
5778
5897
5779
5898
5780
5899
5781
5900
5782
5901
5783
5902
5784
5903
5785
5904
5786
5905
5787
5906
5788
5907
5789
5908
5790
5909
5791
5910
5792
5911
5793
5912
5794
5913
5795
5914
5796
5915
5797
5916
5798
5917
5799
5918
5800
5919
5801
5920
5802
5921
5803
5922
5804
5923
5805
5924
5806
5925
5807
5926
5808
5927
5809
5928
5810
5929
5811
5930
5812
5931
5813
5932
5814
5933
5815
5934
5816
5935
5817
5936
5818
5937
5819
5938
5820
5939
5821
5940
5822
5941
5823
5942
5824
5943
5825
5944
5826
5945
5827
5946
5828
5947
5829
5948
5830
5949
5831
5950
5832
5951
5833
5952
5834
5953
5835
5954
5836
5955
5837
5956
5838
5957
5839
5958
5840
5959
5841
5960
5842
5961
5843
5962
5844
5963
5845
5964
5846
5965
5847
5966
5848
5967
5849
5968
5850
5969
5851
5970
5852
5971
5853
5972
5854
5973
5855
5974
5856
5975
5857
5976
5858
5977
5859
5978
5860
5979
5861
5980
5862
5981
5863
5982
5864
5983
5865
5984
5866
5985
5867
5986
5868
5987
5869
5988
5870
5989
5871
5990
5872
5991
5873
5992
5874
5993
5875
5994
5876
5995
5877
5996
5878
5997
5879
5998
5999
5881
6000
27752
5882
6001
5883
6002
5884
6003
5885
6004
5886
6005
5887
6006
5888
6007
5889
6008
5890
6009
5891
6010
5892
6011
5893
6012
5894
6013
5895
6014
5896
6015
5897
6016
5898
6017
5899
6018
5900
6019
5901
6020
5902
6021
5903
6022
5904
6023
5905
6024
5906
6025
5907
6026
5908
6027
5909
6028
5910
6029
5911
6030
5912
6031
5913
6032
5914
6033
5915
6034
5916
6035
5917
6036
5918
6037
5919
6038
5920
6039
5921
6040
5922
6041
5923
6042
5924
6043
5925
6044
5926
6045
5927
6046
5928
6047
5929
6048
5930
6049
5931
6050
5932
6051
5933
6052
5934
6053
5935
6054
5936
6055
5937
6056
5938
6057
5939
6058
5940
6059
5941
6060
5942
6061
5943
6062
5944
6063
5945
6064
5946
6065
5947
6066
5948
6067
5949
6068
5950
6069
5951
6070
5952
6071
5953
6072
5954
6073
5955
6074
5956
6075
5957
6076
5958
6077
5959
6078
5960
6079
5961
6080
5962
6081
5963
6082
5964
6083
5965
6084
5966
6085
5967
6086
5968
6087
5969
6088
5970
6089
5971
6090
5972
6091
5973
6092
5974
6093
5975
6094
5976
6095
5977
6096
5978
6097
5979
6098
5980
6099
5981
6100
5982
6101
5983
6102
5984
6103
5985
6104
5986
6105
5987
6106
5988
6107
5989
6108
5990
6109
5991
6110
5992
6111
5993
6112
5994
6113
5995
6114
5996
6115
5997
6116
5998
6117
5999
6118
6119
6001
6120
25176
6002
6121
6003
6122
6004
6123
6005
6124
6006
6125
6007
6126
6008
6127
6009
6128
6010
6129
6011
6130
6012
6131
6013
6132
6014
6133
6015
6134
6016
6135
6017
6136
6018
6137
6019
6138
6020
6139
6021
6140
6022
6141
6023
6142
6024
6143
6025
6144
6026
6145
6027
6146
6028
6147
6029
6148
6030
6149
6031
6150
6032
6151
6033
6152
6034
6153
6035
6154
6036
6155
6037
6156
6038
6157
6039
6158
6040
6159
6041
6160
6042
6161
6043
6162
6044
6163
6045
6164
6046
6165
6047
6166
6048
6167
6049
6168
6050
6169
6051
6170
6052
6171
6053
6172
6054
6173
6055
6174
6056
6175
6057
6176
6058
6177
6059
6178
6060
6179
6061
6180
6062
6181
6063
6182
6064
6183
6065
6184
6066
6185
6067
6186
6068
6187
6069
6188
6070
6189
6071
6190
6072
6191
6073
6192
6074
6193
6075
6194
6076
6195
6077
6196
6078
6197
6079
6198
6080
6199
6081
6200
6082
6201
6083
6202
6084
6203
6085
6204
6086
6205
6087
6206
6088
6207
6089
6208
6090
6209
6091
6210
6092
6211
6093
6212
6094
6213
6095
6214
6096
6215
6097
6216
6098
6217
6099
6218
6100
6219
6101
6220
6102
6221
6103
6222
6104
6223
6105
6224
6106
6225
6107
6226
6108
6227
6109
6228
6110
6229
6111
6230
6112
6231
6113
6232
6114
6233
6115
6234
6116
6235
6117
6236
6118
6237
6119
6238
6239
6121
6240
25177
6122
6241
6123
6242
6124
6243
6125
6244
6126
6245
6127
6246
6128
6247
6129
6248
6130
6249
6131
6250
6132
6251
6133
6252
6134
6253
6135
6254
6136
6255
6137
6256
6138
6257
6139
6258
6140
6259
6141
6260
6142
6261
6143
6262
6144
6263
6145
6264
6146
6265
6147
6266
6148
6267
6149
6268
6150
6269
6151
6270
6152
6271
6153
6272
6154
6273
6155
6274
6156
6275
6157
6276
6158
6277
6159
6278
6160
6279
6161
6280
6162
6281
6163
6282
6164
6283
6165
6284
6166
6285
6167
6286
6168
6287
6169
6288
6170
6289
6171
6290
6172
6291
6173
6292
6174
6293
6175
6294
6176
6295
6177
6296
6178
6297
6179
6298
6180
6299
6181
6300
6182
6301
6183
6302
6184
6303
6185
6304
6186
6305
6187
6306
6188
6307
6189
6308
6190
6309
6191
6310
6192
6311
6193
6312
6194
6313
6195
6314
6196
6315
6197
6316
6198
6317
6199
6318
6200
6319
6201
6320
6202
6321
6203
6322
6204
6323
6205
6324
6206
6325
6207
6326
6208
6327
6209
6328
6210
6329
6211
6330
6212
6331
6213
6332
6214
6333
6215
6334
6216
6335
6217
6336
6218
6337
6219
6338
6220
6339
6221
6340
6222
6341
6223
6342
6224
6343
6225
6344
6226
6345
6227
6346
6228
6347
6229
6348
6230
6349
6231
6350
6232
6351
6233
6352
6234
6353
6235
6354
6236
6355
6237
6356
6238
6357
6239
6358
6359
6241
6360
25178
6242
6361
6243
6362
6244
6363
6245
6364
6246
6365
6247
6366
6248
6367
6249
6368
6250
6369
6251
6370
6252
6371
6253
6372
6254
6373
6255
6374
6256
6375
6257
6376
6258
6377
6259
6378
6260
6379
6261
6380
6262
6381
6263
6382
6264
6383
6265
6384
6266
6385
6267
6386
6268
6387
6269
6388
6270
6389
6271
6390
6272
6391
6273
6392
6274
6393
6275
6394
6276
6395
6277
6396
6278
6397
6279
6398
6280
6399
6281
6400
6282
6401
6283
6402
6284
6403
6285
6404
6286
6405
6287
6406
6288
6407
6289
6408
6290
6409
6291
6410
6292
6411
6293
6412
6294
6413
6295
6414
6296
6415
6297
6416
6298
6417
6299
6418
6300
6419
6301
6420
6302
6421
6303
6422
6304
6423
6305
6424
6306
6425
6307
6426
6308
6427
6309
6428
6310
6429
6311
6430
6312
6431
6313
6432
6314
6433
6315
6434
6316
6435
6317
6436
6318
6437
6319
6438
6320
6439
6321
6440
6322
6441
6323
6442
6324
6443
6325
6444
6326
6445
6327
6446
6328
6447
6329
6448
6330
6449
6331
6450
6332
6451
6333
6452
6334
6453
6335
6454
6336
6455
6337
6456
6338
6457
6339
6458
6340
6459
6341
6460
6342
6461
6343
6462
6344
6463
6345
6464
6346
6465
6347
6466
6348
6467
6349
6468
6350
6469
6351
6470
6352
6471
6353
6472
6354
6473
6355
6474
6356
6475
6357
6476
6358
6477
6359
6478
6479
6361
6480
25179
6362
6481
6363
6482
6364
6483
6365
6484
6366
6485
6367
6486
6368
6487
6369
6488
6370
6489
6371
6490
6372
6491
6373
6492
6374
6493
6375
6494
6376
6495
6377
6496
6378
6497
6379
6498
6380
6499
6381
6500
6382
6501
6383
6502
6384
6503
6385
6504
6386
6505
6387
6506
6388
6507
6389
6508
6390
6509
6391
6510
6392
6511
6393
6512
6394
6513
6395
6514
6396
6515
6397
6516
6398
6517
6399
6518
6400
6519
6401
6520
6402
6521
6403
6522
6404
6523
6405
6524
6406
6525
6407
6526
6408
6527
6409
6528
6410
6529
6411
6530
6412
6531
6413
6532
6414
6533
6415
6534
6416
6535
6417
6536
6418
6537
6419
6538
6420
6539
6421
6540
6422
6541
6423
6542
6424
6543
6425
6544
6426
6545
6427
6546
6428
6547
6429
6548
6430
6549
6431
6550
6432
6551
6433
6552
6434
6553
6435
6554
6436
6555
6437
6556
6438
6557
6439
6558
6440
6559
6441
6560
6442
6561
6443
6562
6444
6563
6445
6564
6446
6565
6447
6566
6448
6567
6449
6568
6450
6569
6451
6570
6452
6571
6453
6572
6454
6573
6455
6574
6456
6575
6457
6576
6458
6577
6459
6578
6460
6579
6461
6580
6462
6581
6463
6582
6464
6583
6465
6584
6466
6585
6467
6586
6468
6587
6469
6588
6470
6589
6471
6590
6472
6591
6473
6592
6474
6593
6475
6594
6476
6595
6477
6596
6478
6597
6479
6598
6599
6481
6600
25180
6482
6601
6483
6602
6484
6603
6485
6604
6486
6605
6487
6606
6488
6607
6489
6608
6490
6609
6491
6610
6492
6611
6493
6612
6494
6613
6495
6614
6496
6615
6497
6616
6498
6617
6499
6618
6500
6619
6501
6620
6502
6621
6503
6622
6504
6623
6505
6624
6506
6625
6507
6626
6508
6627
6509
6628
6510
6629
6511
6630
6512
6631
6513
6632
6514
6633
6515
6634
6516
6635
6517
6636
6518
6637
6519
6638
6520
6639
6521
6640
6522
6641
6523
6642
6524
6643
6525
6644
6526
6645
6527
6646
6528
6647
6529
6648
6530
6649
6531
6650
6532
6651
6533
6652
6534
6653
6535
6654
6536
6655
6537
6656
6538
6657
6539
6658
6540
6659
6541
6660
6542
6661
6543
6662
6544
6663
6545
6664
6546
6665
6547
6666
6548
6667
6549
6668
6550
6669
6551
6670
6552
6671
6553
6672
6554
6673
6555
6674
6556
6675
6557
6676
6558
6677
6559
6678
6560
6679
6561
6680
6562
6681
6563
6682
6564
6683
6565
6684
6566
6685
6567
6686
6568
6687
6569
6688
6570
6689
6571
6690
6572
6691
6573
6692
6574
6693
6575
6694
6576
6695
6577
6696
6578
6697
6579
6698
6580
6699
6581
6700
6582
6701
6583
6702
6584
6703
6585
6704
6586
6705
6587
6706
6588
6707
6589
6708
6590
6709
6591
6710
6592
6711
6593
6712
6594
6713
6595
6714
6596
6715
6597
6716
6598
6717
6599
6718
6719
6601
6720
25181
6602
6721
6603
6722
6604
6723
6605
6724
6606
6725
6607
6726
6608
6727
6609
6728
6610
6729
6611
6730
6612
6731
6613
6732
6614
6733
6615
6734
6616
6735
6617
6736
6618
6737
6619
6738
6620
6739
6621
6740
6622
6741
6623
6742
6624
6743
6625
6744
6626
6745
6627
6746
6628
6747
6629
6748
6630
6749
6631
6750
6632
6751
6633
6752
6634
6753
6635
6754
6636
6755
6637
6756
6638
6757
6639
6758
6640
6759
6641
6760
6642
6761
6643
6762
6644
6763
6645
6764
6646
6765
6647
6766
6648
6767
6649
6768
6650
6769
6651
6770
6652
6771
6653
6772
6654
6773
6655
6774
6656
6775
6657
6776
6658
6777
6659
6778
6660
6779
6661
6780
6662
6781
6663
6782
6664
6783
6665
6784
6666
6785
6667
6786
6668
6787
6669
6788
6670
6789
6671
6790
6672
6791
6673
6792
6674
6793
6675
6794
6676
6795
6677
6796
6678
6797
6679
6798
6680
6799
6681
6800
6682
6801
6683
6802
6684
6803
6685
6804
6686
6805
6687
6806
6688
6807
6689
6808
6690
6809
6691
6810
6692
6811
6693
6812
6694
6813
6695
6814
6696
6815
6697
6816
6698
6817
6699
6818
6700
6819
6701
6820
6702
6821
6703
6822
6704
6823
6705
6824
6706
6825
6707
6826
6708
6827
6709
6828
6710
6829
6711
6830
6712
6831
6713
6832
6714
6833
6715
6834
6716
6835
6717
6836
6718
6837
6719
6838
6839
6721
6840
25182
6722
6841
6723
6842
6724
6843
6725
6844
6726
6845
6727
6846
6728
6847
6729
6848
6730
6849
6731
6850
6732
6851
6733
6852
6734
6853
6735
6854
6736
6855
6737
6856
6738
6857
6739
6858
6740
6859
6741
6860
6742
6861
6743
6862
6744
6863
6745
6864
6746
6865
6747
6866
6748
6867
6749
6868
6750
6869
6751
6870
6752
6871
6753
6872
6754
6873
6755
6874
6756
6875
6757
6876
6758
6877
6759
6878
6760
6879
6761
6880
6762
6881
6763
6882
6764
6883
6765
6884
6766
6885
6767
6886
6768
6887
6769
6888
6770
6889
6771
6890
6772
6891
6773
6892
6774
6893
6775
6894
6776
6895
6777
6896
6778
6897
6779
6898
6780
6899
6781
6900
6782
6901
6783
6902
6784
6903
6785
6904
6786
6905
6787
6906
6788
6907
6789
6908
6790
6909
6791
6910
6792
6911
6793
6912
6794
6913
6795
6914
6796
6915
6797
6916
6798
6917
6799
6918
6800
6919
6801
6920
6802
6921
6803
6922
6804
6923
6805
6924
6806
6925
6807
6926
6808
6927
6809
6928
6810
6929
6811
6930
6812
6931
6813
6932
6814
6933
6815
6934
6816
6935
6817
6936
6818
6937
6819
6938
6820
6939
6821
6940
6822
6941
6823
6942
6824
6943
6825
6944
6826
6945
6827
6946
6828
6947
6829
6948
6830
6949
6831
6950
6832
6951
6833
6952
6834
6953
6835
6954
6836
6955
6837
6956
6838
6957
6839
6958
6959
6841
6960
25183
6842
6961
6843
6962
6844
6963
6845
6964
6846
6965
6847
6966
6848
6967
6849
6968
6850
6969
6851
6970
6852
6971
6853
6972
6854
6973
6855
6974
6856
6975
6857
6976
6858
6977
6859
6978
6860
6979
6861
6980
6862
6981
6863
6982
6864
6983
6865
6984
6866
6985
6867
6986
6868
6987
6869
6988
6870
6989
6871
6990
6872
6991
6873
6992
6874
6993
6875
6994
6876
6995
6877
6996
6878
6997
6879
6998
6880
6999
6881
7000
6882
7001
6883
7002
6884
7003
6885
7004
6886
7005
6887
7006
6888
7007
6889
7008
6890
7009
6891
7010
6892
7011
6893
7012
6894
7013
6895
7014
6896
7015
6897
7016
6898
7017
6899
7018
6900
7019
6901
7020
6902
7021
6903
7022
6904
7023
6905
7024
6906
7025
6907
7026
6908
7027
6909
7028
6910
7029
6911
7030
6912
7031
6913
7032
6914
7033
6915
7034
6916
7035
6917
7036
6918
7037
6919
7038
6920
7039
6921
7040
6922
7041
6923
7042
6924
7043
6925
7044
6926
7045
6927
7046
6928
7047
6929
7048
6930
7049
6931
7050
6932
7051
6933
7052
6934
7053
6935
7054
6936
7055
6937
7056
6938
7057
6939
7058
6940
7059
6941
7060
6942
7061
6943
7062
6944
7063
6945
7064
6946
7065
6947
7066
6948
7067
6949
7068
6950
7069
6951
7070
6952
7071
6953
7072
6954
7073
6955
7074
6956
7075
6957
7076
6958
7077
6959
7078
7079
6961
7080
25184
6962
7081
6963
7082
6964
7083
6965
7084
6966
7085
6967
7086
6968
7087
6969
7088
6970
7089
6971
7090
6972
7091
6973
7092
6974
7093
6975
7094
6976
7095
6977
7096
6978
7097
6979
7098
6980
7099
6981
7100
6982
7101
6983
7102
6984
7103
6985
7104
6986
7105
6987
7106
6988
7107
6989
7108
6990
7109
6991
7110
6992
7111
6993
7112
6994
7113
6995
7114
6996
7115
6997
7116
6998
7117
6999
7118
7000
7119
7001
7120
7002
7121
7003
7122
7004
7123
7005
7124
7006
7125
7007
7126
7008
7127
7009
7128
7010
7129
7011
7130
7012
7131
7013
7132
7014
7133
7015
7134
7016
7135
7017
7136
7018
7137
7019
7138
7020
7139
7021
7140
7022
7141
7023
7142
7024
7143
7025
7144
7026
7145
7027
7146
7028
7147
7029
7148
7030
7149
7031
7150
7032
7151
7033
7152
7034
7153
7035
7154
7036
7155
7037
7156
7038
7157
7039
7158
7040
7159
7041
7160
7042
7161
7043
7162
7044
7163
7045
7164
7046
7165
7047
7166
7048
7167
7049
7168
7050
7169
7051
7170
7052
7171
7053
7172
7054
7173
7055
7174
7056
7175
7057
7176
7058
7177
7059
7178
7060
7179
7061
7180
7062
7181
7063
7182
7064
7183
7065
7184
7066
7185
7067
7186
7068
7187
7069
7188
7070
7189
7071
7190
7072
7191
7073
7192
7074
7193
7075
7194
7076
7195
7077
7196
7078
7197
7079
7198
7199
7081
7200
25185
7082
7201
7083
7202
7084
7203
7085
7204
7086
7205
7087
7206
7088
7207
7089
7208
7090
7209
7091
7210
7092
7211
7093
7212
7094
7213
7095
7214
7096
7215
7097
7216
7098
7217
7099
7218
7100
7219
7101
7220
7102
7221
7103
7222
7104
7223
7105
7224
7106
7225
7107
7226
7108
7227
7109
7228
7110
7229
7111
7230
7112
7231
7113
7232
7114
7233
7115
7234
7116
7235
7117
7236
7118
7237
7119
7238
7120
7239
7121
7240
7122
7241
7123
7242
7124
7243
7125
7244
7126
7245
7127
7246
7128
7247
7129
7248
7130
7249
7131
7250
7132
7251
7133
7252
7134
7253
7135
7254
7136
7255
7137
7256
7138
7257
7139
7258
7140
7259
7141
7260
7142
7261
7143
7262
7144
7263
7145
7264
7146
7265
7147
7266
7148
7267
7149
7268
7150
7269
7151
7270
7152
7271
7153
7272
7154
7273
7155
7274
7156
7275
7157
7276
7158
7277
7159
7278
7160
7279
7161
7280
7162
7281
7163
7282
7164
7283
7165
7284
7166
7285
7167
7286
7168
7287
7169
7288
7170
7289
7171
7290
7172
7291
7173
7292
7174
7293
7175
7294
7176
7295
7177
7296
7178
7297
7179
7298
7180
7299
7181
7300
7182
7301
7183
7302
7184
7303
7185
7304
7186
7305
7187
7306
7188
7307
7189
7308
7190
7309
7191
7310
7192
7311
7193
7312
7194
7313
7195
7314
7196
7315
7197
7316
7198
7317
7199
7318
7319
7201
7320
25186
7202
7321
7203
7322
7204
7323
7205
7324
7206
7325
7207
7326
7208
7327
7209
7328
7210
7329
7211
7330
7212
7331
7213
7332
7214
7333
7215
7334
7216
7335
7217
7336
7218
7337
7219
7338
7220
7339
7221
7340
7222
7341
7223
7342
7224
7343
7225
7344
7226
7345
7227
7346
7228
7347
7229
7348
7230
7349
7231
7350
7232
7351
7233
7352
7234
7353
7235
7354
7236
7355
7237
7356
7238
7357
7239
7358
7240
7359
7241
7360
7242
7361
7243
7362
7244
7363
7245
7364
7246
7365
7247
7366
7248
7367
7249
7368
7250
7369
7251
7370
7252
7371
7253
7372
7254
7373
7255
7374
7256
7375
7257
7376
7258
7377
7259
7378
7260
7379
7261
7380
7262
7381
7263
7382
7264
7383
7265
7384
7266
7385
7267
7386
7268
7387
7269
7388
7270
7389
7271
7390
7272
7391
7273
7392
7274
7393
7275
7394
7276
7395
7277
7396
7278
7397
7279
7398
7280
7399
7281
7400
7282
7401
7283
7402
7284
7403
7285
7404
7286
7405
7287
7406
7288
7407
7289
7408
7290
7409
7291
7410
7292
7411
7293
7412
7294
7413
7295
7414
7296
7415
7297
7416
7298
7417
7299
7418
7300
7419
7301
7420
7302
7421
7303
7422
7304
7423
7305
7424
7306
7425
7307
7426
7308
7427
7309
7428
7310
7429
7311
7430
7312
7431
7313
7432
7314
7433
7315
7434
7316
7435
7317
7436
7318
7437
7319
7438
7439
7321
7440
25187
7322
7441
7323
7442
7324
7443
7325
7444
7326
7445
7327
7446
7328
7447
7329
7448
7330
7449
7331
7450
7332
7451
7333
7452
7334
7453
7335
7454
7336
7455
7337
7456
7338
7457
7339
7458
7340
7459
7341
7460
7342
7461
7343
7462
7344
7463
7345
7464
7346
7465
7347
7466
7348
7467
7349
7468
7350
7469
7351
7470
7352
7471
7353
7472
7354
7473
7355
7474
7356
7475
7357
7476
7358
7477
7359
7478
7360
7479
7361
7480
7362
7481
7363
7482
7364
7483
7365
7484
7366
7485
7367
7486
7368
7487
7369
7488
7370
7489
7371
7490
7372
7491
7373
7492
7374
7493
7375
7494
7376
7495
7377
7496
7378
7497
7379
7498
7380
7499
7381
7500
7382
7501
7383
7502
7384
7503
7385
7504
7386
7505
7387
7506
7388
7507
7389
7508
7390
7509
7391
7510
7392
7511
7393
7512
7394
7513
7395
7514
7396
7515
7397
7516
7398
7517
7399
7518
7400
7519
7401
7520
7402
7521
7403
7522
7404
7523
7405
7524
7406
7525
7407
7526
7408
7527
7409
7528
7410
7529
7411
7530
7412
7531
7413
7532
7414
7533
7415
7534
7416
7535
7417
7536
7418
7537
7419
7538
7420
7539
7421
7540
7422
7541
7423
7542
7424
7543
7425
7544
7426
7545
7427
7546
7428
7547
7429
7548
7430
7549
7431
7550
7432
7551
7433
7552
7434
7553
7435
7554
7436
7555
7437
7556
7438
7557
7439
7558
7559
7441
7560
25188
7442
7561
7443
7562
7444
7563
7445
7564
7446
7565
7447
7566
7448
7567
7449
7568
7450
7569
7451
7570
7452
7571
7453
7572
7454
7573
7455
7574
7456
7575
7457
7576
7458
7577
7459
7578
7460
7579
7461
7580
7462
7581
7463
7582
7464
7583
7465
7584
7466
7585
7467
7586
7468
7587
7469
7588
7470
7589
7471
7590
7472
7591
7473
7592
7474
7593
7475
7594
7476
7595
7477
7596
7478
7597
7479
7598
7480
7599
7481
7600
7482
7601
7483
7602
7484
7603
7485
7604
7486
7605
7487
7606
7488
7607
7489
7608
7490
7609
7491
7610
7492
7611
7493
7612
7494
7613
7495
7614
7496
7615
7497
7616
7498
7617
7499
7618
7500
7619
7501
7620
7502
7621
7503
7622
7504
7623
7505
7624
7506
7625
7507
7626
7508
7627
7509
7628
7510
7629
7511
7630
7512
7631
7513
7632
7514
7633
7515
7634
7516
7635
7517
7636
7518
7637
7519
7638
7520
7639
7521
7640
7522
7641
7523
7642
7524
7643
7525
7644
7526
7645
7527
7646
7528
7647
7529
7648
7530
7649
7531
7650
7532
7651
7533
7652
7534
7653
7535
7654
7536
7655
7537
7656
7538
7657
7539
7658
7540
7659
7541
7660
7542
7661
7543
7662
7544
7663
7545
7664
7546
7665
7547
7666
7548
7667
7549
7668
7550
7669
7551
7670
7552
7671
7553
7672
7554
7673
7555
7674
7556
7675
7557
7676
7558
7677
7559
7678
7679
7561
7680
25189
7562
7681
7563
7682
7564
7683
7565
7684
7566
7685
7567
7686
7568
7687
7569
7688
7570
7689
7571
7690
7572
7691
7573
7692
7574
7693
7575
7694
7576
7695
7577
7696
7578
7697
7579
7698
7580
7699
7581
7700
7582
7701
7583
7702
7584
7703
7585
7704
7586
7705
7587
7706
7588
7707
7589
7708
7590
7709
7591
7710
7592
7711
7593
7712
7594
7713
7595
7714
7596
7715
7597
7716
7598
7717
7599
7718
7600
7719
7601
7720
7602
7721
7603
7722
7604
7723
7605
7724
7606
7725
7607
7726
7608
7727
7609
7728
7610
7729
7611
7730
7612
7731
7613
7732
7614
7733
7615
7734
7616
7735
7617
7736
7618
7737
7619
7738
7620
7739
7621
7740
7622
7741
7623
7742
7624
7743
7625
7744
7626
7745
7627
7746
7628
7747
7629
7748
7630
7749
7631
7750
7632
7751
7633
7752
7634
7753
7635
7754
7636
7755
7637
7756
7638
7757
7639
7758
7640
7759
7641
7760
7642
7761
7643
7762
7644
7763
7645
7764
7646
7765
7647
7766
7648
7767
7649
7768
7650
7769
7651
7770
7652
7771
7653
7772
7654
7773
7655
7774
7656
7775
7657
7776
7658
7777
7659
7778
7660
7779
7661
7780
7662
7781
7663
7782
7664
7783
7665
7784
7666
7785
7667
7786
7668
7787
7669
7788
7670
7789
7671
7790
7672
7791
7673
7792
7674
7793
7675
7794
7676
7795
7677
7796
7678
7797
7679
7798
7799
7681
7800
25190
7682
7801
7683
7802
7684
7803
7685
7804
7686
7805
7687
7806
7688
7807
7689
7808
7690
7809
7691
7810
7692
7811
7693
7812
7694
7813
7695
7814
7696
7815
7697
7816
7698
7817
7699
7818
7700
7819
7701
7820
7702
7821
7703
7822
7704
7823
7705
7824
7706
7825
7707
7826
7708
7827
7709
7828
7710
7829
7711
7830
7712
7831
7713
7832
7714
7833
7715
7834
7716
7835
7717
7836
7718
7837
7719
7838
7720
7839
7721
7840
7722
7841
7723
7842
7724
7843
7725
7844
7726
7845
7727
7846
7728
7847
7729
7848
7730
7849
7731
7850
7732
7851
7733
7852
7734
7853
7735
7854
7736
7855
7737
7856
7738
7857
7739
7858
7740
7859
7741
7860
7742
7861
7743
7862
7744
7863
7745
7864
7746
7865
7747
7866
7748
7867
7749
7868
7750
7869
7751
7870
7752
7871
7753
7872
7754
7873
7755
7874
7756
7875
7757
7876
7758
7877
7759
7878
7760
7879
7761
7880
7762
7881
7763
7882
7764
7883
7765
7884
7766
7885
7767
7886
7768
7887
7769
7888
7770
7889
7771
7890
7772
7891
7773
7892
7774
7893
7775
7894
7776
7895
7777
7896
7778
7897
7779
7898
7780
7899
7781
7900
7782
7901
7783
7902
7784
7903
7785
7904
7786
7905
7787
7906
7788
7907
7789
7908
7790
7909
7791
7910
7792
7911
7793
7912
7794
7913
7795
7914
7796
7915
7797
7916
7798
7917
7799
7918
7919
7801
7920
25191
7802
7921
7803
7922
7804
7923
7805
7924
7806
7925
7807
7926
7808
7927
7809
7928
7810
7929
7811
7930
7812
7931
7813
7932
7814
7933
7815
7934
7816
7935
7817
7936
7818
7937
7819
7938
7820
7939
7821
7940
7822
7941
7823
7942
7824
7943
7825
7944
7826
7945
7827
7946
7828
7947
7829
7948
7830
7949
7831
7950
7832
7951
7833
7952
7834
7953
7835
7954
7836
7955
7837
7956
7838
7957
7839
7958
7840
7959
7841
7960
7842
7961
7843
7962
7844
7963
7845
7964
7846
7965
7847
7966
7848
7967
7849
7968
7850
7969
7851
7970
7852
7971
7853
7972
7854
7973
7855
7974
7856
7975
7857
7976
7858
7977
7859
7978
7860
7979
7861
7980
7862
7981
7863
7982
7864
7983
7865
7984
7866
7985
7867
7986
7868
7987
7869
7988
7870
7989
7871
7990
7872
7991
7873
7992
7874
7993
7875
7994
7876
7995
7877
7996
7878
7997
7879
7998
7880
7999
7881
8000
7882
8001
7883
8002
7884
8003
7885
8004
7886
8005
7887
8006
7888
8007
7889
8008
7890
8009
7891
8010
7892
8011
7893
8012
7894
8013
7895
8014
7896
8015
7897
8016
7898
8017
7899
8018
7900
8019
7901
8020
7902
8021
7903
8022
7904
8023
7905
8024
7906
8025
7907
8026
7908
8027
7909
8028
7910
8029
7911
8030
7912
8031
7913
8032
7914
8033
7915
8034
7916
8035
7917
8036
7918
8037
7919
8038
8039
7921
8040
25192
7922
8041
7923
8042
7924
8043
7925
8044
7926
8045
7927
8046
7928
8047
7929
8048
7930
8049
7931
8050
7932
8051
7933
8052
7934
8053
7935
8054
7936
8055
7937
8056
7938
8057
7939
8058
7940
8059
7941
8060
7942
8061
7943
8062
7944
8063
7945
8064
7946
8065
7947
8066
7948
8067
7949
8068
7950
8069
7951
8070
7952
8071
7953
8072
7954
8073
7955
8074
7956
8075
7957
8076
7958
8077
7959
8078
7960
8079
7961
8080
7962
8081
7963
8082
7964
8083
7965
8084
7966
8085
7967
8086
7968
8087
7969
8088
7970
8089
7971
8090
7972
8091
7973
8092
7974
8093
7975
8094
7976
8095
7977
8096
7978
8097
7979
8098
7980
8099
7981
8100
7982
8101
7983
8102
7984
8103
7985
8104
7986
8105
7987
8106
7988
8107
7989
8108
7990
8109
7991
8110
7992
8111
7993
8112
7994
8113
7995
8114
7996
8115
7997
8116
7998
8117
7999
8118
8000
8119
8001
8120
8002
8121
8003
8122
8004
8123
8005
8124
8006
8125
8007
8126
8008
8127
8009
8128
8010
8129
8011
8130
8012
8131
8013
8132
8014
8133
8015
8134
8016
8135
8017
8136
8018
8137
8019
8138
8020
8139
8021
8140
8022
8141
8023
8142
8024
8143
8025
8144
8026
8145
8027
8146
8028
8147
8029
8148
8030
8149
8031
8150
8032
8151
8033
8152
8034
8153
8035
8154
8036
8155
8037
8156
8038
8157
8039
8158
8159
8041
8160
25193
8042
8161
8043
8162
8044
8163
8045
8164
8046
8165
8047
8166
8048
8167
8049
8168
8050
8169
8051
8170
8052
8171
8053
8172
8054
8173
8055
8174
8056
8175
8057
8176
8058
8177
8059
8178
8060
8179
8061
8180
8062
8181
8063
8182
8064
8183
8065
8184
8066
8185
8067
8186
8068
8187
8069
8188
8070
8189
8071
8190
8072
8191
8073
8192
8074
8193
8075
8194
8076
8195
8077
8196
8078
8197
8079
8198
8080
8199
8081
8200
8082
8201
8083
8202
8084
8203
8085
8204
8086
8205
8087
8206
8088
8207
8089
8208
8090
8209
8091
8210
8092
8211
8093
8212
8094
8213
8095
8214
8096
8215
8097
8216
8098
8217
8099
8218
8100
8219
8101
8220
8102
8221
8103
8222
8104
8223
8105
8224
8106
8225
8107
8226
8108
8227
8109
8228
8110
8229
8111
8230
8112
8231
8113
8232
8114
8233
8115
8234
8116
8235
8117
8236
8118
8237
8119
8238
8120
8239
8121
8240
8122
8241
8123
8242
8124
8243
8125
8244
8126
8245
8127
8246
8128
8247
8129
8248
8130
8249
8131
8250
8132
8251
8133
8252
8134
8253
8135
8254
8136
8255
8137
8256
8138
8257
8139
8258
8140
8259
8141
8260
8142
8261
8143
8262
8144
8263
8145
8264
8146
8265
8147
8266
8148
8267
8149
8268
8150
8269
8151
8270
8152
8271
8153
8272
8154
8273
8155
8274
8156
8275
8157
8276
8158
8277
8159
8278
8279
8161
8280
25194
8162
8281
8163
8282
8164
8283
8165
8284
8166
8285
8167
8286
8168
8287
8169
8288
8170
8289
8171
8290
8172
8291
8173
8292
8174
8293
8175
8294
8176
8295
8177
8296
8178
8297
8179
8298
8180
8299
8181
8300
8182
8301
8183
8302
8184
8303
8185
8304
8186
8305
8187
8306
8188
8307
8189
8308
8190
8309
8191
8310
8192
8311
8193
8312
8194
8313
8195
8314
8196
8315
8197
8316
8198
8317
8199
8318
8200
8319
8201
8320
8202
8321
8203
8322
8204
8323
8205
8324
8206
8325
8207
8326
8208
8327
8209
8328
8210
8329
8211
8330
8212
8331
8213
8332
8214
8333
8215
8334
8216
8335
8217
8336
8218
8337
8219
8338
8220
8339
8221
8340
8222
8341
8223
8342
8224
8343
8225
8344
8226
8345
8227
8346
8228
8347
8229
8348
8230
8349
8231
8350
8232
8351
8233
8352
8234
8353
8235
8354
8236
8355
8237
8356
8238
8357
8239
8358
8240
8359
8241
8360
8242
8361
8243
8362
8244
8363
8245
8364
8246
8365
8247
8366
8248
8367
8249
8368
8250
8369
8251
8370
8252
8371
8253
8372
8254
8373
8255
8374
8256
8375
8257
8376
8258
8377
8259
8378
8260
8379
8261
8380
8262
8381
8263
8382
8264
8383
8265
8384
8266
8385
8267
8386
8268
8387
8269
8388
8270
8389
8271
8390
8272
8391
8273
8392
8274
8393
8275
8394
8276
8395
8277
8396
8278
8397
8279
8398
8399
8281
8400
25195
8282
8401
8283
8402
8284
8403
8285
8404
8286
8405
8287
8406
8288
8407
8289
8408
8290
8409
8291
8410
8292
8411
8293
8412
8294
8413
8295
8414
8296
8415
8297
8416
8298
8417
8299
8418
8300
8419
8301
8420
8302
8421
8303
8422
8304
8423
8305
8424
8306
8425
8307
8426
8308
8427
8309
8428
8310
8429
8311
8430
8312
8431
8313
8432
8314
8433
8315
8434
8316
8435
8317
8436
8318
8437
8319
8438
8320
8439
8321
8440
8322
8441
8323
8442
8324
8443
8325
8444
8326
8445
8327
8446
8328
8447
8329
8448
8330
8449
8331
8450
8332
8451
8333
8452
8334
8453
8335
8454
8336
8455
8337
8456
8338
8457
8339
8458
8340
8459
8341
8460
8342
8461
8343
8462
8344
8463
8345
8464
8346
8465
8347
8466
8348
8467
8349
8468
8350
8469
8351
8470
8352
8471
8353
8472
8354
8473
8355
8474
8356
8475
8357
8476
8358
8477
8359
8478
8360
8479
8361
8480
8362
8481
8363
8482
8364
8483
8365
8484
8366
8485
8367
8486
8368
8487
8369
8488
8370
8489
8371
8490
8372
8491
8373
8492
8374
8493
8375
8494
8376
8495
8377
8496
8378
8497
8379
8498
8380
8499
8381
8500
8382
8501
8383
8502
8384
8503
8385
8504
8386
8505
8387
8506
8388
8507
8389
8508
8390
8509
8391
8510
8392
8511
8393
8512
8394
8513
8395
8514
8396
8515
8397
8516
8398
8517
8399
8518
8519
8401
8520
25196
8402
8521
8403
8522
8404
8523
8405
8524
8406
8525
8407
8526
8408
8527
8409
8528
8410
8529
8411
8530
8412
8531
8413
8532
8414
8533
8415
8534
8416
8535
8417
8536
8418
8537
8419
8538
8420
8539
8421
8540
8422
8541
8423
8542
8424
8543
8425
8544
8426
8545
8427
8546
8428
8547
8429
8548
8430
8549
8431
8550
8432
8551
8433
8552
8434
8553
8435
8554
8436
8555
8437
8556
8438
8557
8439
8558
8440
8559
8441
8560
8442
8561
8443
8562
8444
8563
8445
8564
8446
8565
8447
8566
8448
8567
8449
8568
8450
8569
8451
8570
8452
8571
8453
8572
8454
8573
8455
8574
8456
8575
8457
8576
8458
8577
8459
8578
8460
8579
8461
8580
8462
8581
8463
8582
8464
8583
8465
8584
8466
8585
8467
8586
8468
8587
8469
8588
8470
8589
8471
8590
8472
8591
8473
8592
8474
8593
8475
8594
8476
8595
8477
8596
8478
8597
8479
8598
8480
8599
8481
8600
8482
8601
8483
8602
8484
8603
8485
8604
8486
8605
8487
8606
8488
8607
8489
8608
8490
8609
8491
8610
8492
8611
8493
8612
8494
8613
8495
8614
8496
8615
8497
8616
8498
8617
8499
8618
8500
8619
8501
8620
8502
8621
8503
8622
8504
8623
8505
8624
8506
8625
8507
8626
8508
8627
8509
8628
8510
8629
8511
8630
8512
8631
8513
8632
8514
8633
8515
8634
8516
8635
8517
8636
8518
8637
8519
8638
8639
8521
8640
25197
8522
8641
8523
8642
8524
8643
8525
8644
8526
8645
8527
8646
8528
8647
8529
8648
8530
8649
8531
8650
8532
8651
8533
8652
8534
8653
8535
8654
8536
8655
8537
8656
8538
8657
8539
8658
8540
8659
8541
8660
8542
8661
8543
8662
8544
8663
8545
8664
8546
8665
8547
8666
8548
8667
8549
8668
8550
8669
8551
8670
8552
8671
8553
8672
8554
8673
8555
8674
8556
8675
8557
8676
8558
8677
8559
8678
8560
8679
8561
8680
8562
8681
8563
8682
8564
8683
8565
8684
8566
8685
8567
8686
8568
8687
8569
8688
8570
8689
8571
8690
8572
8691
8573
8692
8574
8693
8575
8694
8576
8695
8577
8696
8578
8697
8579
8698
8580
8699
8581
8700
8582
8701
8583
8702
8584
8703
8585
8704
8586
8705
8587
8706
8588
8707
8589
8708
8590
8709
8591
8710
8592
8711
8593
8712
8594
8713
8595
8714
8596
8715
8597
8716
8598
8717
8599
8718
8600
8719
8601
8720
8602
8721
8603
8722
8604
8723
8605
8724
8606
8725
8607
8726
8608
8727
8609
8728
8610
8729
8611
8730
8612
8731
8613
8732
8614
8733
8615
8734
8616
8735
8617
8736
8618
8737
8619
8738
8620
8739
8621
8740
8622
8741
8623
8742
8624
8743
8625
8744
8626
8745
8627
8746
8628
8747
8629
8748
8630
8749
8631
8750
8632
8751
8633
8752
8634
8753
8635
8754
8636
8755
8637
8756
8638
8757
8639
8758
8759
8641
8760
25198
8642
8761
8643
8762
8644
8763
8645
8764
8646
8765
8647
8766
8648
8767
8649
8768
8650
8769
8651
8770
8652
8771
8653
8772
8654
8773
8655
8774
8656
8775
8657
8776
8658
8777
8659
8778
8660
8779
8661
8780
8662
8781
8663
8782
8664
8783
8665
8784
8666
8785
8667
8786
8668
8787
8669
8788
8670
8789
8671
8790
8672
8791
8673
8792
8674
8793
8675
8794
8676
8795
8677
8796
8678
8797
8679
8798
8680
8799
8681
8800
8682
8801
8683
8802
8684
8803
8685
8804
8686
8805
8687
8806
8688
8807
8689
8808
8690
8809
8691
8810
8692
8811
8693
8812
8694
8813
8695
8814
8696
8815
8697
8816
8698
8817
8699
8818
8700
8819
8701
8820
8702
8821
8703
8822
8704
8823
8705
8824
8706
8825
8707
8826
8708
8827
8709
8828
8710
8829
8711
8830
8712
8831
8713
8832
8714
8833
8715
8834
8716
8835
8717
8836
8718
8837
8719
8838
8720
8839
8721
8840
8722
8841
8723
8842
8724
8843
8725
8844
8726
8845
8727
8846
8728
8847
8729
8848
8730
8849
8731
8850
8732
8851
8733
8852
8734
8853
8735
8854
8736
8855
8737
8856
8738
8857
8739
8858
8740
8859
8741
8860
8742
8861
8743
8862
8744
8863
8745
8864
8746
8865
8747
8866
8748
8867
8749
8868
8750
8869
8751
8870
8752
8871
8753
8872
8754
8873
8755
8874
8756
8875
8757
8876
8758
8877
8759
8878
8879
8761
8880
25199
8762
8881
8763
8882
8764
8883
8765
8884
8766
8885
8767
8886
8768
8887
8769
8888
8770
8889
8771
8890
8772
8891
8773
8892
8774
8893
8775
8894
8776
8895
8777
8896
8778
8897
8779
8898
8780
8899
8781
8900
8782
8901
8783
8902
8784
8903
8785
8904
8786
8905
8787
8906
8788
8907
8789
8908
8790
8909
8791
8910
8792
8911
8793
8912
8794
8913
8795
8914
8796
8915
8797
8916
8798
8917
8799
8918
8800
8919
8801
8920
8802
8921
8803
8922
8804
8923
8805
8924
8806
8925
8807
8926
8808
8927
8809
8928
8810
8929
8811
8930
8812
8931
8813
8932
8814
8933
8815
8934
8816
8935
8817
8936
8818
8937
8819
8938
8820
8939
8821
8940
8822
8941
8823
8942
8824
8943
8825
8944
8826
8945
8827
8946
8828
8947
8829
8948
8830
8949
8831
8950
8832
8951
8833
8952
8834
8953
8835
8954
8836
8955
8837
8956
8838
8957
8839
8958
8840
8959
8841
8960
8842
8961
8843
8962
8844
8963
8845
8964
8846
8965
8847
8966
8848
8967
8849
8968
8850
8969
8851
8970
8852
8971
8853
8972
8854
8973
8855
8974
8856
8975
8857
8976
8858
8977
8859
8978
8860
8979
8861
8980
8862
8981
8863
8982
8864
8983
8865
8984
8866
8985
8867
8986
8868
8987
8869
8988
8870
8989
8871
8990
8872
8991
8873
8992
8874
8993
8875
8994
8876
8995
8877
8996
8878
8997
8879
8998
8999
8881
9000
25200
8882
9001
8883
9002
8884
9003
8885
9004
8886
9005
8887
9006
8888
9007
8889
9008
8890
9009
8891
9010
8892
9011
8893
9012
8894
9013
8895
9014
8896
9015
8897
9016
8898
9017
8899
9018
8900
9019
8901
9020
8902
9021
8903
9022
8904
9023
8905
9024
8906
9025
8907
9026
8908
9027
8909
9028
8910
9029
8911
9030
8912
9031
8913
9032
8914
9033
8915
9034
8916
9035
8917
9036
8918
9037
8919
9038
8920
9039
8921
9040
8922
9041
8923
9042
8924
9043
8925
9044
8926
9045
8927
9046
8928
9047
8929
9048
8930
9049
8931
9050
8932
9051
8933
9052
8934
9053
8935
9054
8936
9055
8937
9056
8938
9057
8939
9058
8940
9059
8941
9060
8942
9061
8943
9062
8944
9063
8945
9064
8946
9065
8947
9066
8948
9067
8949
9068
8950
9069
8951
9070
8952
9071
8953
9072
8954
9073
8955
9074
8956
9075
8957
9076
8958
9077
8959
9078
8960
9079
8961
9080
8962
9081
8963
9082
8964
9083
8965
9084
8966
9085
8967
9086
8968
9087
8969
9088
8970
9089
8971
9090
8972
9091
8973
9092
8974
9093
8975
9094
8976
9095
8977
9096
8978
9097
8979
9098
8980
9099
8981
9100
8982
9101
8983
9102
8984
9103
8985
9104
8986
9105
8987
9106
8988
9107
8989
9108
8990
9109
8991
9110
8992
9111
8993
9112
8994
9113
8995
9114
8996
9115
8997
9116
8998
9117
8999
9118
9119
9001
9120
25201
9002
9121
9003
9122
9004
9123
9005
9124
9006
9125
9007
9126
9008
9127
9009
9128
9010
9129
9011
9130
9012
9131
9013
9132
9014
9133
9015
9134
9016
9135
9017
9136
9018
9137
9019
9138
9020
9139
9021
9140
9022
9141
9023
9142
9024
9143
9025
9144
9026
9145
9027
9146
9028
9147
9029
9148
9030
9149
9031
9150
9032
9151
9033
9152
9034
9153
9035
9154
9036
9155
9037
9156
9038
9157
9039
9158
9040
9159
9041
9160
9042
9161
9043
9162
9044
9163
9045
9164
9046
9165
9047
9166
9048
9167
9049
9168
9050
9169
9051
9170
9052
9171
9053
9172
9054
9173
9055
9174
9056
9175
9057
9176
9058
9177
9059
9178
9060
9179
9061
9180
9062
9181
9063
9182
9064
9183
9065
9184
9066
9185
9067
9186
9068
9187
9069
9188
9070
9189
9071
9190
9072
9191
9073
9192
9074
9193
9075
9194
9076
9195
9077
9196
9078
9197
9079
9198
9080
9199
9081
9200
9082
9201
9083
9202
9084
9203
9085
9204
9086
9205
9087
9206
9088
9207
9089
9208
9090
9209
9091
9210
9092
9211
9093
9212
9094
9213
9095
9214
9096
9215
9097
9216
9098
9217
9099
9218
9100
9219
9101
9220
9102
9221
9103
9222
9104
9223
9105
9224
9106
9225
9107
9226
9108
9227
9109
9228
9110
9229
9111
9230
9112
9231
9113
9232
9114
9233
9115
9234
9116
9235
9117
9236
9118
9237
9119
9238
9239
9121
9240
25202
9122
9241
9123
9242
9124
9243
9125
9244
9126
9245
9127
9246
9128
9247
9129
9248
9130
9249
9131
9250
9132
9251
9133
9252
9134
9253
9135
9254
9136
9255
9137
9256
9138
9257
9139
9258
9140
9259
9141
9260
9142
9261
9143
9262
9144
9263
9145
9264
9146
9265
9147
9266
9148
9267
9149
9268
9150
9269
9151
9270
9152
9271
9153
9272
9154
9273
9155
9274
9156
9275
9157
9276
9158
9277
9159
9278
9160
9279
9161
9280
9162
9281
9163
9282
9164
9283
9165
9284
9166
9285
9167
9286
9168
9287
9169
9288
9170
9289
9171
9290
9172
9291
9173
9292
9174
9293
9175
9294
9176
9295
9177
9296
9178
9297
9179
9298
9180
9299
9181
9300
9182
9301
9183
9302
9184
9303
9185
9304
9186
9305
9187
9306
9188
9307
9189
9308
9190
9309
9191
9310
9192
9311
9193
9312
9194
9313
9195
9314
9196
9315
9197
9316
9198
9317
9199
9318
9200
9319
9201
9320
9202
9321
9203
9322
9204
9323
9205
9324
9206
9325
9207
9326
9208
9327
9209
9328
9210
9329
9211
9330
9212
9331
9213
9332
9214
9333
9215
9334
9216
9335
9217
9336
9218
9337
9219
9338
9220
9339
9221
9340
9222
9341
9223
9342
9224
9343
9225
9344
9226
9345
9227
9346
9228
9347
9229
9348
9230
9349
9231
9350
9232
9351
9233
9352
9234
9353
9235
9354
9236
9355
9237
9356
9238
9357
9239
9358
9359
9241
9360
25203
9242
9361
9243
9362
9244
9363
9245
9364
9246
9365
9247
9366
9248
9367
9249
9368
9250
9369
9251
9370
9252
9371
9253
9372
9254
9373
9255
9374
9256
9375
9257
9376
9258
9377
9259
9378
9260
9379
9261
9380
9262
9381
9263
9382
9264
9383
9265
9384
9266
9385
9267
9386
9268
9387
9269
9388
9270
9389
9271
9390
9272
9391
9273
9392
9274
9393
9275
9394
9276
9395
9277
9396
9278
9397
9279
9398
9280
9399
9281
9400
9282
9401
9283
9402
9284
9403
9285
9404
9286
9405
9287
9406
9288
9407
9289
9408
9290
9409
9291
9410
9292
9411
9293
9412
9294
9413
9295
9414
9296
9415
9297
9416
9298
9417
9299
9418
9300
9419
9301
9420
9302
9421
9303
9422
9304
9423
9305
9424
9306
9425
9307
9426
9308
9427
9309
9428
9310
9429
9311
9430
9312
9431
9313
9432
9314
9433
9315
9434
9316
9435
9317
9436
9318
9437
9319
9438
9320
9439
9321
9440
9322
9441
9323
9442
9324
9443
9325
9444
9326
9445
9327
9446
9328
9447
9329
9448
9330
9449
9331
9450
9332
9451
9333
9452
9334
9453
9335
9454
9336
9455
9337
9456
9338
9457
9339
9458
9340
9459
9341
9460
9342
9461
9343
9462
9344
9463
9345
9464
9346
9465
9347
9466
9348
9467
9349
9468
9350
9469
9351
9470
9352
9471
9353
9472
9354
9473
9355
9474
9356
9475
9357
9476
9358
9477
9359
9478
9479
9361
9480
25204
9362
9481
9363
9482
9364
9483
9365
9484
9366
9485
9367
9486
9368
9487
9369
9488
9370
9489
9371
9490
9372
9491
9373
9492
9374
9493
9375
9494
9376
9495
9377
9496
9378
9497
9379
9498
9380
9499
9381
9500
9382
9501
9383
9502
9384
9503
9385
9504
9386
9505
9387
9506
9388
9507
9389
9508
9390
9509
9391
9510
9392
9511
9393
9512
9394
9513
9395
9514
9396
9515
9397
9516
9398
9517
9399
9518
9400
9519
9401
9520
9402
9521
9403
9522
9404
9523
9405
9524
9406
9525
9407
9526
9408
9527
9409
9528
9410
9529
9411
9530
9412
9531
9413
9532
9414
9533
9415
9534
9416
9535
9417
9536
9418
9537
9419
9538
9420
9539
9421
9540
9422
9541
9423
9542
9424
9543
9425
9544
9426
9545
9427
9546
9428
9547
9429
9548
9430
9549
9431
9550
9432
9551
9433
9552
9434
9553
9435
9554
9436
9555
9437
9556
9438
9557
9439
9558
9440
9559
9441
9560
9442
9561
9443
9562
9444
9563
9445
9564
9446
9565
9447
9566
9448
9567
9449
9568
9450
9569
9451
9570
9452
9571
9453
9572
9454
9573
9455
9574
9456
9575
9457
9576
9458
9577
9459
9578
9460
9579
9461
9580
9462
9581
9463
9582
9464
9583
9465
9584
9466
9585
9467
9586
9468
9587
9469
9588
9470
9589
9471
9590
9472
9591
9473
9592
9474
9593
9475
9594
9476
9595
9477
9596
9478
9597
9479
9598
9599
9481
9600
25205
9482
9601
9483
9602
9484
9603
9485
9604
9486
9605
9487
9606
9488
9607
9489
9608
9490
9609
9491
9610
9492
9611
9493
9612
9494
9613
9495
9614
9496
9615
9497
9616
9498
9617
9499
9618
9500
9619
9501
9620
9502
9621
9503
9622
9504
9623
9505
9624
9506
9625
9507
9626
9508
9627
9509
9628
9510
9629
9511
9630
9512
9631
9513
9632
9514
9633
9515
9634
9516
9635
9517
9636
9518
9637
9519
9638
9520
9639
9521
9640
9522
9641
9523
9642
9524
9643
9525
9644
9526
9645
9527
9646
9528
9647
9529
9648
9530
9649
9531
9650
9532
9651
9533
9652
9534
9653
9535
9654
9536
9655
9537
9656
9538
9657
9539
9658
9540
9659
9541
9660
9542
9661
9543
9662
9544
9663
9545
9664
9546
9665
9547
9666
9548
9667
9549
9668
9550
9669
9551
9670
9552
9671
9553
9672
9554
9673
9555
9674
9556
9675
9557
9676
9558
9677
9559
9678
9560
9679
9561
9680
9562
9681
9563
9682
9564
9683
9565
9684
9566
9685
9567
9686
9568
9687
9569
9688
9570
9689
9571
9690
9572
9691
9573
9692
9574
9693
9575
9694
9576
9695
9577
9696
9578
9697
9579
9698
9580
9699
9581
9700
9582
9701
9583
9702
9584
9703
9585
9704
9586
9705
9587
9706
9588
9707
9589
9708
9590
9709
9591
9710
9592
9711
9593
9712
9594
9713
9595
9714
9596
9715
9597
9716
9598
9717
9599
9718
9719
9601
9720
25206
9602
9721
9603
9722
9604
9723
9605
9724
9606
9725
9607
9726
9608
9727
9609
9728
9610
9729
9611
9730
9612
9731
9613
9732
9614
9733
9615
9734
9616
9735
9617
9736
9618
9737
9619
9738
9620
9739
9621
9740
9622
9741
9623
9742
9624
9743
9625
9744
9626
9745
9627
9746
9628
9747
9629
9748
9630
9749
9631
9750
9632
9751
9633
9752
9634
9753
9635
9754
9636
9755
9637
9756
9638
9757
9639
9758
9640
9759
9641
9760
9642
9761
9643
9762
9644
9763
9645
9764
9646
9765
9647
9766
9648
9767
9649
9768
9650
9769
9651
9770
9652
9771
9653
9772
9654
9773
9655
9774
9656
9775
9657
9776
9658
9777
9659
9778
9660
9779
9661
9780
9662
9781
9663
9782
9664
9783
9665
9784
9666
9785
9667
9786
9668
9787
9669
9788
9670
9789
9671
9790
9672
9791
9673
9792
9674
9793
9675
9794
9676
9795
9677
9796
9678
9797
9679
9798
9680
9799
9681
9800
9682
9801
9683
9802
9684
9803
9685
9804
9686
9805
9687
9806
9688
9807
9689
9808
9690
9809
9691
9810
9692
9811
9693
9812
9694
9813
9695
9814
9696
9815
9697
9816
9698
9817
9699
9818
9700
9819
9701
9820
9702
9821
9703
9822
9704
9823
9705
9824
9706
9825
9707
9826
9708
9827
9709
9828
9710
9829
9711
9830
9712
9831
9713
9832
9714
9833
9715
9834
9716
9835
9717
9836
9718
9837
9719
9838
9839
9721
9840
25207
9722
9841
9723
9842
9724
9843
9725
9844
9726
9845
9727
9846
9728
9847
9729
9848
9730
9849
9731
9850
9732
9851
9733
9852
9734
9853
9735
9854
9736
9855
9737
9856
9738
9857
9739
9858
9740
9859
9741
9860
9742
9861
9743
9862
9744
9863
9745
9864
9746
9865
9747
9866
9748
9867
9749
9868
9750
9869
9751
9870
9752
9871
9753
9872
9754
9873
9755
9874
9756
9875
9757
9876
9758
9877
9759
9878
9760
9879
9761
9880
9762
9881
9763
9882
9764
9883
9765
9884
9766
9885
9767
9886
9768
9887
9769
9888
9770
9889
9771
9890
9772
9891
9773
9892
9774
9893
9775
9894
9776
9895
9777
9896
9778
9897
9779
9898
9780
9899
9781
9900
9782
9901
9783
9902
9784
9903
9785
9904
9786
9905
9787
9906
9788
9907
9789
9908
9790
9909
9791
9910
9792
9911
9793
9912
9794
9913
9795
9914
9796
9915
9797
9916
9798
9917
9799
9918
9800
9919
9801
9920
9802
9921
9803
9922
9804
9923
9805
9924
9806
9925
9807
9926
9808
9927
9809
9928
9810
9929
9811
9930
9812
9931
9813
9932
9814
9933
9815
9934
9816
9935
9817
9936
9818
9937
9819
9938
9820
9939
9821
9940
9822
9941
9823
9942
9824
9943
9825
9944
9826
9945
9827
9946
9828
9947
9829
9948
9830
9949
9831
9950
9832
9951
9833
9952
9834
9953
9835
9954
9836
9955
9837
9956
9838
9957
9839
9958
9959
9841
9960
25208
9842
9961
9843
9962
9844
9963
9845
9964
9846
9965
9847
9966
9848
9967
9849
9968
9850
9969
9851
9970
9852
9971
9853
9972
9854
9973
9855
9974
9856
9975
9857
9976
9858
9977
9859
9978
9860
9979
9861
9980
9862
9981
9863
9982
9864
9983
9865
9984
9866
9985
9867
9986
9868
9987
9869
9988
9870
9989
9871
9990
9872
9991
9873
9992
9874
9993
9875
9994
9876
9995
9877
9996
9878
9997
9879
9998
9880
9999
9881
10000
9882
10001
9883
10002
9884
10003
9885
10004
9886
10005
9887
10006
9888
10007
9889
10008
9890
10009
9891
10010
9892
10011
9893
10012
9894
10013
9895
10014
9896
10015
9897
10016
9898
10017
9899
10018
9900
10019
9901
10020
9902
10021
9903
10022
9904
10023
9905
10024
9906
10025
9907
10026
9908
10027
9909
10028
9910
10029
9911
10030
9912
10031
9913
10032
9914
10033
9915
10034
9916
10035
9917
10036
9918
10037
9919
10038
9920
10039
9921
10040
9922
10041
9923
10042
9924
10043
9925
10044
9926
10045
9927
10046
9928
10047
9929
10048
9930
10049
9931
10050
9932
10051
9933
10052
9934
10053
9935
10054
9936
10055
9937
10056
9938
10057
9939
10058
9940
10059
9941
10060
9942
10061
9943
10062
9944
10063
9945
10064
9946
10065
9947
10066
9948
10067
9949
10068
9950
10069
9951
10070
9952
10071
9953
10072
9954
10073
9955
10074
9956
10075
9957
10076
9958
10077
9959
10078
10079
9961
10080
25209
9962
10081
9963
10082
9964
10083
9965
10084
9966
10085
9967
10086
9968
10087
9969
10088
9970
10089
9971
10090
9972
10091
9973
10092
9974
10093
9975
10094
9976
10095
9977
10096
9978
10097
9979
10098
9980
10099
9981
10100
9982
10101
9983
10102
9984
10103
9985
10104
9986
10105
9987
10106
9988
10107
9989
10108
9990
10109
9991
10110
9992
10111
9993
10112
9994
10113
9995
10114
9996
10115
9997
10116
9998
10117
9999
10118
10000
10119
10001
10120
10002
10121
10003
10122
10004
10123
10005
10124
10006
10125
10007
10126
10008
10127
10009
10128
10010
10129
10011
10130
10012
10131
10013
10132
10014
10133
10015
10134
10016
10135
10017
10136
10018
10137
10019
10138
10020
10139
10021
10140
10022
10141
10023
10142
10024
10143
10025
10144
10026
10145
10027
10146
10028
10147
10029
10148
10030
10149
10031
10150
10032
10151
10033
10152
10034
10153
10035
10154
10036
10155
10037
10156
10038
10157
10039
10158
10040
10159
10041
10160
10042
10161
10043
10162
10044
10163
10045
10164
10046
10165
10047
10166
10048
10167
10049
10168
10050
10169
10051
10170
10052
10171
10053
10172
10054
10173
10055
10174
10056
10175
10057
10176
10058
10177
10059
10178
10060
10179
10061
10180
10062
10181
10063
10182
10064
10183
10065
10184
10066
10185
10067
10186
10068
10187
10069
10188
10070
10189
10071
10190
10072
10191
10073
10192
10074
10193
10075
10194
10076
10195
10077
10196
10078
10197
10079
10198
10199
10081
10200
25210
10082
10201
10083
10202
10084
10203
10085
10204
10086
10205
10087
10206
10088
10207
10089
10208
10090
10209
10091
10210
10092
10211
10093
10212
10094
10213
10095
10214
10096
10215
10097
10216
10098
10217
10099
10218
10100
10219
10101
10220
10102
10221
10103
10222
10104
10223
10105
10224
10106
10225
10107
10226
10108
10227
10109
10228
10110
10229
10111
10230
10112
10231
10113
10232
10114
10233
10115
10234
10116
10235
10117
10236
10118
10237
10119
10238
10120
10239
10121
10240
10122
10241
10123
10242
10124
10243
10125
10244
10126
10245
10127
10246
10128
10247
10129
10248
10130
10249
10131
10250
10132
10251
10133
10252
10134
10253
10135
10254
10136
10255
10137
10256
10138
10257
10139
10258
10140
10259
10141
10260
10142
10261
10143
10262
10144
10263
10145
10264
10146
10265
10147
10266
10148
10267
10149
10268
10150
10269
10151
10270
10152
10271
10153
10272
10154
10273
10155
10274
10156
10275
10157
10276
10158
10277
10159
10278
10160
10279
10161
10280
10162
10281
10163
10282
10164
10283
10165
10284
10166
10285
10167
10286
10168
10287
10169
10288
10170
10289
10171
10290
10172
10291
10173
10292
10174
10293
10175
10294
10176
10295
10177
10296
10178
10297
10179
10298
10180
10299
10181
10300
10182
10301
10183
10302
10184
10303
10185
10304
10186
10305
10187
10306
10188
10307
10189
10308
10190
10309
10191
10310
10192
10311
10193
10312
10194
10313
10195
10314
10196
10315
10197
10316
10198
10317
10199
10318
10319
10201
10320
25211
10202
10321
10203
10322
10204
10323
10205
10324
10206
10325
10207
10326
10208
10327
10209
10328
10210
10329
10211
10330
10212
10331
10213
10332
10214
10333
10215
10334
10216
10335
10217
10336
10218
10337
10219
10338
10220
10339
10221
10340
10222
10341
10223
10342
10224
10343
10225
10344
10226
10345
10227
10346
10228
10347
10229
10348
10230
10349
10231
10350
10232
10351
10233
10352
10234
10353
10235
10354
10236
10355
10237
10356
10238
10357
10239
10358
10240
10359
10241
10360
10242
10361
10243
10362
10244
10363
10245
10364
10246
10365
10247
10366
10248
10367
10249
10368
10250
10369
10251
10370
10252
10371
10253
10372
10254
10373
10255
10374
10256
10375
10257
10376
10258
10377
10259
10378
10260
10379
10261
10380
10262
10381
10263
10382
10264
10383
10265
10384
10266
10385
10267
10386
10268
10387
10269
10388
10270
10389
10271
10390
10272
10391
10273
10392
10274
10393
10275
10394
10276
10395
10277
10396
10278
10397
10279
10398
10280
10399
10281
10400
10282
10401
10283
10402
10284
10403
10285
10404
10286
10405
10287
10406
10288
10407
10289
10408
10290
10409
10291
10410
10292
10411
10293
10412
10294
10413
10295
10414
10296
10415
10297
10416
10298
10417
10299
10418
10300
10419
10301
10420
10302
10421
10303
10422
10304
10423
10305
10424
10306
10425
10307
10426
10308
10427
10309
10428
10310
10429
10311
10430
10312
10431
10313
10432
10314
10433
10315
10434
10316
10435
10317
10436
10318
10437
10319
10438
10439
10321
10440
25212
10322
10441
10323
10442
10324
10443
10325
10444
10326
10445
10327
10446
10328
10447
10329
10448
10330
10449
10331
10450
10332
10451
10333
10452
10334
10453
10335
10454
10336
10455
10337
10456
10338
10457
10339
10458
10340
10459
10341
10460
10342
10461
10343
10462
10344
10463
10345
10464
10346
10465
10347
10466
10348
10467
10349
10468
10350
10469
10351
10470
10352
10471
10353
10472
10354
10473
10355
10474
10356
10475
10357
10476
10358
10477
10359
10478
10360
10479
10361
10480
10362
10481
10363
10482
10364
10483
10365
10484
10366
10485
10367
10486
10368
10487
10369
10488
10370
10489
10371
10490
10372
10491
10373
10492
10374
10493
10375
10494
10376
10495
10377
10496
10378
10497
10379
10498
10380
10499
10381
10500
10382
10501
10383
10502
10384
10503
10385
10504
10386
10505
10387
10506
10388
10507
10389
10508
10390
10509
10391
10510
10392
10511
10393
10512
10394
10513
10395
10514
10396
10515
10397
10516
10398
10517
10399
10518
10400
10519
10401
10520
10402
10521
10403
10522
10404
10523
10405
10524
10406
10525
10407
10526
10408
10527
10409
10528
10410
10529
10411
10530
10412
10531
10413
10532
10414
10533
10415
10534
10416
10535
10417
10536
10418
10537
10419
10538
10420
10539
10421
10540
10422
10541
10423
10542
10424
10543
10425
10544
10426
10545
10427
10546
10428
10547
10429
10548
10430
10549
10431
10550
10432
10551
10433
10552
10434
10553
10435
10554
10436
10555
10437
10556
10438
10557
10439
10558
10559
10441
10560
25213
10442
10561
10443
10562
10444
10563
10445
10564
10446
10565
10447
10566
10448
10567
10449
10568
10450
10569
10451
10570
10452
10571
10453
10572
10454
10573
10455
10574
10456
10575
10457
10576
10458
10577
10459
10578
10460
10579
10461
10580
10462
10581
10463
10582
10464
10583
10465
10584
10466
10585
10467
10586
10468
10587
10469
10588
10470
10589
10471
10590
10472
10591
10473
10592
10474
10593
10475
10594
10476
10595
10477
10596
10478
10597
10479
10598
10480
10599
10481
10600
10482
10601
10483
10602
10484
10603
10485
10604
10486
10605
10487
10606
10488
10607
10489
10608
10490
10609
10491
10610
10492
10611
10493
10612
10494
10613
10495
10614
10496
10615
10497
10616
10498
10617
10499
10618
10500
10619
10501
10620
10502
10621
10503
10622
10504
10623
10505
10624
10506
10625
10507
10626
10508
10627
10509
10628
10510
10629
10511
10630
10512
10631
10513
10632
10514
10633
10515
10634
10516
10635
10517
10636
10518
10637
10519
10638
10520
10639
10521
10640
10522
10641
10523
10642
10524
10643
10525
10644
10526
10645
10527
10646
10528
10647
10529
10648
10530
10649
10531
10650
10532
10651
10533
10652
10534
10653
10535
10654
10536
10655
10537
10656
10538
10657
10539
10658
10540
10659
10541
10660
10542
10661
10543
10662
10544
10663
10545
10664
10546
10665
10547
10666
10548
10667
10549
10668
10550
10669
10551
10670
10552
10671
10553
10672
10554
10673
10555
10674
10556
10675
10557
10676
10558
10677
10559
10678
10679
10561
10680
25214
10562
10681
10563
10682
10564
10683
10565
10684
10566
10685
10567
10686
10568
10687
10569
10688
10570
10689
10571
10690
10572
10691
10573
10692
10574
10693
10575
10694
10576
10695
10577
10696
10578
10697
10579
10698
10580
10699
10581
10700
10582
10701
10583
10702
10584
10703
10585
10704
10586
10705
10587
10706
10588
10707
10589
10708
10590
10709
10591
10710
10592
10711
10593
10712
10594
10713
10595
10714
10596
10715
10597
10716
10598
10717
10599
10718
10600
10719
10601
10720
10602
10721
10603
10722
10604
10723
10605
10724
10606
10725
10607
10726
10608
10727
10609
10728
10610
10729
10611
10730
10612
10731
10613
10732
10614
10733
10615
10734
10616
10735
10617
10736
10618
10737
10619
10738
10620
10739
10621
10740
10622
10741
10623
10742
10624
10743
10625
10744
10626
10745
10627
10746
10628
10747
10629
10748
10630
10749
10631
10750
10632
10751
10633
10752
10634
10753
10635
10754
10636
10755
10637
10756
10638
10757
10639
10758
10640
10759
10641
10760
10642
10761
10643
10762
10644
10763
10645
10764
10646
10765
10647
10766
10648
10767
10649
10768
10650
10769
10651
10770
10652
10771
10653
10772
10654
10773
10655
10774
10656
10775
10657
10776
10658
10777
10659
10778
10660
10779
10661
10780
10662
10781
10663
10782
10664
10783
10665
10784
10666
10785
10667
10786
10668
10787
10669
10788
10670
10789
10671
10790
10672
10791
10673
10792
10674
10793
10675
10794
10676
10795
10677
10796
10678
10797
10679
10798
10799
10681
10800
25215
10682
10801
10683
10802
10684
10803
10685
10804
10686
10805
10687
10806
10688
10807
10689
10808
10690
10809
10691
10810
10692
10811
10693
10812
10694
10813
10695
10814
10696
10815
10697
10816
10698
10817
10699
10818
10700
10819
10701
10820
10702
10821
10703
10822
10704
10823
10705
10824
10706
10825
10707
10826
10708
10827
10709
10828
10710
10829
10711
10830
10712
10831
10713
10832
10714
10833
10715
10834
10716
10835
10717
10836
10718
10837
10719
10838
10720
10839
10721
10840
10722
10841
10723
10842
10724
10843
10725
10844
10726
10845
10727
10846
10728
10847
10729
10848
10730
10849
10731
10850
10732
10851
10733
10852
10734
10853
10735
10854
10736
10855
10737
10856
10738
10857
10739
10858
10740
10859
10741
10860
10742
10861
10743
10862
10744
10863
10745
10864
10746
10865
10747
10866
10748
10867
10749
10868
10750
10869
10751
10870
10752
10871
10753
10872
10754
10873
10755
10874
10756
10875
10757
10876
10758
10877
10759
10878
10760
10879
10761
10880
10762
10881
10763
10882
10764
10883
10765
10884
10766
10885
10767
10886
10768
10887
10769
10888
10770
10889
10771
10890
10772
10891
10773
10892
10774
10893
10775
10894
10776
10895
10777
10896
10778
10897
10779
10898
10780
10899
10781
10900
10782
10901
10783
10902
10784
10903
10785
10904
10786
10905
10787
10906
10788
10907
10789
10908
10790
10909
10791
10910
10792
10911
10793
10912
10794
10913
10795
10914
10796
10915
10797
10916
10798
10917
10799
10918
10919
10801
10920
25216
10802
10921
10803
10922
10804
10923
10805
10924
10806
10925
10807
10926
10808
10927
10809
10928
10810
10929
10811
10930
10812
10931
10813
10932
10814
10933
10815
10934
10816
10935
10817
10936
10818
10937
10819
10938
10820
10939
10821
10940
10822
10941
10823
10942
10824
10943
10825
10944
10826
10945
10827
10946
10828
10947
10829
10948
10830
10949
10831
10950
10832
10951
10833
10952
10834
10953
10835
10954
10836
10955
10837
10956
10838
10957
10839
10958
10840
10959
10841
10960
10842
10961
10843
10962
10844
10963
10845
10964
10846
10965
10847
10966
10848
10967
10849
10968
10850
10969
10851
10970
10852
10971
10853
10972
10854
10973
10855
10974
10856
10975
10857
10976
10858
10977
10859
10978
10860
10979
10861
10980
10862
10981
10863
10982
10864
10983
10865
10984
10866
10985
10867
10986
10868
10987
10869
10988
10870
10989
10871
10990
10872
10991
10873
10992
10874
10993
10875
10994
10876
10995
10877
10996
10878
10997
10879
10998
10880
10999
10881
11000
10882
11001
10883
11002
10884
11003
10885
11004
10886
11005
10887
11006
10888
11007
10889
11008
10890
11009
10891
11010
10892
11011
10893
11012
10894
11013
10895
11014
10896
11015
10897
11016
10898
11017
10899
11018
10900
11019
10901
11020
10902
11021
10903
11022
10904
11023
10905
11024
10906
11025
10907
11026
10908
11027
10909
11028
10910
11029
10911
11030
10912
11031
10913
11032
10914
11033
10915
11034
10916
11035
10917
11036
10918
11037
10919
11038
11039
10921
11040
25217
10922
11041
10923
11042
10924
11043
10925
11044
10926
11045
10927
11046
10928
11047
10929
11048
10930
11049
10931
11050
10932
11051
10933
11052
10934
11053
10935
11054
10936
11055
10937
11056
10938
11057
10939
11058
10940
11059
10941
11060
10942
11061
10943
11062
10944
11063
10945
11064
10946
11065
10947
11066
10948
11067
10949
11068
10950
11069
10951
11070
10952
11071
10953
11072
10954
11073
10955
11074
10956
11075
10957
11076
10958
11077
10959
11078
10960
11079
10961
11080
10962
11081
10963
11082
10964
11083
10965
11084
10966
11085
10967
11086
10968
11087
10969
11088
10970
11089
10971
11090
10972
11091
10973
11092
10974
11093
10975
11094
10976
11095
10977
11096
10978
11097
10979
11098
10980
11099
10981
11100
10982
11101
10983
11102
10984
11103
10985
11104
10986
11105
10987
11106
10988
11107
10989
11108
10990
11109
10991
11110
10992
11111
10993
11112
10994
11113
10995
11114
10996
11115
10997
11116
10998
11117
10999
11118
11000
11119
11001
11120
11002
11121
11003
11122
11004
11123
11005
11124
11006
11125
11007
11126
11008
11127
11009
11128
11010
11129
11011
11130
11012
11131
11013
11132
11014
11133
11015
11134
11016
11135
11017
11136
11018
11137
11019
11138
11020
11139
11021
11140
11022
11141
11023
11142
11024
11143
11025
11144
11026
11145
11027
11146
11028
11147
11029
11148
11030
11149
11031
11150
11032
11151
11033
11152
11034
11153
11035
11154
11036
11155
11037
11156
11038
11157
11039
11158
11159
11041
11160
25218
11042
11161
11043
11162
11044
11163
11045
11164
11046
11165
11047
11166
11048
11167
11049
11168
11050
11169
11051
11170
11052
11171
11053
11172
11054
11173
11055
11174
11056
11175
11057
11176
11058
11177
11059
11178
11060
11179
11061
11180
11062
11181
11063
11182
11064
11183
11065
11184
11066
11185
11067
11186
11068
11187
11069
11188
11070
11189
11071
11190
11072
11191
11073
11192
11074
11193
11075
11194
11076
11195
11077
11196
11078
11197
11079
11198
11080
11199
11081
11200
11082
11201
11083
11202
11084
11203
11085
11204
11086
11205
11087
11206
11088
11207
11089
11208
11090
11209
11091
11210
11092
11211
11093
11212
11094
11213
11095
11214
11096
11215
11097
11216
11098
11217
11099
11218
11100
11219
11101
11220
11102
11221
11103
11222
11104
11223
11105
11224
11106
11225
11107
11226
11108
11227
11109
11228
11110
11229
11111
11230
11112
11231
11113
11232
11114
11233
11115
11234
11116
11235
11117
11236
11118
11237
11119
11238
11120
11239
11121
11240
11122
11241
11123
11242
11124
11243
11125
11244
11126
11245
11127
11246
11128
11247
11129
11248
11130
11249
11131
11250
11132
11251
11133
11252
11134
11253
11135
11254
11136
11255
11137
11256
11138
11257
11139
11258
11140
11259
11141
11260
11142
11261
11143
11262
11144
11263
11145
11264
11146
11265
11147
11266
11148
11267
11149
11268
11150
11269
11151
11270
11152
11271
11153
11272
11154
11273
11155
11274
11156
11275
11157
11276
11158
11277
11159
11278
11279
11161
11280
25219
11162
11281
11163
11282
11164
11283
11165
11284
11166
11285
11167
11286
11168
11287
11169
11288
11170
11289
11171
11290
11172
11291
11173
11292
11174
11293
11175
11294
11176
11295
11177
11296
11178
11297
11179
11298
11180
11299
11181
11300
11182
11301
11183
11302
11184
11303
11185
11304
11186
11305
11187
11306
11188
11307
11189
11308
11190
11309
11191
11310
11192
11311
11193
11312
11194
11313
11195
11314
11196
11315
11197
11316
11198
11317
11199
11318
11200
11319
11201
11320
11202
11321
11203
11322
11204
11323
11205
11324
11206
11325
11207
11326
11208
11327
11209
11328
11210
11329
11211
11330
11212
11331
11213
11332
11214
11333
11215
11334
11216
11335
11217
11336
11218
11337
11219
11338
11220
11339
11221
11340
11222
11341
11223
11342
11224
11343
11225
11344
11226
11345
11227
11346
11228
11347
11229
11348
11230
11349
11231
11350
11232
11351
11233
11352
11234
11353
11235
11354
11236
11355
11237
11356
11238
11357
11239
11358
11240
11359
11241
11360
11242
11361
11243
11362
11244
11363
11245
11364
11246
11365
11247
11366
11248
11367
11249
11368
11250
11369
11251
11370
11252
11371
11253
11372
11254
11373
11255
11374
11256
11375
11257
11376
11258
11377
11259
11378
11260
11379
11261
11380
11262
11381
11263
11382
11264
11383
11265
11384
11266
11385
11267
11386
11268
11387
11269
11388
11270
11389
11271
11390
11272
11391
11273
11392
11274
11393
11275
11394
11276
11395
11277
11396
11278
11397
11279
11398
11399
11281
11400
25220
11282
11401
11283
11402
11284
11403
11285
11404
11286
11405
11287
11406
11288
11407
11289
11408
11290
11409
11291
11410
11292
11411
11293
11412
11294
11413
11295
11414
11296
11415
11297
11416
11298
11417
11299
11418
11300
11419
11301
11420
11302
11421
11303
11422
11304
11423
11305
11424
11306
11425
11307
11426
11308
11427
11309
11428
11310
11429
11311
11430
11312
11431
11313
11432
11314
11433
11315
11434
11316
11435
11317
11436
11318
11437
11319
11438
11320
11439
11321
11440
11322
11441
11323
11442
11324
11443
11325
11444
11326
11445
11327
11446
11328
11447
11329
11448
11330
11449
11331
11450
11332
11451
11333
11452
11334
11453
11335
11454
11336
11455
11337
11456
11338
11457
11339
11458
11340
11459
11341
11460
11342
11461
11343
11462
11344
11463
11345
11464
11346
11465
11347
11466
11348
11467
11349
11468
11350
11469
11351
11470
11352
11471
11353
11472
11354
11473
11355
11474
11356
11475
11357
11476
11358
11477
11359
11478
11360
11479
11361
11480
11362
11481
11363
11482
11364
11483
11365
11484
11366
11485
11367
11486
11368
11487
11369
11488
11370
11489
11371
11490
11372
11491
11373
11492
11374
11493
11375
11494
11376
11495
11377
11496
11378
11497
11379
11498
11380
11499
11381
11500
11382
11501
11383
11502
11384
11503
11385
11504
11386
11505
11387
11506
11388
11507
11389
11508
11390
11509
11391
11510
11392
11511
11393
11512
11394
11513
11395
11514
11396
11515
11397
11516
11398
11517
11399
11518
11519
11401
11520
25221
11402
11521
11403
11522
11404
11523
11405
11524
11406
11525
11407
11526
11408
11527
11409
11528
11410
11529
11411
11530
11412
11531
11413
11532
11414
11533
11415
11534
11416
11535
11417
11536
11418
11537
11419
11538
11420
11539
11421
11540
11422
11541
11423
11542
11424
11543
11425
11544
11426
11545
11427
11546
11428
11547
11429
11548
11430
11549
11431
11550
11432
11551
11433
11552
11434
11553
11435
11554
11436
11555
11437
11556
11438
11557
11439
11558
11440
11559
11441
11560
11442
11561
11443
11562
11444
11563
11445
11564
11446
11565
11447
11566
11448
11567
11449
11568
11450
11569
11451
11570
11452
11571
11453
11572
11454
11573
11455
11574
11456
11575
11457
11576
11458
11577
11459
11578
11460
11579
11461
11580
11462
11581
11463
11582
11464
11583
11465
11584
11466
11585
11467
11586
11468
11587
11469
11588
11470
11589
11471
11590
11472
11591
11473
11592
11474
11593
11475
11594
11476
11595
11477
11596
11478
11597
11479
11598
11480
11599
11481
11600
11482
11601
11483
11602
11484
11603
11485
11604
11486
11605
11487
11606
11488
11607
11489
11608
11490
11609
11491
11610
11492
11611
11493
11612
11494
11613
11495
11614
11496
11615
11497
11616
11498
11617
11499
11618
11500
11619
11501
11620
11502
11621
11503
11622
11504
11623
11505
11624
11506
11625
11507
11626
11508
11627
11509
11628
11510
11629
11511
11630
11512
11631
11513
11632
11514
11633
11515
11634
11516
11635
11517
11636
11518
11637
11519
11638
11639
11521
11640
25222
11522
11641
11523
11642
11524
11643
11525
11644
11526
11645
11527
11646
11528
11647
11529
11648
11530
11649
11531
11650
11532
11651
11533
11652
11534
11653
11535
11654
11536
11655
11537
11656
11538
11657
11539
11658
11540
11659
11541
11660
11542
11661
11543
11662
11544
11663
11545
11664
11546
11665
11547
11666
11548
11667
11549
11668
11550
11669
11551
11670
11552
11671
11553
11672
11554
11673
11555
11674
11556
11675
11557
11676
11558
11677
11559
11678
11560
11679
11561
11680
11562
11681
11563
11682
11564
11683
11565
11684
11566
11685
11567
11686
11568
11687
11569
11688
11570
11689
11571
11690
11572
11691
11573
11692
11574
11693
11575
11694
11576
11695
11577
11696
11578
11697
11579
11698
11580
11699
11581
11700
11582
11701
11583
11702
11584
11703
11585
11704
11586
11705
11587
11706
11588
11707
11589
11708
11590
11709
11591
11710
11592
11711
11593
11712
11594
11713
11595
11714
11596
11715
11597
11716
11598
11717
11599
11718
11600
11719
11601
11720
11602
11721
11603
11722
11604
11723
11605
11724
11606
11725
11607
11726
11608
11727
11609
11728
11610
11729
11611
11730
11612
11731
11613
11732
11614
11733
11615
11734
11616
11735
11617
11736
11618
11737
11619
11738
11620
11739
11621
11740
11622
11741
11623
11742
11624
11743
11625
11744
11626
11745
11627
11746
11628
11747
11629
11748
11630
11749
11631
11750
11632
11751
11633
11752
11634
11753
11635
11754
11636
11755
11637
11756
11638
11757
11639
11758
11759
11641
11760
25223
11642
11761
11643
11762
11644
11763
11645
11764
11646
11765
11647
11766
11648
11767
11649
11768
11650
11769
11651
11770
11652
11771
11653
11772
11654
11773
11655
11774
11656
11775
11657
11776
11658
11777
11659
11778
11660
11779
11661
11780
11662
11781
11663
11782
11664
11783
11665
11784
11666
11785
11667
11786
11668
11787
11669
11788
11670
11789
11671
11790
11672
11791
11673
11792
11674
11793
11675
11794
11676
11795
11677
11796
11678
11797
11679
11798
11680
11799
11681
11800
11682
11801
11683
11802
11684
11803
11685
11804
11686
11805
11687
11806
11688
11807
11689
11808
11690
11809
11691
11810
11692
11811
11693
11812
11694
11813
11695
11814
11696
11815
11697
11816
11698
11817
11699
11818
11700
11819
11701
11820
11702
11821
11703
11822
11704
11823
11705
11824
11706
11825
11707
11826
11708
11827
11709
11828
11710
11829
11711
11830
11712
11831
11713
11832
11714
11833
11715
11834
11716
11835
11717
11836
11718
11837
11719
11838
11720
11839
11721
11840
11722
11841
11723
11842
11724
11843
11725
11844
11726
11845
11727
11846
11728
11847
11729
11848
11730
11849
11731
11850
11732
11851
11733
11852
11734
11853
11735
11854
11736
11855
11737
11856
11738
11857
11739
11858
11740
11859
11741
11860
11742
11861
11743
11862
11744
11863
11745
11864
11746
11865
11747
11866
11748
11867
11749
11868
11750
11869
11751
11870
11752
11871
11753
11872
11754
11873
11755
11874
11756
11875
11757
11876
11758
11877
11759
11878
11879
11761
11880
25224
11762
11881
11763
11882
11764
11883
11765
11884
11766
11885
11767
11886
11768
11887
11769
11888
11770
11889
11771
11890
11772
11891
11773
11892
11774
11893
11775
11894
11776
11895
11777
11896
11778
11897
11779
11898
11780
11899
11781
11900
11782
11901
11783
11902
11784
11903
11785
11904
11786
11905
11787
11906
11788
11907
11789
11908
11790
11909
11791
11910
11792
11911
11793
11912
11794
11913
11795
11914
11796
11915
11797
11916
11798
11917
11799
11918
11800
11919
11801
11920
11802
11921
11803
11922
11804
11923
11805
11924
11806
11925
11807
11926
11808
11927
11809
11928
11810
11929
11811
11930
11812
11931
11813
11932
11814
11933
11815
11934
11816
11935
11817
11936
11818
11937
11819
11938
11820
11939
11821
11940
11822
11941
11823
11942
11824
11943
11825
11944
11826
11945
11827
11946
11828
11947
11829
11948
11830
11949
11831
11950
11832
11951
11833
11952
11834
11953
11835
11954
11836
11955
11837
11956
11838
11957
11839
11958
11840
11959
11841
11960
11842
11961
11843
11962
11844
11963
11845
11964
11846
11965
11847
11966
11848
11967
11849
11968
11850
11969
11851
11970
11852
11971
11853
11972
11854
11973
11855
11974
11856
11975
11857
11976
11858
11977
11859
11978
11860
11979
11861
11980
11862
11981
11863
11982
11864
11983
11865
11984
11866
11985
11867
11986
11868
11987
11869
11988
11870
11989
11871
11990
11872
11991
11873
11992
11874
11993
11875
11994
11876
11995
11877
11996
11878
11997
11879
11998
11999
11881
12000
25225
11882
12001
11883
12002
11884
12003
11885
12004
11886
12005
11887
12006
11888
12007
11889
12008
11890
12009
11891
12010
11892
12011
11893
12012
11894
12013
11895
12014
11896
12015
11897
12016
11898
12017
11899
12018
11900
12019
11901
12020
11902
12021
11903
12022
11904
12023
11905
12024
11906
12025
11907
12026
11908
12027
11909
12028
11910
12029
11911
12030
11912
12031
11913
12032
11914
12033
11915
12034
11916
12035
11917
12036
11918
12037
11919
12038
11920
12039
11921
12040
11922
12041
11923
12042
11924
12043
11925
12044
11926
12045
11927
12046
11928
12047
11929
12048
11930
12049
11931
12050
11932
12051
11933
12052
11934
12053
11935
12054
11936
12055
11937
12056
11938
12057
11939
12058
11940
12059
11941
12060
11942
12061
11943
12062
11944
12063
11945
12064
11946
12065
11947
12066
11948
12067
11949
12068
11950
12069
11951
12070
11952
12071
11953
12072
11954
12073
11955
12074
11956
12075
11957
12076
11958
12077
11959
12078
11960
12079
11961
12080
11962
12081
11963
12082
11964
12083
11965
12084
11966
12085
11967
12086
11968
12087
11969
12088
11970
12089
11971
12090
11972
12091
11973
12092
11974
12093
11975
12094
11976
12095
11977
12096
11978
12097
11979
12098
11980
12099
11981
12100
11982
12101
11983
12102
11984
12103
11985
12104
11986
12105
11987
12106
11988
12107
11989
12108
11990
12109
11991
12110
11992
12111
11993
12112
11994
12113
11995
12114
11996
12115
11997
12116
11998
12117
11999
12118
12119
12001
12120
29852
12002
12121
12003
12122
12004
12123
12005
12124
12006
12125
12007
12126
12008
12127
12009
12128
12010
12129
12011
12130
12012
12131
12013
12132
12014
12133
12015
12134
12016
12135
12017
12136
12018
12137
12019
12138
12020
12139
12021
12140
12022
12141
12023
12142
12024
12143
12025
12144
12026
12145
12027
12146
12028
12147
12029
12148
12030
12149
12031
12150
12032
12151
12033
12152
12034
12153
12035
12154
12036
12155
12037
12156
12038
12157
12039
12158
12040
12159
12041
12160
12042
12161
12043
12162
12044
12163
12045
12164
12046
12165
12047
12166
12048
12167
12049
12168
12050
12169
12051
12170
12052
12171
12053
12172
12054
12173
12055
12174
12056
12175
12057
12176
12058
12177
12059
12178
12060
12179
12061
12180
12062
12181
12063
12182
12064
12183
12065
12184
12066
12185
12067
12186
12068
12187
12069
12188
12070
12189
12071
12190
12072
12191
12073
12192
12074
12193
12075
12194
12076
12195
12077
12196
12078
12197
12079
12198
12080
12199
12081
12200
12082
12201
12083
12202
12084
12203
12085
12204
12086
12205
12087
12206
12088
12207
12089
12208
12090
12209
12091
12210
12092
12211
12093
12212
12094
12213
12095
12214
12096
12215
12097
12216
12098
12217
12099
12218
12100
12219
12101
12220
12102
12221
12103
12222
12104
12223
12105
12224
12106
12225
12107
12226
12108
12227
12109
12228
12110
12229
12111
12230
12112
12231
12113
12232
12114
12233
12115
12234
12116
12235
12117
12236
12118
12237
12119
12238
12239
12121
12240
29853
12122
12241
12123
12242
12124
12243
12125
12244
12126
12245
12127
12246
12128
12247
12129
12248
12130
12249
12131
12250
12132
12251
12133
12252
12134
12253
12135
12254
12136
12255
12137
12256
12138
12257
12139
12258
12140
12259
12141
12260
12142
12261
12143
12262
12144
12263
12145
12264
12146
12265
12147
12266
12148
12267
12149
12268
12150
12269
12151
12270
12152
12271
12153
12272
12154
12273
12155
12274
12156
12275
12157
12276
12158
12277
12159
12278
12160
12279
12161
12280
12162
12281
12163
12282
12164
12283
12165
12284
12166
12285
12167
12286
12168
12287
12169
12288
12170
12289
12171
12290
12172
12291
12173
12292
12174
12293
12175
12294
12176
12295
12177
12296
12178
12297
12179
12298
12180
12299
12181
12300
12182
12301
12183
12302
12184
12303
12185
12304
12186
12305
12187
12306
12188
12307
12189
12308
12190
12309
12191
12310
12192
12311
12193
12312
12194
12313
12195
12314
12196
12315
12197
12316
12198
12317
12199
12318
12200
12319
12201
12320
12202
12321
12203
12322
12204
12323
12205
12324
12206
12325
12207
12326
12208
12327
12209
12328
12210
12329
12211
12330
12212
12331
12213
12332
12214
12333
12215
12334
12216
12335
12217
12336
12218
12337
12219
12338
12220
12339
12221
12340
12222
12341
12223
12342
12224
12343
12225
12344
12226
12345
12227
12346
12228
12347
12229
12348
12230
12349
12231
12350
12232
12351
12233
12352
12234
12353
12235
12354
12236
12355
12237
12356
12238
12357
12239
12358
12359
12241
12360
29854
12242
12361
12243
12362
12244
12363
12245
12364
12246
12365
12247
12366
12248
12367
12249
12368
12250
12369
12251
12370
12252
12371
12253
12372
12254
12373
12255
12374
12256
12375
12257
12376
12258
12377
12259
12378
12260
12379
12261
12380
12262
12381
12263
12382
12264
12383
12265
12384
12266
12385
12267
12386
12268
12387
12269
12388
12270
12389
12271
12390
12272
12391
12273
12392
12274
12393
12275
12394
12276
12395
12277
12396
12278
12397
12279
12398
12280
12399
12281
12400
12282
12401
12283
12402
12284
12403
12285
12404
12286
12405
12287
12406
12288
12407
12289
12408
12290
12409
12291
12410
12292
12411
12293
12412
12294
12413
12295
12414
12296
12415
12297
12416
12298
12417
12299
12418
12300
12419
12301
12420
12302
12421
12303
12422
12304
12423
12305
12424
12306
12425
12307
12426
12308
12427
12309
12428
12310
12429
12311
12430
12312
12431
12313
12432
12314
12433
12315
12434
12316
12435
12317
12436
12318
12437
12319
12438
12320
12439
12321
12440
12322
12441
12323
12442
12324
12443
12325
12444
12326
12445
12327
12446
12328
12447
12329
12448
12330
12449
12331
12450
12332
12451
12333
12452
12334
12453
12335
12454
12336
12455
12337
12456
12338
12457
12339
12458
12340
12459
12341
12460
12342
12461
12343
12462
12344
12463
12345
12464
12346
12465
12347
12466
12348
12467
12349
12468
12350
12469
12351
12470
12352
12471
12353
12472
12354
12473
12355
12474
12356
12475
12357
12476
12358
12477
12359
12478
12479
12361
12480
29855
12362
12481
12363
12482
12364
12483
12365
12484
12366
12485
12367
12486
12368
12487
12369
12488
12370
12489
12371
12490
12372
12491
12373
12492
12374
12493
12375
12494
12376
12495
12377
12496
12378
12497
12379
12498
12380
12499
12381
12500
12382
12501
12383
12502
12384
12503
12385
12504
12386
12505
12387
12506
12388
12507
12389
12508
12390
12509
12391
12510
12392
12511
12393
12512
12394
12513
12395
12514
12396
12515
12397
12516
12398
12517
12399
12518
12400
12519
12401
12520
12402
12521
12403
12522
12404
12523
12405
12524
12406
12525
12407
12526
12408
12527
12409
12528
12410
12529
12411
12530
12412
12531
12413
12532
12414
12533
12415
12534
12416
12535
12417
12536
12418
12537
12419
12538
12420
12539
12421
12540
12422
12541
12423
12542
12424
12543
12425
12544
12426
12545
12427
12546
12428
12547
12429
12548
12430
12549
12431
12550
12432
12551
12433
12552
12434
12553
12435
12554
12436
12555
12437
12556
12438
12557
12439
12558
12440
12559
12441
12560
12442
12561
12443
12562
12444
12563
12445
12564
12446
12565
12447
12566
12448
12567
12449
12568
12450
12569
12451
12570
12452
12571
12453
12572
12454
12573
12455
12574
12456
12575
12457
12576
12458
12577
12459
12578
12460
12579
12461
12580
12462
12581
12463
12582
12464
12583
12465
12584
12466
12585
12467
12586
12468
12587
12469
12588
12470
12589
12471
12590
12472
12591
12473
12592
12474
12593
12475
12594
12476
12595
12477
12596
12478
12597
12479
12598
12599
12481
12600
29856
12482
12601
12483
12602
12484
12603
12485
12604
12486
12605
12487
12606
12488
12607
12489
12608
12490
12609
12491
12610
12492
12611
12493
12612
12494
12613
12495
12614
12496
12615
12497
12616
12498
12617
12499
12618
12500
12619
12501
12620
12502
12621
12503
12622
12504
12623
12505
12624
12506
12625
12507
12626
12508
12627
12509
12628
12510
12629
12511
12630
12512
12631
12513
12632
12514
12633
12515
12634
12516
12635
12517
12636
12518
12637
12519
12638
12520
12639
12521
12640
12522
12641
12523
12642
12524
12643
12525
12644
12526
12645
12527
12646
12528
12647
12529
12648
12530
12649
12531
12650
12532
12651
12533
12652
12534
12653
12535
12654
12536
12655
12537
12656
12538
12657
12539
12658
12540
12659
12541
12660
12542
12661
12543
12662
12544
12663
12545
12664
12546
12665
12547
12666
12548
12667
12549
12668
12550
12669
12551
12670
12552
12671
12553
12672
12554
12673
12555
12674
12556
12675
12557
12676
12558
12677
12559
12678
12560
12679
12561
12680
12562
12681
12563
12682
12564
12683
12565
12684
12566
12685
12567
12686
12568
12687
12569
12688
12570
12689
12571
12690
12572
12691
12573
12692
12574
12693
12575
12694
12576
12695
12577
12696
12578
12697
12579
12698
12580
12699
12581
12700
12582
12701
12583
12702
12584
12703
12585
12704
12586
12705
12587
12706
12588
12707
12589
12708
12590
12709
12591
12710
12592
12711
12593
12712
12594
12713
12595
12714
12596
12715
12597
12716
12598
12717
12599
12718
12719
12601
12720
29857
12602
12721
12603
12722
12604
12723
12605
12724
12606
12725
12607
12726
12608
12727
12609
12728
12610
12729
12611
12730
12612
12731
12613
12732
12614
12733
12615
12734
12616
12735
12617
12736
12618
12737
12619
12738
12620
12739
12621
12740
12622
12741
12623
12742
12624
12743
12625
12744
12626
12745
12627
12746
12628
12747
12629
12748
12630
12749
12631
12750
12632
12751
12633
12752
12634
12753
12635
12754
12636
12755
12637
12756
12638
12757
12639
12758
12640
12759
12641
12760
12642
12761
12643
12762
12644
12763
12645
12764
12646
12765
12647
12766
12648
12767
12649
12768
12650
12769
12651
12770
12652
12771
12653
12772
12654
12773
12655
12774
12656
12775
12657
12776
12658
12777
12659
12778
12660
12779
12661
12780
12662
12781
12663
12782
12664
12783
12665
12784
12666
12785
12667
12786
12668
12787
12669
12788
12670
12789
12671
12790
12672
12791
12673
12792
12674
12793
12675
12794
12676
12795
12677
12796
12678
12797
12679
12798
12680
12799
12681
12800
12682
12801
12683
12802
12684
12803
12685
12804
12686
12805
12687
12806
12688
12807
12689
12808
12690
12809
12691
12810
12692
12811
12693
12812
12694
12813
12695
12814
12696
12815
12697
12816
12698
12817
12699
12818
12700
12819
12701
12820
12702
12821
12703
12822
12704
12823
12705
12824
12706
12825
12707
12826
12708
12827
12709
12828
12710
12829
12711
12830
12712
12831
12713
12832
12714
12833
12715
12834
12716
12835
12717
12836
12718
12837
12719
12838
12839
12721
12840
29858
12722
12841
12723
12842
12724
12843
12725
12844
12726
12845
12727
12846
12728
12847
12729
12848
12730
12849
12731
12850
12732
12851
12733
12852
12734
12853
12735
12854
12736
12855
12737
12856
12738
12857
12739
12858
12740
12859
12741
12860
12742
12861
12743
12862
12744
12863
12745
12864
12746
12865
12747
12866
12748
12867
12749
12868
12750
12869
12751
12870
12752
12871
12753
12872
12754
12873
12755
12874
12756
12875
12757
12876
12758
12877
12759
12878
12760
12879
12761
12880
12762
12881
12763
12882
12764
12883
12765
12884
12766
12885
12767
12886
12768
12887
12769
12888
12770
12889
12771
12890
12772
12891
12773
12892
12774
12893
12775
12894
12776
12895
12777
12896
12778
12897
12779
12898
12780
12899
12781
12900
12782
12901
12783
12902
12784
12903
12785
12904
12786
12905
12787
12906
12788
12907
12789
12908
12790
12909
12791
12910
12792
12911
12793
12912
12794
12913
12795
12914
12796
12915
12797
12916
12798
12917
12799
12918
12800
12919
12801
12920
12802
12921
12803
12922
12804
12923
12805
12924
12806
12925
12807
12926
12808
12927
12809
12928
12810
12929
12811
12930
12812
12931
12813
12932
12814
12933
12815
12934
12816
12935
12817
12936
12818
12937
12819
12938
12820
12939
12821
12940
12822
12941
12823
12942
12824
12943
12825
12944
12826
12945
12827
12946
12828
12947
12829
12948
12830
12949
12831
12950
12832
12951
12833
12952
12834
12953
12835
12954
12836
12955
12837
12956
12838
12957
12839
12958
12959
12841
12960
29859
12842
12961
12843
12962
12844
12963
12845
12964
12846
12965
12847
12966
12848
12967
12849
12968
12850
12969
12851
12970
12852
12971
12853
12972
12854
12973
12855
12974
12856
12975
12857
12976
12858
12977
12859
12978
12860
12979
12861
12980
12862
12981
12863
12982
12864
12983
12865
12984
12866
12985
12867
12986
12868
12987
12869
12988
12870
12989
12871
12990
12872
12991
12873
12992
12874
12993
12875
12994
12876
12995
12877
12996
12878
12997
12879
12998
12880
12999
12881
13000
12882
13001
12883
13002
12884
13003
12885
13004
12886
13005
12887
13006
12888
13007
12889
13008
12890
13009
12891
13010
12892
13011
12893
13012
12894
13013
12895
13014
12896
13015
12897
13016
12898
13017
12899
13018
12900
13019
12901
13020
12902
13021
12903
13022
12904
13023
12905
13024
12906
13025
12907
13026
12908
13027
12909
13028
12910
13029
12911
13030
12912
13031
12913
13032
12914
13033
12915
13034
12916
13035
12917
13036
12918
13037
12919
13038
12920
13039
12921
13040
12922
13041
12923
13042
12924
13043
12925
13044
12926
13045
12927
13046
12928
13047
12929
13048
12930
13049
12931
13050
12932
13051
12933
13052
12934
13053
12935
13054
12936
13055
12937
13056
12938
13057
12939
13058
12940
13059
12941
13060
12942
13061
12943
13062
12944
13063
12945
13064
12946
13065
12947
13066
12948
13067
12949
13068
12950
13069
12951
13070
12952
13071
12953
13072
12954
13073
12955
13074
12956
13075
12957
13076
12958
13077
12959
13078
13079
12961
13080
29860
12962
13081
12963
13082
12964
13083
12965
13084
12966
13085
12967
13086
12968
13087
12969
13088
12970
13089
12971
13090
12972
13091
12973
13092
12974
13093
12975
13094
12976
13095
12977
13096
12978
13097
12979
13098
12980
13099
12981
13100
12982
13101
12983
13102
12984
13103
12985
13104
12986
13105
12987
13106
12988
13107
12989
13108
12990
13109
12991
13110
12992
13111
12993
13112
12994
13113
12995
13114
12996
13115
12997
13116
12998
13117
12999
13118
13000
13119
13001
13120
13002
13121
13003
13122
13004
13123
13005
13124
13006
13125
13007
13126
13008
13127
13009
13128
13010
13129
13011
13130
13012
13131
13013
13132
13014
13133
13015
13134
13016
13135
13017
13136
13018
13137
13019
13138
13020
13139
13021
13140
13022
13141
13023
13142
13024
13143
13025
13144
13026
13145
13027
13146
13028
13147
13029
13148
13030
13149
13031
13150
13032
13151
13033
13152
13034
13153
13035
13154
13036
13155
13037
13156
13038
13157
13039
13158
13040
13159
13041
13160
13042
13161
13043
13162
13044
13163
13045
13164
13046
13165
13047
13166
13048
13167
13049
13168
13050
13169
13051
13170
13052
13171
13053
13172
13054
13173
13055
13174
13056
13175
13057
13176
13058
13177
13059
13178
13060
13179
13061
13180
13062
13181
13063
13182
13064
13183
13065
13184
13066
13185
13067
13186
13068
13187
13069
13188
13070
13189
13071
13190
13072
13191
13073
13192
13074
13193
13075
13194
13076
13195
13077
13196
13078
13197
13079
13198
13199
13081
13200
29861
13082
13201
13083
13202
13084
13203
13085
13204
13086
13205
13087
13206
13088
13207
13089
13208
13090
13209
13091
13210
13092
13211
13093
13212
13094
13213
13095
13214
13096
13215
13097
13216
13098
13217
13099
13218
13100
13219
13101
13220
13102
13221
13103
13222
13104
13223
13105
13224
13106
13225
13107
13226
13108
13227
13109
13228
13110
13229
13111
13230
13112
13231
13113
13232
13114
13233
13115
13234
13116
13235
13117
13236
13118
13237
13119
13238
13120
13239
13121
13240
13122
13241
13123
13242
13124
13243
13125
13244
13126
13245
13127
13246
13128
13247
13129
13248
13130
13249
13131
13250
13132
13251
13133
13252
13134
13253
13135
13254
13136
13255
13137
13256
13138
13257
13139
13258
13140
13259
13141
13260
13142
13261
13143
13262
13144
13263
13145
13264
13146
13265
13147
13266
13148
13267
13149
13268
13150
13269
13151
13270
13152
13271
13153
13272
13154
13273
13155
13274
13156
13275
13157
13276
13158
13277
13159
13278
13160
13279
13161
13280
13162
13281
13163
13282
13164
13283
13165
13284
13166
13285
13167
13286
13168
13287
13169
13288
13170
13289
13171
13290
13172
13291
13173
13292
13174
13293
13175
13294
13176
13295
13177
13296
13178
13297
13179
13298
13180
13299
13181
13300
13182
13301
13183
13302
13184
13303
13185
13304
13186
13305
13187
13306
13188
13307
13189
13308
13190
13309
13191
13310
13192
13311
13193
13312
13194
13313
13195
13314
13196
13315
13197
13316
13198
13317
13199
13318
13319
13201
13320
29862
13202
13321
13203
13322
13204
13323
13205
13324
13206
13325
13207
13326
13208
13327
13209
13328
13210
13329
13211
13330
13212
13331
13213
13332
13214
13333
13215
13334
13216
13335
13217
13336
13218
13337
13219
13338
13220
13339
13221
13340
13222
13341
13223
13342
13224
13343
13225
13344
13226
13345
13227
13346
13228
13347
13229
13348
13230
13349
13231
13350
13232
13351
13233
13352
13234
13353
13235
13354
13236
13355
13237
13356
13238
13357
13239
13358
13240
13359
13241
13360
13242
13361
13243
13362
13244
13363
13245
13364
13246
13365
13247
13366
13248
13367
13249
13368
13250
13369
13251
13370
13252
13371
13253
13372
13254
13373
13255
13374
13256
13375
13257
13376
13258
13377
13259
13378
13260
13379
13261
13380
13262
13381
13263
13382
13264
13383
13265
13384
13266
13385
13267
13386
13268
13387
13269
13388
13270
13389
13271
13390
13272
13391
13273
13392
13274
13393
13275
13394
13276
13395
13277
13396
13278
13397
13279
13398
13280
13399
13281
13400
13282
13401
13283
13402
13284
13403
13285
13404
13286
13405
13287
13406
13288
13407
13289
13408
13290
13409
13291
13410
13292
13411
13293
13412
13294
13413
13295
13414
13296
13415
13297
13416
13298
13417
13299
13418
13300
13419
13301
13420
13302
13421
13303
13422
13304
13423
13305
13424
13306
13425
13307
13426
13308
13427
13309
13428
13310
13429
13311
13430
13312
13431
13313
13432
13314
13433
13315
13434
13316
13435
13317
13436
13318
13437
13319
13438
13439
13321
13440
29863
13322
13441
13323
13442
13324
13443
13325
13444
13326
13445
13327
13446
13328
13447
13329
13448
13330
13449
13331
13450
13332
13451
13333
13452
13334
13453
13335
13454
13336
13455
13337
13456
13338
13457
13339
13458
13340
13459
13341
13460
13342
13461
13343
13462
13344
13463
13345
13464
13346
13465
13347
13466
13348
13467
13349
13468
13350
13469
13351
13470
13352
13471
13353
13472
13354
13473
13355
13474
13356
13475
13357
13476
13358
13477
13359
13478
13360
13479
13361
13480
13362
13481
13363
13482
13364
13483
13365
13484
13366
13485
13367
13486
13368
13487
13369
13488
13370
13489
13371
13490
13372
13491
13373
13492
13374
13493
13375
13494
13376
13495
13377
13496
13378
13497
13379
13498
13380
13499
13381
13500
13382
13501
13383
13502
13384
13503
13385
13504
13386
13505
13387
13506
13388
13507
13389
13508
13390
13509
13391
13510
13392
13511
13393
13512
13394
13513
13395
13514
13396
13515
13397
13516
13398
13517
13399
13518
13400
13519
13401
13520
13402
13521
13403
13522
13404
13523
13405
13524
13406
13525
13407
13526
13408
13527
13409
13528
13410
13529
13411
13530
13412
13531
13413
13532
13414
13533
13415
13534
13416
13535
13417
13536
13418
13537
13419
13538
13420
13539
13421
13540
13422
13541
13423
13542
13424
13543
13425
13544
13426
13545
13427
13546
13428
13547
13429
13548
13430
13549
13431
13550
13432
13551
13433
13552
13434
13553
13435
13554
13436
13555
13437
13556
13438
13557
13439
13558
13559
13441
13560
29864
13442
13561
13443
13562
13444
13563
13445
13564
13446
13565
13447
13566
13448
13567
13449
13568
13450
13569
13451
13570
13452
13571
13453
13572
13454
13573
13455
13574
13456
13575
13457
13576
13458
13577
13459
13578
13460
13579
13461
13580
13462
13581
13463
13582
13464
13583
13465
13584
13466
13585
13467
13586
13468
13587
13469
13588
13470
13589
13471
13590
13472
13591
13473
13592
13474
13593
13475
13594
13476
13595
13477
13596
13478
13597
13479
13598
13480
13599
13481
13600
13482
13601
13483
13602
13484
13603
13485
13604
13486
13605
13487
13606
13488
13607
13489
13608
13490
13609
13491
13610
13492
13611
13493
13612
13494
13613
13495
13614
13496
13615
13497
13616
13498
13617
13499
13618
13500
13619
13501
13620
13502
13621
13503
13622
13504
13623
13505
13624
13506
13625
13507
13626
13508
13627
13509
13628
13510
13629
13511
13630
13512
13631
13513
13632
13514
13633
13515
13634
13516
13635
13517
13636
13518
13637
13519
13638
13520
13639
13521
13640
13522
13641
13523
13642
13524
13643
13525
13644
13526
13645
13527
13646
13528
13647
13529
13648
13530
13649
13531
13650
13532
13651
13533
13652
13534
13653
13535
13654
13536
13655
13537
13656
13538
13657
13539
13658
13540
13659
13541
13660
13542
13661
13543
13662
13544
13663
13545
13664
13546
13665
13547
13666
13548
13667
13549
13668
13550
13669
13551
13670
13552
13671
13553
13672
13554
13673
13555
13674
13556
13675
13557
13676
13558
13677
13559
13678
13679
13561
13680
29865
13562
13681
13563
13682
13564
13683
13565
13684
13566
13685
13567
13686
13568
13687
13569
13688
13570
13689
13571
13690
13572
13691
13573
13692
13574
13693
13575
13694
13576
13695
13577
13696
13578
13697
13579
13698
13580
13699
13581
13700
13582
13701
13583
13702
13584
13703
13585
13704
13586
13705
13587
13706
13588
13707
13589
13708
13590
13709
13591
13710
13592
13711
13593
13712
13594
13713
13595
13714
13596
13715
13597
13716
13598
13717
13599
13718
13600
13719
13601
13720
13602
13721
13603
13722
13604
13723
13605
13724
13606
13725
13607
13726
13608
13727
13609
13728
13610
13729
13611
13730
13612
13731
13613
13732
13614
13733
13615
13734
13616
13735
13617
13736
13618
13737
13619
13738
13620
13739
13621
13740
13622
13741
13623
13742
13624
13743
13625
13744
13626
13745
13627
13746
13628
13747
13629
13748
13630
13749
13631
13750
13632
13751
13633
13752
13634
13753
13635
13754
13636
13755
13637
13756
13638
13757
13639
13758
13640
13759
13641
13760
13642
13761
13643
13762
13644
13763
13645
13764
13646
13765
13647
13766
13648
13767
13649
13768
13650
13769
13651
13770
13652
13771
13653
13772
13654
13773
13655
13774
13656
13775
13657
13776
13658
13777
13659
13778
13660
13779
13661
13780
13662
13781
13663
13782
13664
13783
13665
13784
13666
13785
13667
13786
13668
13787
13669
13788
13670
13789
13671
13790
13672
13791
13673
13792
13674
13793
13675
13794
13676
13795
13677
13796
13678
13797
13679
13798
13799
13681
13800
29866
13682
13801
13683
13802
13684
13803
13685
13804
13686
13805
13687
13806
13688
13807
13689
13808
13690
13809
13691
13810
13692
13811
13693
13812
13694
13813
13695
13814
13696
13815
13697
13816
13698
13817
13699
13818
13700
13819
13701
13820
13702
13821
13703
13822
13704
13823
13705
13824
13706
13825
13707
13826
13708
13827
13709
13828
13710
13829
13711
13830
13712
13831
13713
13832
13714
13833
13715
13834
13716
13835
13717
13836
13718
13837
13719
13838
13720
13839
13721
13840
13722
13841
13723
13842
13724
13843
13725
13844
13726
13845
13727
13846
13728
13847
13729
13848
13730
13849
13731
13850
13732
13851
13733
13852
13734
13853
13735
13854
13736
13855
13737
13856
13738
13857
13739
13858
13740
13859
13741
13860
13742
13861
13743
13862
13744
13863
13745
13864
13746
13865
13747
13866
13748
13867
13749
13868
13750
13869
13751
13870
13752
13871
13753
13872
13754
13873
13755
13874
13756
13875
13757
13876
13758
13877
13759
13878
13760
13879
13761
13880
13762
13881
13763
13882
13764
13883
13765
13884
13766
13885
13767
13886
13768
13887
13769
13888
13770
13889
13771
13890
13772
13891
13773
13892
13774
13893
13775
13894
13776
13895
13777
13896
13778
13897
13779
13898
13780
13899
13781
13900
13782
13901
13783
13902
13784
13903
13785
13904
13786
13905
13787
13906
13788
13907
13789
13908
13790
13909
13791
13910
13792
13911
13793
13912
13794
13913
13795
13914
13796
13915
13797
13916
13798
13917
13799
13918
13919
13801
13920
29867
13802
13921
13803
13922
13804
13923
13805
13924
13806
13925
13807
13926
13808
13927
13809
13928
13810
13929
13811
13930
13812
13931
13813
13932
13814
13933
13815
13934
13816
13935
13817
13936
13818
13937
13819
13938
13820
13939
13821
13940
13822
13941
13823
13942
13824
13943
13825
13944
13826
13945
13827
13946
13828
13947
13829
13948
13830
13949
13831
13950
13832
13951
13833
13952
13834
13953
13835
13954
13836
13955
13837
13956
13838
13957
13839
13958
13840
13959
13841
13960
13842
13961
13843
13962
13844
13963
13845
13964
13846
13965
13847
13966
13848
13967
13849
13968
13850
13969
13851
13970
13852
13971
13853
13972
13854
13973
13855
13974
13856
13975
13857
13976
13858
13977
13859
13978
13860
13979
13861
13980
13862
13981
13863
13982
13864
13983
13865
13984
13866
13985
13867
13986
13868
13987
13869
13988
13870
13989
13871
13990
13872
13991
13873
13992
13874
13993
13875
13994
13876
13995
13877
13996
13878
13997
13879
13998
13880
13999
13881
14000
13882
14001
13883
14002
13884
14003
13885
14004
13886
14005
13887
14006
13888
14007
13889
14008
13890
14009
13891
14010
13892
14011
13893
14012
13894
14013
13895
14014
13896
14015
13897
14016
13898
14017
13899
14018
13900
14019
13901
14020
13902
14021
13903
14022
13904
14023
13905
14024
13906
14025
13907
14026
13908
14027
13909
14028
13910
14029
13911
14030
13912
14031
13913
14032
13914
14033
13915
14034
13916
14035
13917
14036
13918
14037
13919
14038
14039
13921
14040
29868
13922
14041
13923
14042
13924
14043
13925
14044
13926
14045
13927
14046
13928
14047
13929
14048
13930
14049
13931
14050
13932
14051
13933
14052
13934
14053
13935
14054
13936
14055
13937
14056
13938
14057
13939
14058
13940
14059
13941
14060
13942
14061
13943
14062
13944
14063
13945
14064
13946
14065
13947
14066
13948
14067
13949
14068
13950
14069
13951
14070
13952
14071
13953
14072
13954
14073
13955
14074
13956
14075
13957
14076
13958
14077
13959
14078
13960
14079
13961
14080
13962
14081
13963
14082
13964
14083
13965
14084
13966
14085
13967
14086
13968
14087
13969
14088
13970
14089
13971
14090
13972
14091
13973
14092
13974
14093
13975
14094
13976
14095
13977
14096
13978
14097
13979
14098
13980
14099
13981
14100
13982
14101
13983
14102
13984
14103
13985
14104
13986
14105
13987
14106
13988
14107
13989
14108
13990
14109
13991
14110
13992
14111
13993
14112
13994
14113
13995
14114
13996
14115
13997
14116
13998
14117
13999
14118
14000
14119
14001
14120
14002
14121
14003
14122
14004
14123
14005
14124
14006
14125
14007
14126
14008
14127
14009
14128
14010
14129
14011
14130
14012
14131
14013
14132
14014
14133
14015
14134
14016
14135
14017
14136
14018
14137
14019
14138
14020
14139
14021
14140
14022
14141
14023
14142
14024
14143
14025
14144
14026
14145
14027
14146
14028
14147
14029
14148
14030
14149
14031
14150
14032
14151
14033
14152
14034
14153
14035
14154
14036
14155
14037
14156
14038
14157
14039
14158
14159
14041
14160
29869
14042
14161
14043
14162
14044
14163
14045
14164
14046
14165
14047
14166
14048
14167
14049
14168
14050
14169
14051
14170
14052
14171
14053
14172
14054
14173
14055
14174
14056
14175
14057
14176
14058
14177
14059
14178
14060
14179
14061
14180
14062
14181
14063
14182
14064
14183
14065
14184
14066
14185
14067
14186
14068
14187
14069
14188
14070
14189
14071
14190
14072
14191
14073
14192
14074
14193
14075
14194
14076
14195
14077
14196
14078
14197
14079
14198
14080
14199
14081
14200
14082
14201
14083
14202
14084
14203
14085
14204
14086
14205
14087
14206
14088
14207
14089
14208
14090
14209
14091
14210
14092
14211
14093
14212
14094
14213
14095
14214
14096
14215
14097
14216
14098
14217
14099
14218
14100
14219
14101
14220
14102
14221
14103
14222
14104
14223
14105
14224
14106
14225
14107
14226
14108
14227
14109
14228
14110
14229
14111
14230
14112
14231
14113
14232
14114
14233
14115
14234
14116
14235
14117
14236
14118
14237
14119
14238
14120
14239
14121
14240
14122
14241
14123
14242
14124
14243
14125
14244
14126
14245
14127
14246
14128
14247
14129
14248
14130
14249
14131
14250
14132
14251
14133
14252
14134
14253
14135
14254
14136
14255
14137
14256
14138
14257
14139
14258
14140
14259
14141
14260
14142
14261
14143
14262
14144
14263
14145
14264
14146
14265
14147
14266
14148
14267
14149
14268
14150
14269
14151
14270
14152
14271
14153
14272
14154
14273
14155
14274
14156
14275
14157
14276
14158
14277
14159
14278
14279
14161
14280
29870
14162
14281
14163
14282
14164
14283
14165
14284
14166
14285
14167
14286
14168
14287
14169
14288
14170
14289
14171
14290
14172
14291
14173
14292
14174
14293
14175
14294
14176
14295
14177
14296
14178
14297
14179
14298
14180
14299
14181
14300
14182
14301
14183
14302
14184
14303
14185
14304
14186
14305
14187
14306
14188
14307
14189
14308
14190
14309
14191
14310
14192
14311
14193
14312
14194
14313
14195
14314
14196
14315
14197
14316
14198
14317
14199
14318
14200
14319
14201
14320
14202
14321
14203
14322
14204
14323
14205
14324
14206
14325
14207
14326
14208
14327
14209
14328
14210
14329
14211
14330
14212
14331
14213
14332
14214
14333
14215
14334
14216
14335
14217
14336
14218
14337
14219
14338
14220
14339
14221
14340
14222
14341
14223
14342
14224
14343
14225
14344
14226
14345
14227
14346
14228
14347
14229
14348
14230
14349
14231
14350
14232
14351
14233
14352
14234
14353
14235
14354
14236
14355
14237
14356
14238
14357
14239
14358
14240
14359
14241
14360
14242
14361
14243
14362
14244
14363
14245
14364
14246
14365
14247
14366
14248
14367
14249
14368
14250
14369
14251
14370
14252
14371
14253
14372
14254
14373
14255
14374
14256
14375
14257
14376
14258
14377
14259
14378
14260
14379
14261
14380
14262
14381
14263
14382
14264
14383
14265
14384
14266
14385
14267
14386
14268
14387
14269
14388
14270
14389
14271
14390
14272
14391
14273
14392
14274
14393
14275
14394
14276
14395
14277
14396
14278
14397
14279
14398
14399
14281
14400
29871
14282
14401
14283
14402
14284
14403
14285
14404
14286
14405
14287
14406
14288
14407
14289
14408
14290
14409
14291
14410
14292
14411
14293
14412
14294
14413
14295
14414
14296
14415
14297
14416
14298
14417
14299
14418
14300
14419
14301
14420
14302
14421
14303
14422
14304
14423
14305
14424
14306
14425
14307
14426
14308
14427
14309
14428
14310
14429
14311
14430
14312
14431
14313
14432
14314
14433
14315
14434
14316
14435
14317
14436
14318
14437
14319
14438
14320
14439
14321
14440
14322
14441
14323
14442
14324
14443
14325
14444
14326
14445
14327
14446
14328
14447
14329
14448
14330
14449
14331
14450
14332
14451
14333
14452
14334
14453
14335
14454
14336
14455
14337
14456
14338
14457
14339
14458
14340
14459
14341
14460
14342
14461
14343
14462
14344
14463
14345
14464
14346
14465
14347
14466
14348
14467
14349
14468
14350
14469
14351
14470
14352
14471
14353
14472
14354
14473
14355
14474
14356
14475
14357
14476
14358
14477
14359
14478
14360
14479
14361
14480
14362
14481
14363
14482
14364
14483
14365
14484
14366
14485
14367
14486
14368
14487
14369
14488
14370
14489
14371
14490
14372
14491
14373
14492
14374
14493
14375
14494
14376
14495
14377
14496
14378
14497
14379
14498
14380
14499
14381
14500
14382
14501
14383
14502
14384
14503
14385
14504
14386
14505
14387
14506
14388
14507
14389
14508
14390
14509
14391
14510
14392
14511
14393
14512
14394
14513
14395
14514
14396
14515
14397
14516
14398
14517
14399
14518
14519
14401
14520
29872
14402
14521
14403
14522
14404
14523
14405
14524
14406
14525
14407
14526
14408
14527
14409
14528
14410
14529
14411
14530
14412
14531
14413
14532
14414
14533
14415
14534
14416
14535
14417
14536
14418
14537
14419
14538
14420
14539
14421
14540
14422
14541
14423
14542
14424
14543
14425
14544
14426
14545
14427
14546
14428
14547
14429
14548
14430
14549
14431
14550
14432
14551
14433
14552
14434
14553
14435
14554
14436
14555
14437
14556
14438
14557
14439
14558
14440
14559
14441
14560
14442
14561
14443
14562
14444
14563
14445
14564
14446
14565
14447
14566
14448
14567
14449
14568
14450
14569
14451
14570
14452
14571
14453
14572
14454
14573
14455
14574
14456
14575
14457
14576
14458
14577
14459
14578
14460
14579
14461
14580
14462
14581
14463
14582
14464
14583
14465
14584
14466
14585
14467
14586
14468
14587
14469
14588
14470
14589
14471
14590
14472
14591
14473
14592
14474
14593
14475
14594
14476
14595
14477
14596
14478
14597
14479
14598
14480
14599
14481
14600
14482
14601
14483
14602
14484
14603
14485
14604
14486
14605
14487
14606
14488
14607
14489
14608
14490
14609
14491
14610
14492
14611
14493
14612
14494
14613
14495
14614
14496
14615
14497
14616
14498
14617
14499
14618
14500
14619
14501
14620
14502
14621
14503
14622
14504
14623
14505
14624
14506
14625
14507
14626
14508
14627
14509
14628
14510
14629
14511
14630
14512
14631
14513
14632
14514
14633
14515
14634
14516
14635
14517
14636
14518
14637
14519
14638
14639
14521
14640
29873
14522
14641
14523
14642
14524
14643
14525
14644
14526
14645
14527
14646
14528
14647
14529
14648
14530
14649
14531
14650
14532
14651
14533
14652
14534
14653
14535
14654
14536
14655
14537
14656
14538
14657
14539
14658
14540
14659
14541
14660
14542
14661
14543
14662
14544
14663
14545
14664
14546
14665
14547
14666
14548
14667
14549
14668
14550
14669
14551
14670
14552
14671
14553
14672
14554
14673
14555
14674
14556
14675
14557
14676
14558
14677
14559
14678
14560
14679
14561
14680
14562
14681
14563
14682
14564
14683
14565
14684
14566
14685
14567
14686
14568
14687
14569
14688
14570
14689
14571
14690
14572
14691
14573
14692
14574
14693
14575
14694
14576
14695
14577
14696
14578
14697
14579
14698
14580
14699
14581
14700
14582
14701
14583
14702
14584
14703
14585
14704
14586
14705
14587
14706
14588
14707
14589
14708
14590
14709
14591
14710
14592
14711
14593
14712
14594
14713
14595
14714
14596
14715
14597
14716
14598
14717
14599
14718
14600
14719
14601
14720
14602
14721
14603
14722
14604
14723
14605
14724
14606
14725
14607
14726
14608
14727
14609
14728
14610
14729
14611
14730
14612
14731
14613
14732
14614
14733
14615
14734
14616
14735
14617
14736
14618
14737
14619
14738
14620
14739
14621
14740
14622
14741
14623
14742
14624
14743
14625
14744
14626
14745
14627
14746
14628
14747
14629
14748
14630
14749
14631
14750
14632
14751
14633
14752
14634
14753
14635
14754
14636
14755
14637
14756
14638
14757
14639
14758
14759
14641
14760
29874
14642
14761
14643
14762
14644
14763
14645
14764
14646
14765
14647
14766
14648
14767
14649
14768
14650
14769
14651
14770
14652
14771
14653
14772
14654
14773
14655
14774
14656
14775
14657
14776
14658
14777
14659
14778
14660
14779
14661
14780
14662
14781
14663
14782
14664
14783
14665
14784
14666
14785
14667
14786
14668
14787
14669
14788
14670
14789
14671
14790
14672
14791
14673
14792
14674
14793
14675
14794
14676
14795
14677
14796
14678
14797
14679
14798
14680
14799
14681
14800
14682
14801
14683
14802
14684
14803
14685
14804
14686
14805
14687
14806
14688
14807
14689
14808
14690
14809
14691
14810
14692
14811
14693
14812
14694
14813
14695
14814
14696
14815
14697
14816
14698
14817
14699
14818
14700
14819
14701
14820
14702
14821
14703
14822
14704
14823
14705
14824
14706
14825
14707
14826
14708
14827
14709
14828
14710
14829
14711
14830
14712
14831
14713
14832
14714
14833
14715
14834
14716
14835
14717
14836
14718
14837
14719
14838
14720
14839
14721
14840
14722
14841
14723
14842
14724
14843
14725
14844
14726
14845
14727
14846
14728
14847
14729
14848
14730
14849
14731
14850
14732
14851
14733
14852
14734
14853
14735
14854
14736
14855
14737
14856
14738
14857
14739
14858
14740
14859
14741
14860
14742
14861
14743
14862
14744
14863
14745
14864
14746
14865
14747
14866
14748
14867
14749
14868
14750
14869
14751
14870
14752
14871
14753
14872
14754
14873
14755
14874
14756
14875
14757
14876
14758
14877
14759
14878
14879
14761
14880
29875
14762
14881
14763
14882
14764
14883
14765
14884
14766
14885
14767
14886
14768
14887
14769
14888
14770
14889
14771
14890
14772
14891
14773
14892
14774
14893
14775
14894
14776
14895
14777
14896
14778
14897
14779
14898
14780
14899
14781
14900
14782
14901
14783
14902
14784
14903
14785
14904
14786
14905
14787
14906
14788
14907
14789
14908
14790
14909
14791
14910
14792
14911
14793
14912
14794
14913
14795
14914
14796
14915
14797
14916
14798
14917
14799
14918
14800
14919
14801
14920
14802
14921
14803
14922
14804
14923
14805
14924
14806
14925
14807
14926
14808
14927
14809
14928
14810
14929
14811
14930
14812
14931
14813
14932
14814
14933
14815
14934
14816
14935
14817
14936
14818
14937
14819
14938
14820
14939
14821
14940
14822
14941
14823
14942
14824
14943
14825
14944
14826
14945
14827
14946
14828
14947
14829
14948
14830
14949
14831
14950
14832
14951
14833
14952
14834
14953
14835
14954
14836
14955
14837
14956
14838
14957
14839
14958
14840
14959
14841
14960
14842
14961
14843
14962
14844
14963
14845
14964
14846
14965
14847
14966
14848
14967
14849
14968
14850
14969
14851
14970
14852
14971
14853
14972
14854
14973
14855
14974
14856
14975
14857
14976
14858
14977
14859
14978
14860
14979
14861
14980
14862
14981
14863
14982
14864
14983
14865
14984
14866
14985
14867
14986
14868
14987
14869
14988
14870
14989
14871
14990
14872
14991
14873
14992
14874
14993
14875
14994
14876
14995
14877
14996
14878
14997
14879
14998
14999
14881
15000
29876
14882
15001
14883
15002
14884
15003
14885
15004
14886
15005
14887
15006
14888
15007
14889
15008
14890
15009
14891
15010
14892
15011
14893
15012
14894
15013
14895
15014
14896
15015
14897
15016
14898
15017
14899
15018
14900
15019
14901
15020
14902
15021
14903
15022
14904
15023
14905
15024
14906
15025
14907
15026
14908
15027
14909
15028
14910
15029
14911
15030
14912
15031
14913
15032
14914
15033
14915
15034
14916
15035
14917
15036
14918
15037
14919
15038
14920
15039
14921
15040
14922
15041
14923
15042
14924
15043
14925
15044
14926
15045
14927
15046
14928
15047
14929
15048
14930
15049
14931
15050
14932
15051
14933
15052
14934
15053
14935
15054
14936
15055
14937
15056
14938
15057
14939
15058
14940
15059
14941
15060
14942
15061
14943
15062
14944
15063
14945
15064
14946
15065
14947
15066
14948
15067
14949
15068
14950
15069
14951
15070
14952
15071
14953
15072
14954
15073
14955
15074
14956
15075
14957
15076
14958
15077
14959
15078
14960
15079
14961
15080
14962
15081
14963
15082
14964
15083
14965
15084
14966
15085
14967
15086
14968
15087
14969
15088
14970
15089
14971
15090
14972
15091
14973
15092
14974
15093
14975
15094
14976
15095
14977
15096
14978
15097
14979
15098
14980
15099
14981
15100
14982
15101
14983
15102
14984
15103
14985
15104
14986
15105
14987
15106
14988
15107
14989
15108
14990
15109
14991
15110
14992
15111
14993
15112
14994
15113
14995
15114
14996
15115
14997
15116
14998
15117
14999
15118
15119
15001
15120
29877
15002
15121
15003
15122
15004
15123
15005
15124
15006
15125
15007
15126
15008
15127
15009
15128
15010
15129
15011
15130
15012
15131
15013
15132
15014
15133
15015
15134
15016
15135
15017
15136
15018
15137
15019
15138
15020
15139
15021
15140
15022
15141
15023
15142
15024
15143
15025
15144
15026
15145
15027
15146
15028
15147
15029
15148
15030
15149
15031
15150
15032
15151
15033
15152
15034
15153
15035
15154
15036
15155
15037
15156
15038
15157
15039
15158
15040
15159
15041
15160
15042
15161
15043
15162
15044
15163
15045
15164
15046
15165
15047
15166
15048
15167
15049
15168
15050
15169
15051
15170
15052
15171
15053
15172
15054
15173
15055
15174
15056
15175
15057
15176
15058
15177
15059
15178
15060
15179
15061
15180
15062
15181
15063
15182
15064
15183
15065
15184
15066
15185
15067
15186
15068
15187
15069
15188
15070
15189
15071
15190
15072
15191
15073
15192
15074
15193
15075
15194
15076
15195
15077
15196
15078
15197
15079
15198
15080
15199
15081
15200
15082
15201
15083
15202
15084
15203
15085
15204
15086
15205
15087
15206
15088
15207
15089
15208
15090
15209
15091
15210
15092
15211
15093
15212
15094
15213
15095
15214
15096
15215
15097
15216
15098
15217
15099
15218
15100
15219
15101
15220
15102
15221
15103
15222
15104
15223
15105
15224
15106
15225
15107
15226
15108
15227
15109
15228
15110
15229
15111
15230
15112
15231
15113
15232
15114
15233
15115
15234
15116
15235
15117
15236
15118
15237
15119
15238
15239
15121
15240
29878
15122
15241
15123
15242
15124
15243
15125
15244
15126
15245
15127
15246
15128
15247
15129
15248
15130
15249
15131
15250
15132
15251
15133
15252
15134
15253
15135
15254
15136
15255
15137
15256
15138
15257
15139
15258
15140
15259
15141
15260
15142
15261
15143
15262
15144
15263
15145
15264
15146
15265
15147
15266
15148
15267
15149
15268
15150
15269
15151
15270
15152
15271
15153
15272
15154
15273
15155
15274
15156
15275
15157
15276
15158
15277
15159
15278
15160
15279
15161
15280
15162
15281
15163
15282
15164
15283
15165
15284
15166
15285
15167
15286
15168
15287
15169
15288
15170
15289
15171
15290
15172
15291
15173
15292
15174
15293
15175
15294
15176
15295
15177
15296
15178
15297
15179
15298
15180
15299
15181
15300
15182
15301
15183
15302
15184
15303
15185
15304
15186
15305
15187
15306
15188
15307
15189
15308
15190
15309
15191
15310
15192
15311
15193
15312
15194
15313
15195
15314
15196
15315
15197
15316
15198
15317
15199
15318
15200
15319
15201
15320
15202
15321
15203
15322
15204
15323
15205
15324
15206
15325
15207
15326
15208
15327
15209
15328
15210
15329
15211
15330
15212
15331
15213
15332
15214
15333
15215
15334
15216
15335
15217
15336
15218
15337
15219
15338
15220
15339
15221
15340
15222
15341
15223
15342
15224
15343
15225
15344
15226
15345
15227
15346
15228
15347
15229
15348
15230
15349
15231
15350
15232
15351
15233
15352
15234
15353
15235
15354
15236
15355
15237
15356
15238
15357
15239
15358
15359
15241
15360
29879
15242
15361
15243
15362
15244
15363
15245
15364
15246
15365
15247
15366
15248
15367
15249
15368
15250
15369
15251
15370
15252
15371
15253
15372
15254
15373
15255
15374
15256
15375
15257
15376
15258
15377
15259
15378
15260
15379
15261
15380
15262
15381
15263
15382
15264
15383
15265
15384
15266
15385
15267
15386
15268
15387
15269
15388
15270
15389
15271
15390
15272
15391
15273
15392
15274
15393
15275
15394
15276
15395
15277
15396
15278
15397
15279
15398
15280
15399
15281
15400
15282
15401
15283
15402
15284
15403
15285
15404
15286
15405
15287
15406
15288
15407
15289
15408
15290
15409
15291
15410
15292
15411
15293
15412
15294
15413
15295
15414
15296
15415
15297
15416
15298
15417
15299
15418
15300
15419
15301
15420
15302
15421
15303
15422
15304
15423
15305
15424
15306
15425
15307
15426
15308
15427
15309
15428
15310
15429
15311
15430
15312
15431
15313
15432
15314
15433
15315
15434
15316
15435
15317
15436
15318
15437
15319
15438
15320
15439
15321
15440
15322
15441
15323
15442
15324
15443
15325
15444
15326
15445
15327
15446
15328
15447
15329
15448
15330
15449
15331
15450
15332
15451
15333
15452
15334
15453
15335
15454
15336
15455
15337
15456
15338
15457
15339
15458
15340
15459
15341
15460
15342
15461
15343
15462
15344
15463
15345
15464
15346
15465
15347
15466
15348
15467
15349
15468
15350
15469
15351
15470
15352
15471
15353
15472
15354
15473
15355
15474
15356
15475
15357
15476
15358
15477
15359
15478
15479
15361
15480
29880
15362
15481
15363
15482
15364
15483
15365
15484
15366
15485
15367
15486
15368
15487
15369
15488
15370
15489
15371
15490
15372
15491
15373
15492
15374
15493
15375
15494
15376
15495
15377
15496
15378
15497
15379
15498
15380
15499
15381
15500
15382
15501
15383
15502
15384
15503
15385
15504
15386
15505
15387
15506
15388
15507
15389
15508
15390
15509
15391
15510
15392
15511
15393
15512
15394
15513
15395
15514
15396
15515
15397
15516
15398
15517
15399
15518
15400
15519
15401
15520
15402
15521
15403
15522
15404
15523
15405
15524
15406
15525
15407
15526
15408
15527
15409
15528
15410
15529
15411
15530
15412
15531
15413
15532
15414
15533
15415
15534
15416
15535
15417
15536
15418
15537
15419
15538
15420
15539
15421
15540
15422
15541
15423
15542
15424
15543
15425
15544
15426
15545
15427
15546
15428
15547
15429
15548
15430
15549
15431
15550
15432
15551
15433
15552
15434
15553
15435
15554
15436
15555
15437
15556
15438
15557
15439
15558
15440
15559
15441
15560
15442
15561
15443
15562
15444
15563
15445
15564
15446
15565
15447
15566
15448
15567
15449
15568
15450
15569
15451
15570
15452
15571
15453
15572
15454
15573
15455
15574
15456
15575
15457
15576
15458
15577
15459
15578
15460
15579
15461
15580
15462
15581
15463
15582
15464
15583
15465
15584
15466
15585
15467
15586
15468
15587
15469
15588
15470
15589
15471
15590
15472
15591
15473
15592
15474
15593
15475
15594
15476
15595
15477
15596
15478
15597
15479
15598
15599
15481
15600
29881
15482
15601
15483
15602
15484
15603
15485
15604
15486
15605
15487
15606
15488
15607
15489
15608
15490
15609
15491
15610
15492
15611
15493
15612
15494
15613
15495
15614
15496
15615
15497
15616
15498
15617
15499
15618
15500
15619
15501
15620
15502
15621
15503
15622
15504
15623
15505
15624
15506
15625
15507
15626
15508
15627
15509
15628
15510
15629
15511
15630
15512
15631
15513
15632
15514
15633
15515
15634
15516
15635
15517
15636
15518
15637
15519
15638
15520
15639
15521
15640
15522
15641
15523
15642
15524
15643
15525
15644
15526
15645
15527
15646
15528
15647
15529
15648
15530
15649
15531
15650
15532
15651
15533
15652
15534
15653
15535
15654
15536
15655
15537
15656
15538
15657
15539
15658
15540
15659
15541
15660
15542
15661
15543
15662
15544
15663
15545
15664
15546
15665
15547
15666
15548
15667
15549
15668
15550
15669
15551
15670
15552
15671
15553
15672
15554
15673
15555
15674
15556
15675
15557
15676
15558
15677
15559
15678
15560
15679
15561
15680
15562
15681
15563
15682
15564
15683
15565
15684
15566
15685
15567
15686
15568
15687
15569
15688
15570
15689
15571
15690
15572
15691
15573
15692
15574
15693
15575
15694
15576
15695
15577
15696
15578
15697
15579
15698
15580
15699
15581
15700
15582
15701
15583
15702
15584
15703
15585
15704
15586
15705
15587
15706
15588
15707
15589
15708
15590
15709
15591
15710
15592
15711
15593
15712
15594
15713
15595
15714
15596
15715
15597
15716
15598
15717
15599
15718
15719
15601
15720
29882
15602
15721
15603
15722
15604
15723
15605
15724
15606
15725
15607
15726
15608
15727
15609
15728
15610
15729
15611
15730
15612
15731
15613
15732
15614
15733
15615
15734
15616
15735
15617
15736
15618
15737
15619
15738
15620
15739
15621
15740
15622
15741
15623
15742
15624
15743
15625
15744
15626
15745
15627
15746
15628
15747
15629
15748
15630
15749
15631
15750
15632
15751
15633
15752
15634
15753
15635
15754
15636
15755
15637
15756
15638
15757
15639
15758
15640
15759
15641
15760
15642
15761
15643
15762
15644
15763
15645
15764
15646
15765
15647
15766
15648
15767
15649
15768
15650
15769
15651
15770
15652
15771
15653
15772
15654
15773
15655
15774
15656
15775
15657
15776
15658
15777
15659
15778
15660
15779
15661
15780
15662
15781
15663
15782
15664
15783
15665
15784
15666
15785
15667
15786
15668
15787
15669
15788
15670
15789
15671
15790
15672
15791
15673
15792
15674
15793
15675
15794
15676
15795
15677
15796
15678
15797
15679
15798
15680
15799
15681
15800
15682
15801
15683
15802
15684
15803
15685
15804
15686
15805
15687
15806
15688
15807
15689
15808
15690
15809
15691
15810
15692
15811
15693
15812
15694
15813
15695
15814
15696
15815
15697
15816
15698
15817
15699
15818
15700
15819
15701
15820
15702
15821
15703
15822
15704
15823
15705
15824
15706
15825
15707
15826
15708
15827
15709
15828
15710
15829
15711
15830
15712
15831
15713
15832
15714
15833
15715
15834
15716
15835
15717
15836
15718
15837
15719
15838
15839
15721
15840
29883
15722
15841
15723
15842
15724
15843
15725
15844
15726
15845
15727
15846
15728
15847
15729
15848
15730
15849
15731
15850
15732
15851
15733
15852
15734
15853
15735
15854
15736
15855
15737
15856
15738
15857
15739
15858
15740
15859
15741
15860
15742
15861
15743
15862
15744
15863
15745
15864
15746
15865
15747
15866
15748
15867
15749
15868
15750
15869
15751
15870
15752
15871
15753
15872
15754
15873
15755
15874
15756
15875
15757
15876
15758
15877
15759
15878
15760
15879
15761
15880
15762
15881
15763
15882
15764
15883
15765
15884
15766
15885
15767
15886
15768
15887
15769
15888
15770
15889
15771
15890
15772
15891
15773
15892
15774
15893
15775
15894
15776
15895
15777
15896
15778
15897
15779
15898
15780
15899
15781
15900
15782
15901
15783
15902
15784
15903
15785
15904
15786
15905
15787
15906
15788
15907
15789
15908
15790
15909
15791
15910
15792
15911
15793
15912
15794
15913
15795
15914
15796
15915
15797
15916
15798
15917
15799
15918
15800
15919
15801
15920
15802
15921
15803
15922
15804
15923
15805
15924
15806
15925
15807
15926
15808
15927
15809
15928
15810
15929
15811
15930
15812
15931
15813
15932
15814
15933
15815
15934
15816
15935
15817
15936
15818
15937
15819
15938
15820
15939
15821
15940
15822
15941
15823
15942
15824
15943
15825
15944
15826
15945
15827
15946
15828
15947
15829
15948
15830
15949
15831
15950
15832
15951
15833
15952
15834
15953
15835
15954
15836
15955
15837
15956
15838
15957
15839
15958
15959
15841
15960
29884
15842
15961
15843
15962
15844
15963
15845
15964
15846
15965
15847
15966
15848
15967
15849
15968
15850
15969
15851
15970
15852
15971
15853
15972
15854
15973
15855
15974
15856
15975
15857
15976
15858
15977
15859
15978
15860
15979
15861
15980
15862
15981
15863
15982
15864
15983
15865
15984
15866
15985
15867
15986
15868
15987
15869
15988
15870
15989
15871
15990
15872
15991
15873
15992
15874
15993
15875
15994
15876
15995
15877
15996
15878
15997
15879
15998
15880
15999
15881
16000
15882
16001
15883
16002
15884
16003
15885
16004
15886
16005
15887
16006
15888
16007
15889
16008
15890
16009
15891
16010
15892
16011
15893
16012
15894
16013
15895
16014
15896
16015
15897
16016
15898
16017
15899
16018
15900
16019
15901
16020
15902
16021
15903
16022
15904
16023
15905
16024
15906
16025
15907
16026
15908
16027
15909
16028
15910
16029
15911
16030
15912
16031
15913
16032
15914
16033
15915
16034
15916
16035
15917
16036
15918
16037
15919
16038
15920
16039
15921
16040
15922
16041
15923
16042
15924
16043
15925
16044
15926
16045
15927
16046
15928
16047
15929
16048
15930
16049
15931
16050
15932
16051
15933
16052
15934
16053
15935
16054
15936
16055
15937
16056
15938
16057
15939
16058
15940
16059
15941
16060
15942
16061
15943
16062
15944
16063
15945
16064
15946
16065
15947
16066
15948
16067
15949
16068
15950
16069
15951
16070
15952
16071
15953
16072
15954
16073
15955
16074
15956
16075
15957
16076
15958
16077
15959
16078
16079
15961
16080
29885
15962
16081
15963
16082
15964
16083
15965
16084
15966
16085
15967
16086
15968
16087
15969
16088
15970
16089
15971
16090
15972
16091
15973
16092
15974
16093
15975
16094
15976
16095
15977
16096
15978
16097
15979
16098
15980
16099
15981
16100
15982
16101
15983
16102
15984
16103
15985
16104
15986
16105
15987
16106
15988
16107
15989
16108
15990
16109
15991
16110
15992
16111
15993
16112
15994
16113
15995
16114
15996
16115
15997
16116
15998
16117
15999
16118
16000
16119
16001
16120
16002
16121
16003
16122
16004
16123
16005
16124
16006
16125
16007
16126
16008
16127
16009
16128
16010
16129
16011
16130
16012
16131
16013
16132
16014
16133
16015
16134
16016
16135
16017
16136
16018
16137
16019
16138
16020
16139
16021
16140
16022
16141
16023
16142
16024
16143
16025
16144
16026
16145
16027
16146
16028
16147
16029
16148
16030
16149
16031
16150
16032
16151
16033
16152
16034
16153
16035
16154
16036
16155
16037
16156
16038
16157
16039
16158
16040
16159
16041
16160
16042
16161
16043
16162
16044
16163
16045
16164
16046
16165
16047
16166
16048
16167
16049
16168
16050
16169
16051
16170
16052
16171
16053
16172
16054
16173
16055
16174
16056
16175
16057
16176
16058
16177
16059
16178
16060
16179
16061
16180
16062
16181
16063
16182
16064
16183
16065
16184
16066
16185
16067
16186
16068
16187
16069
16188
16070
16189
16071
16190
16072
16191
16073
16192
16074
16193
16075
16194
16076
16195
16077
16196
16078
16197
16079
16198
16199
16081
16200
29886
16082
16201
16083
16202
16084
16203
16085
16204
16086
16205
16087
16206
16088
16207
16089
16208
16090
16209
16091
16210
16092
16211
16093
16212
16094
16213
16095
16214
16096
16215
16097
16216
16098
16217
16099
16218
16100
16219
16101
16220
16102
16221
16103
16222
16104
16223
16105
16224
16106
16225
16107
16226
16108
16227
16109
16228
16110
16229
16111
16230
16112
16231
16113
16232
16114
16233
16115
16234
16116
16235
16117
16236
16118
16237
16119
16238
16120
16239
16121
16240
16122
16241
16123
16242
16124
16243
16125
16244
16126
16245
16127
16246
16128
16247
16129
16248
16130
16249
16131
16250
16132
16251
16133
16252
16134
16253
16135
16254
16136
16255
16137
16256
16138
16257
16139
16258
16140
16259
16141
16260
16142
16261
16143
16262
16144
16263
16145
16264
16146
16265
16147
16266
16148
16267
16149
16268
16150
16269
16151
16270
16152
16271
16153
16272
16154
16273
16155
16274
16156
16275
16157
16276
16158
16277
16159
16278
16160
16279
16161
16280
16162
16281
16163
16282
16164
16283
16165
16284
16166
16285
16167
16286
16168
16287
16169
16288
16170
16289
16171
16290
16172
16291
16173
16292
16174
16293
16175
16294
16176
16295
16177
16296
16178
16297
16179
16298
16180
16299
16181
16300
16182
16301
16183
16302
16184
16303
16185
16304
16186
16305
16187
16306
16188
16307
16189
16308
16190
16309
16191
16310
16192
16311
16193
16312
16194
16313
16195
16314
16196
16315
16197
16316
16198
16317
16199
16318
16319
16201
16320
29887
16202
16321
16203
16322
16204
16323
16205
16324
16206
16325
16207
16326
16208
16327
16209
16328
16210
16329
16211
16330
16212
16331
16213
16332
16214
16333
16215
16334
16216
16335
16217
16336
16218
16337
16219
16338
16220
16339
16221
16340
16222
16341
16223
16342
16224
16343
16225
16344
16226
16345
16227
16346
16228
16347
16229
16348
16230
16349
16231
16350
16232
16351
16233
16352
16234
16353
16235
16354
16236
16355
16237
16356
16238
16357
16239
16358
16240
16359
16241
16360
16242
16361
16243
16362
16244
16363
16245
16364
16246
16365
16247
16366
16248
16367
16249
16368
16250
16369
16251
16370
16252
16371
16253
16372
16254
16373
16255
16374
16256
16375
16257
16376
16258
16377
16259
16378
16260
16379
16261
16380
16262
16381
16263
16382
16264
16383
16265
16384
16266
16385
16267
16386
16268
16387
16269
16388
16270
16389
16271
16390
16272
16391
16273
16392
16274
16393
16275
16394
16276
16395
16277
16396
16278
16397
16279
16398
16280
16399
16281
16400
16282
16401
16283
16402
16284
16403
16285
16404
16286
16405
16287
16406
16288
16407
16289
16408
16290
16409
16291
16410
16292
16411
16293
16412
16294
16413
16295
16414
16296
16415
16297
16416
16298
16417
16299
16418
16300
16419
16301
16420
16302
16421
16303
16422
16304
16423
16305
16424
16306
16425
16307
16426
16308
16427
16309
16428
16310
16429
16311
16430
16312
16431
16313
16432
16314
16433
16315
16434
16316
16435
16317
16436
16318
16437
16319
16438
16439
16321
16440
29888
16322
16441
16323
16442
16324
16443
16325
16444
16326
16445
16327
16446
16328
16447
16329
16448
16330
16449
16331
16450
16332
16451
16333
16452
16334
16453
16335
16454
16336
16455
16337
16456
16338
16457
16339
16458
16340
16459
16341
16460
16342
16461
16343
16462
16344
16463
16345
16464
16346
16465
16347
16466
16348
16467
16349
16468
16350
16469
16351
16470
16352
16471
16353
16472
16354
16473
16355
16474
16356
16475
16357
16476
16358
16477
16359
16478
16360
16479
16361
16480
16362
16481
16363
16482
16364
16483
16365
16484
16366
16485
16367
16486
16368
16487
16369
16488
16370
16489
16371
16490
16372
16491
16373
16492
16374
16493
16375
16494
16376
16495
16377
16496
16378
16497
16379
16498
16380
16499
16381
16500
16382
16501
16383
16502
16384
16503
16385
16504
16386
16505
16387
16506
16388
16507
16389
16508
16390
16509
16391
16510
16392
16511
16393
16512
16394
16513
16395
16514
16396
16515
16397
16516
16398
16517
16399
16518
16400
16519
16401
16520
16402
16521
16403
16522
16404
16523
16405
16524
16406
16525
16407
16526
16408
16527
16409
16528
16410
16529
16411
16530
16412
16531
16413
16532
16414
16533
16415
16534
16416
16535
16417
16536
16418
16537
16419
16538
16420
16539
16421
16540
16422
16541
16423
16542
16424
16543
16425
16544
16426
16545
16427
16546
16428
16547
16429
16548
16430
16549
16431
16550
16432
16551
16433
16552
16434
16553
16435
16554
16436
16555
16437
16556
16438
16557
16439
16558
16559
16441
16560
29889
16442
16561
16443
16562
16444
16563
16445
16564
16446
16565
16447
16566
16448
16567
16449
16568
16450
16569
16451
16570
16452
16571
16453
16572
16454
16573
16455
16574
16456
16575
16457
16576
16458
16577
16459
16578
16460
16579
16461
16580
16462
16581
16463
16582
16464
16583
16465
16584
16466
16585
16467
16586
16468
16587
16469
16588
16470
16589
16471
16590
16472
16591
16473
16592
16474
16593
16475
16594
16476
16595
16477
16596
16478
16597
16479
16598
16480
16599
16481
16600
16482
16601
16483
16602
16484
16603
16485
16604
16486
16605
16487
16606
16488
16607
16489
16608
16490
16609
16491
16610
16492
16611
16493
16612
16494
16613
16495
16614
16496
16615
16497
16616
16498
16617
16499
16618
16500
16619
16501
16620
16502
16621
16503
16622
16504
16623
16505
16624
16506
16625
16507
16626
16508
16627
16509
16628
16510
16629
16511
16630
16512
16631
16513
16632
16514
16633
16515
16634
16516
16635
16517
16636
16518
16637
16519
16638
16520
16639
16521
16640
16522
16641
16523
16642
16524
16643
16525
16644
16526
16645
16527
16646
16528
16647
16529
16648
16530
16649
16531
16650
16532
16651
16533
16652
16534
16653
16535
16654
16536
16655
16537
16656
16538
16657
16539
16658
16540
16659
16541
16660
16542
16661
16543
16662
16544
16663
16545
16664
16546
16665
16547
16666
16548
16667
16549
16668
16550
16669
16551
16670
16552
16671
16553
16672
16554
16673
16555
16674
16556
16675
16557
16676
16558
16677
16559
16678
16679
16561
16680
29890
16562
16681
16563
16682
16564
16683
16565
16684
16566
16685
16567
16686
16568
16687
16569
16688
16570
16689
16571
16690
16572
16691
16573
16692
16574
16693
16575
16694
16576
16695
16577
16696
16578
16697
16579
16698
16580
16699
16581
16700
16582
16701
16583
16702
16584
16703
16585
16704
16586
16705
16587
16706
16588
16707
16589
16708
16590
16709
16591
16710
16592
16711
16593
16712
16594
16713
16595
16714
16596
16715
16597
16716
16598
16717
16599
16718
16600
16719
16601
16720
16602
16721
16603
16722
16604
16723
16605
16724
16606
16725
16607
16726
16608
16727
16609
16728
16610
16729
16611
16730
16612
16731
16613
16732
16614
16733
16615
16734
16616
16735
16617
16736
16618
16737
16619
16738
16620
16739
16621
16740
16622
16741
16623
16742
16624
16743
16625
16744
16626
16745
16627
16746
16628
16747
16629
16748
16630
16749
16631
16750
16632
16751
16633
16752
16634
16753
16635
16754
16636
16755
16637
16756
16638
16757
16639
16758
16640
16759
16641
16760
16642
16761
16643
16762
16644
16763
16645
16764
16646
16765
16647
16766
16648
16767
16649
16768
16650
16769
16651
16770
16652
16771
16653
16772
16654
16773
16655
16774
16656
16775
16657
16776
16658
16777
16659
16778
16660
16779
16661
16780
16662
16781
16663
16782
16664
16783
16665
16784
16666
16785
16667
16786
16668
16787
16669
16788
16670
16789
16671
16790
16672
16791
16673
16792
16674
16793
16675
16794
16676
16795
16677
16796
16678
16797
16679
16798
16799
16681
16800
29891
16682
16801
16683
16802
16684
16803
16685
16804
16686
16805
16687
16806
16688
16807
16689
16808
16690
16809
16691
16810
16692
16811
16693
16812
16694
16813
16695
16814
16696
16815
16697
16816
16698
16817
16699
16818
16700
16819
16701
16820
16702
16821
16703
16822
16704
16823
16705
16824
16706
16825
16707
16826
16708
16827
16709
16828
16710
16829
16711
16830
16712
16831
16713
16832
16714
16833
16715
16834
16716
16835
16717
16836
16718
16837
16719
16838
16720
16839
16721
16840
16722
16841
16723
16842
16724
16843
16725
16844
16726
16845
16727
16846
16728
16847
16729
16848
16730
16849
16731
16850
16732
16851
16733
16852
16734
16853
16735
16854
16736
16855
16737
16856
16738
16857
16739
16858
16740
16859
16741
16860
16742
16861
16743
16862
16744
16863
16745
16864
16746
16865
16747
16866
16748
16867
16749
16868
16750
16869
16751
16870
16752
16871
16753
16872
16754
16873
16755
16874
16756
16875
16757
16876
16758
16877
16759
16878
16760
16879
16761
16880
16762
16881
16763
16882
16764
16883
16765
16884
16766
16885
16767
16886
16768
16887
16769
16888
16770
16889
16771
16890
16772
16891
16773
16892
16774
16893
16775
16894
16776
16895
16777
16896
16778
16897
16779
16898
16780
16899
16781
16900
16782
16901
16783
16902
16784
16903
16785
16904
16786
16905
16787
16906
16788
16907
16789
16908
16790
16909
16791
16910
16792
16911
16793
16912
16794
16913
16795
16914
16796
16915
16797
16916
16798
16917
16799
16918
16919
16801
16920
29892
16802
16921
16803
16922
16804
16923
16805
16924
16806
16925
16807
16926
16808
16927
16809
16928
16810
16929
16811
16930
16812
16931
16813
16932
16814
16933
16815
16934
16816
16935
16817
16936
16818
16937
16819
16938
16820
16939
16821
16940
16822
16941
16823
16942
16824
16943
16825
16944
16826
16945
16827
16946
16828
16947
16829
16948
16830
16949
16831
16950
16832
16951
16833
16952
16834
16953
16835
16954
16836
16955
16837
16956
16838
16957
16839
16958
16840
16959
16841
16960
16842
16961
16843
16962
16844
16963
16845
16964
16846
16965
16847
16966
16848
16967
16849
16968
16850
16969
16851
16970
16852
16971
16853
16972
16854
16973
16855
16974
16856
16975
16857
16976
16858
16977
16859
16978
16860
16979
16861
16980
16862
16981
16863
16982
16864
16983
16865
16984
16866
16985
16867
16986
16868
16987
16869
16988
16870
16989
16871
16990
16872
16991
16873
16992
16874
16993
16875
16994
16876
16995
16877
16996
16878
16997
16879
16998
16880
16999
16881
17000
16882
17001
16883
17002
16884
17003
16885
17004
16886
17005
16887
17006
16888
17007
16889
17008
16890
17009
16891
17010
16892
17011
16893
17012
16894
17013
16895
17014
16896
17015
16897
17016
16898
17017
16899
17018
16900
17019
16901
17020
16902
17021
16903
17022
16904
17023
16905
17024
16906
17025
16907
17026
16908
17027
16909
17028
16910
17029
16911
17030
16912
17031
16913
17032
16914
17033
16915
17034
16916
17035
16917
17036
16918
17037
16919
17038
17039
16921
17040
29893
16922
17041
16923
17042
16924
17043
16925
17044
16926
17045
16927
17046
16928
17047
16929
17048
16930
17049
16931
17050
16932
17051
16933
17052
16934
17053
16935
17054
16936
17055
16937
17056
16938
17057
16939
17058
16940
17059
16941
17060
16942
17061
16943
17062
16944
17063
16945
17064
16946
17065
16947
17066
16948
17067
16949
17068
16950
17069
16951
17070
16952
17071
16953
17072
16954
17073
16955
17074
16956
17075
16957
17076
16958
17077
16959
17078
16960
17079
16961
17080
16962
17081
16963
17082
16964
17083
16965
17084
16966
17085
16967
17086
16968
17087
16969
17088
16970
17089
16971
17090
16972
17091
16973
17092
16974
17093
16975
17094
16976
17095
16977
17096
16978
17097
16979
17098
16980
17099
16981
17100
16982
17101
16983
17102
16984
17103
16985
17104
16986
17105
16987
17106
16988
17107
16989
17108
16990
17109
16991
17110
16992
17111
16993
17112
16994
17113
16995
17114
16996
17115
16997
17116
16998
17117
16999
17118
17000
17119
17001
17120
17002
17121
17003
17122
17004
17123
17005
17124
17006
17125
17007
17126
17008
17127
17009
17128
17010
17129
17011
17130
17012
17131
17013
17132
17014
17133
17015
17134
17016
17135
17017
17136
17018
17137
17019
17138
17020
17139
17021
17140
17022
17141
17023
17142
17024
17143
17025
17144
17026
17145
17027
17146
17028
17147
17029
17148
17030
17149
17031
17150
17032
17151
17033
17152
17034
17153
17035
17154
17036
17155
17037
17156
17038
17157
17039
17158
17159
17041
17160
29894
17042
17161
17043
17162
17044
17163
17045
17164
17046
17165
17047
17166
17048
17167
17049
17168
17050
17169
17051
17170
17052
17171
17053
17172
17054
17173
17055
17174
17056
17175
17057
17176
17058
17177
17059
17178
17060
17179
17061
17180
17062
17181
17063
17182
17064
17183
17065
17184
17066
17185
17067
17186
17068
17187
17069
17188
17070
17189
17071
17190
17072
17191
17073
17192
17074
17193
17075
17194
17076
17195
17077
17196
17078
17197
17079
17198
17080
17199
17081
17200
17082
17201
17083
17202
17084
17203
17085
17204
17086
17205
17087
17206
17088
17207
17089
17208
17090
17209
17091
17210
17092
17211
17093
17212
17094
17213
17095
17214
17096
17215
17097
17216
17098
17217
17099
17218
17100
17219
17101
17220
17102
17221
17103
17222
17104
17223
17105
17224
17106
17225
17107
17226
17108
17227
17109
17228
17110
17229
17111
17230
17112
17231
17113
17232
17114
17233
17115
17234
17116
17235
17117
17236
17118
17237
17119
17238
17120
17239
17121
17240
17122
17241
17123
17242
17124
17243
17125
17244
17126
17245
17127
17246
17128
17247
17129
17248
17130
17249
17131
17250
17132
17251
17133
17252
17134
17253
17135
17254
17136
17255
17137
17256
17138
17257
17139
17258
17140
17259
17141
17260
17142
17261
17143
17262
17144
17263
17145
17264
17146
17265
17147
17266
17148
17267
17149
17268
17150
17269
17151
17270
17152
17271
17153
17272
17154
17273
17155
17274
17156
17275
17157
17276
17158
17277
17159
17278
17279
17161
17280
29895
17162
17281
17163
17282
17164
17283
17165
17284
17166
17285
17167
17286
17168
17287
17169
17288
17170
17289
17171
17290
17172
17291
17173
17292
17174
17293
17175
17294
17176
17295
17177
17296
17178
17297
17179
17298
17180
17299
17181
17300
17182
17301
17183
17302
17184
17303
17185
17304
17186
17305
17187
17306
17188
17307
17189
17308
17190
17309
17191
17310
17192
17311
17193
17312
17194
17313
17195
17314
17196
17315
17197
17316
17198
17317
17199
17318
17200
17319
17201
17320
17202
17321
17203
17322
17204
17323
17205
17324
17206
17325
17207
17326
17208
17327
17209
17328
17210
17329
17211
17330
17212
17331
17213
17332
17214
17333
17215
17334
17216
17335
17217
17336
17218
17337
17219
17338
17220
17339
17221
17340
17222
17341
17223
17342
17224
17343
17225
17344
17226
17345
17227
17346
17228
17347
17229
17348
17230
17349
17231
17350
17232
17351
17233
17352
17234
17353
17235
17354
17236
17355
17237
17356
17238
17357
17239
17358
17240
17359
17241
17360
17242
17361
17243
17362
17244
17363
17245
17364
17246
17365
17247
17366
17248
17367
17249
17368
17250
17369
17251
17370
17252
17371
17253
17372
17254
17373
17255
17374
17256
17375
17257
17376
17258
17377
17259
17378
17260
17379
17261
17380
17262
17381
17263
17382
17264
17383
17265
17384
17266
17385
17267
17386
17268
17387
17269
17388
17270
17389
17271
17390
17272
17391
17273
17392
17274
17393
17275
17394
17276
17395
17277
17396
17278
17397
17279
17398
17399
17281
17400
29896
17282
17401
17283
17402
17284
17403
17285
17404
17286
17405
17287
17406
17288
17407
17289
17408
17290
17409
17291
17410
17292
17411
17293
17412
17294
17413
17295
17414
17296
17415
17297
17416
17298
17417
17299
17418
17300
17419
17301
17420
17302
17421
17303
17422
17304
17423
17305
17424
17306
17425
17307
17426
17308
17427
17309
17428
17310
17429
17311
17430
17312
17431
17313
17432
17314
17433
17315
17434
17316
17435
17317
17436
17318
17437
17319
17438
17320
17439
17321
17440
17322
17441
17323
17442
17324
17443
17325
17444
17326
17445
17327
17446
17328
17447
17329
17448
17330
17449
17331
17450
17332
17451
17333
17452
17334
17453
17335
17454
17336
17455
17337
17456
17338
17457
17339
17458
17340
17459
17341
17460
17342
17461
17343
17462
17344
17463
17345
17464
17346
17465
17347
17466
17348
17467
17349
17468
17350
17469
17351
17470
17352
17471
17353
17472
17354
17473
17355
17474
17356
17475
17357
17476
17358
17477
17359
17478
17360
17479
17361
17480
17362
17481
17363
17482
17364
17483
17365
17484
17366
17485
17367
17486
17368
17487
17369
17488
17370
17489
17371
17490
17372
17491
17373
17492
17374
17493
17375
17494
17376
17495
17377
17496
17378
17497
17379
17498
17380
17499
17381
17500
17382
17501
17383
17502
17384
17503
17385
17504
17386
17505
17387
17506
17388
17507
17389
17508
17390
17509
17391
17510
17392
17511
17393
17512
17394
17513
17395
17514
17396
17515
17397
17516
17398
17517
17399
17518
17519
17401
17520
29897
17402
17521
17403
17522
17404
17523
17405
17524
17406
17525
17407
17526
17408
17527
17409
17528
17410
17529
17411
17530
17412
17531
17413
17532
17414
17533
17415
17534
17416
17535
17417
17536
17418
17537
17419
17538
17420
17539
17421
17540
17422
17541
17423
17542
17424
17543
17425
17544
17426
17545
17427
17546
17428
17547
17429
17548
17430
17549
17431
17550
17432
17551
17433
17552
17434
17553
17435
17554
17436
17555
17437
17556
17438
17557
17439
17558
17440
17559
17441
17560
17442
17561
17443
17562
17444
17563
17445
17564
17446
17565
17447
17566
17448
17567
17449
17568
17450
17569
17451
17570
17452
17571
17453
17572
17454
17573
17455
17574
17456
17575
17457
17576
17458
17577
17459
17578
17460
17579
17461
17580
17462
17581
17463
17582
17464
17583
17465
17584
17466
17585
17467
17586
17468
17587
17469
17588
17470
17589
17471
17590
17472
17591
17473
17592
17474
17593
17475
17594
17476
17595
17477
17596
17478
17597
17479
17598
17480
17599
17481
17600
17482
17601
17483
17602
17484
17603
17485
17604
17486
17605
17487
17606
17488
17607
17489
17608
17490
17609
17491
17610
17492
17611
17493
17612
17494
17613
17495
17614
17496
17615
17497
17616
17498
17617
17499
17618
17500
17619
17501
17620
17502
17621
17503
17622
17504
17623
17505
17624
17506
17625
17507
17626
17508
17627
17509
17628
17510
17629
17511
17630
17512
17631
17513
17632
17514
17633
17515
17634
17516
17635
17517
17636
17518
17637
17519
17638
17639
17521
17640
29898
17522
17641
17523
17642
17524
17643
17525
17644
17526
17645
17527
17646
17528
17647
17529
17648
17530
17649
17531
17650
17532
17651
17533
17652
17534
17653
17535
17654
17536
17655
17537
17656
17538
17657
17539
17658
17540
17659
17541
17660
17542
17661
17543
17662
17544
17663
17545
17664
17546
17665
17547
17666
17548
17667
17549
17668
17550
17669
17551
17670
17552
17671
17553
17672
17554
17673
17555
17674
17556
17675
17557
17676
17558
17677
17559
17678
17560
17679
17561
17680
17562
17681
17563
17682
17564
17683
17565
17684
17566
17685
17567
17686
17568
17687
17569
17688
17570
17689
17571
17690
17572
17691
17573
17692
17574
17693
17575
17694
17576
17695
17577
17696
17578
17697
17579
17698
17580
17699
17581
17700
17582
17701
17583
17702
17584
17703
17585
17704
17586
17705
17587
17706
17588
17707
17589
17708
17590
17709
17591
17710
17592
17711
17593
17712
17594
17713
17595
17714
17596
17715
17597
17716
17598
17717
17599
17718
17600
17719
17601
17720
17602
17721
17603
17722
17604
17723
17605
17724
17606
17725
17607
17726
17608
17727
17609
17728
17610
17729
17611
17730
17612
17731
17613
17732
17614
17733
17615
17734
17616
17735
17617
17736
17618
17737
17619
17738
17620
17739
17621
17740
17622
17741
17623
17742
17624
17743
17625
17744
17626
17745
17627
17746
17628
17747
17629
17748
17630
17749
17631
17750
17632
17751
17633
17752
17634
17753
17635
17754
17636
17755
17637
17756
17638
17757
17639
17758
17759
17641
17760
29899
17642
17761
17643
17762
17644
17763
17645
17764
17646
17765
17647
17766
17648
17767
17649
17768
17650
17769
17651
17770
17652
17771
17653
17772
17654
17773
17655
17774
17656
17775
17657
17776
17658
17777
17659
17778
17660
17779
17661
17780
17662
17781
17663
17782
17664
17783
17665
17784
17666
17785
17667
17786
17668
17787
17669
17788
17670
17789
17671
17790
17672
17791
17673
17792
17674
17793
17675
17794
17676
17795
17677
17796
17678
17797
17679
17798
17680
17799
17681
17800
17682
17801
17683
17802
17684
17803
17685
17804
17686
17805
17687
17806
17688
17807
17689
17808
17690
17809
17691
17810
17692
17811
17693
17812
17694
17813
17695
17814
17696
17815
17697
17816
17698
17817
17699
17818
17700
17819
17701
17820
17702
17821
17703
17822
17704
17823
17705
17824
17706
17825
17707
17826
17708
17827
17709
17828
17710
17829
17711
17830
17712
17831
17713
17832
17714
17833
17715
17834
17716
17835
17717
17836
17718
17837
17719
17838
17720
17839
17721
17840
17722
17841
17723
17842
17724
17843
17725
17844
17726
17845
17727
17846
17728
17847
17729
17848
17730
17849
17731
17850
17732
17851
17733
17852
17734
17853
17735
17854
17736
17855
17737
17856
17738
17857
17739
17858
17740
17859
17741
17860
17742
17861
17743
17862
17744
17863
17745
17864
17746
17865
17747
17866
17748
17867
17749
17868
17750
17869
17751
17870
17752
17871
17753
17872
17754
17873
17755
17874
17756
17875
17757
17876
17758
17877
17759
17878
17879
17761
17880
29900
17762
17881
17763
17882
17764
17883
17765
17884
17766
17885
17767
17886
17768
17887
17769
17888
17770
17889
17771
17890
17772
17891
17773
17892
17774
17893
17775
17894
17776
17895
17777
17896
17778
17897
17779
17898
17780
17899
17781
17900
17782
17901
17783
17902
17784
17903
17785
17904
17786
17905
17787
17906
17788
17907
17789
17908
17790
17909
17791
17910
17792
17911
17793
17912
17794
17913
17795
17914
17796
17915
17797
17916
17798
17917
17799
17918
17800
17919
17801
17920
17802
17921
17803
17922
17804
17923
17805
17924
17806
17925
17807
17926
17808
17927
17809
17928
17810
17929
17811
17930
17812
17931
17813
17932
17814
17933
17815
17934
17816
17935
17817
17936
17818
17937
17819
17938
17820
17939
17821
17940
17822
17941
17823
17942
17824
17943
17825
17944
17826
17945
17827
17946
17828
17947
17829
17948
17830
17949
17831
17950
17832
17951
17833
17952
17834
17953
17835
17954
17836
17955
17837
17956
17838
17957
17839
17958
17840
17959
17841
17960
17842
17961
17843
17962
17844
17963
17845
17964
17846
17965
17847
17966
17848
17967
17849
17968
17850
17969
17851
17970
17852
17971
17853
17972
17854
17973
17855
17974
17856
17975
17857
17976
17858
17977
17859
17978
17860
17979
17861
17980
17862
17981
17863
17982
17864
17983
17865
17984
17866
17985
17867
17986
17868
17987
17869
17988
17870
17989
17871
17990
17872
17991
17873
17992
17874
17993
17875
17994
17876
17995
17877
17996
17878
17997
17879
17998
17999
17881
18000
29901
17882
18001
17883
18002
17884
18003
17885
18004
17886
18005
17887
18006
17888
18007
17889
18008
17890
18009
17891
18010
17892
18011
17893
18012
17894
18013
17895
18014
17896
18015
17897
18016
17898
18017
17899
18018
17900
18019
17901
18020
17902
18021
17903
18022
17904
18023
17905
18024
17906
18025
17907
18026
17908
18027
17909
18028
17910
18029
17911
18030
17912
18031
17913
18032
17914
18033
17915
18034
17916
18035
17917
18036
17918
18037
17919
18038
17920
18039
17921
18040
17922
18041
17923
18042
17924
18043
17925
18044
17926
18045
17927
18046
17928
18047
17929
18048
17930
18049
17931
18050
17932
18051
17933
18052
17934
18053
17935
18054
17936
18055
17937
18056
17938
18057
17939
18058
17940
18059
17941
18060
17942
18061
17943
18062
17944
18063
17945
18064
17946
18065
17947
18066
17948
18067
17949
18068
17950
18069
17951
18070
17952
18071
17953
18072
17954
18073
17955
18074
17956
18075
17957
18076
17958
18077
17959
18078
17960
18079
17961
18080
17962
18081
17963
18082
17964
18083
17965
18084
17966
18085
17967
18086
17968
18087
17969
18088
17970
18089
17971
18090
17972
18091
17973
18092
17974
18093
17975
18094
17976
18095
17977
18096
17978
18097
17979
18098
17980
18099
17981
18100
17982
18101
17983
18102
17984
18103
17985
18104
17986
18105
17987
18106
17988
18107
17989
18108
17990
18109
17991
18110
17992
18111
17993
18112
17994
18113
17995
18114
17996
18115
17997
18116
17998
18117
17999
18118
18119
18001
18120
35186
18002
18121
18003
18122
18004
18123
18005
18124
18006
18125
18007
18126
18008
18127
18009
18128
18010
18129
18011
18130
18012
18131
18013
18132
18014
18133
18015
18134
18016
18135
18017
18136
18018
18137
18019
18138
18020
18139
18021
18140
18022
18141
18023
18142
18024
18143
18025
18144
18026
18145
18027
18146
18028
18147
18029
18148
18030
18149
18031
18150
18032
18151
18033
18152
18034
18153
18035
18154
18036
18155
18037
18156
18038
18157
18039
18158
18040
18159
18041
18160
18042
18161
18043
18162
18044
18163
18045
18164
18046
18165
18047
18166
18048
18167
18049
18168
18050
18169
18051
18170
18052
18171
18053
18172
18054
18173
18055
18174
18056
18175
18057
18176
18058
18177
18059
18178
18060
18179
18061
18180
18062
18181
18063
18182
18064
18183
18065
18184
18066
18185
18067
18186
18068
18187
18069
18188
18070
18189
18071
18190
18072
18191
18073
18192
18074
18193
18075
18194
18076
18195
18077
18196
18078
18197
18079
18198
18080
18199
18081
18200
18082
18201
18083
18202
18084
18203
18085
18204
18086
18205
18087
18206
18088
18207
18089
18208
18090
18209
18091
18210
18092
18211
18093
18212
18094
18213
18095
18214
18096
18215
18097
18216
18098
18217
18099
18218
18100
18219
18101
18220
18102
18221
18103
18222
18104
18223
18105
18224
18106
18225
18107
18226
18108
18227
18109
18228
18110
18229
18111
18230
18112
18231
18113
18232
18114
18233
18115
18234
18116
18235
18117
18236
18118
18237
18119
18238
18239
18121
18240
35187
18122
18241
18123
18242
18124
18243
18125
18244
18126
18245
18127
18246
18128
18247
18129
18248
18130
18249
18131
18250
18132
18251
18133
18252
18134
18253
18135
18254
18136
18255
18137
18256
18138
18257
18139
18258
18140
18259
18141
18260
18142
18261
18143
18262
18144
18263
18145
18264
18146
18265
18147
18266
18148
18267
18149
18268
18150
18269
18151
18270
18152
18271
18153
18272
18154
18273
18155
18274
18156
18275
18157
18276
18158
18277
18159
18278
18160
18279
18161
18280
18162
18281
18163
18282
18164
18283
18165
18284
18166
18285
18167
18286
18168
18287
18169
18288
18170
18289
18171
18290
18172
18291
18173
18292
18174
18293
18175
18294
18176
18295
18177
18296
18178
18297
18179
18298
18180
18299
18181
18300
18182
18301
18183
18302
18184
18303
18185
18304
18186
18305
18187
18306
18188
18307
18189
18308
18190
18309
18191
18310
18192
18311
18193
18312
18194
18313
18195
18314
18196
18315
18197
18316
18198
18317
18199
18318
18200
18319
18201
18320
18202
18321
18203
18322
18204
18323
18205
18324
18206
18325
18207
18326
18208
18327
18209
18328
18210
18329
18211
18330
18212
18331
18213
18332
18214
18333
18215
18334
18216
18335
18217
18336
18218
18337
18219
18338
18220
18339
18221
18340
18222
18341
18223
18342
18224
18343
18225
18344
18226
18345
18227
18346
18228
18347
18229
18348
18230
18349
18231
18350
18232
18351
18233
18352
18234
18353
18235
18354
18236
18355
18237
18356
18238
18357
18239
18358
18359
18241
18360
35188
18242
18361
18243
18362
18244
18363
18245
18364
18246
18365
18247
18366
18248
18367
18249
18368
18250
18369
18251
18370
18252
18371
18253
18372
18254
18373
18255
18374
18256
18375
18257
18376
18258
18377
18259
18378
18260
18379
18261
18380
18262
18381
18263
18382
18264
18383
18265
18384
18266
18385
18267
18386
18268
18387
18269
18388
18270
18389
18271
18390
18272
18391
18273
18392
18274
18393
18275
18394
18276
18395
18277
18396
18278
18397
18279
18398
18280
18399
18281
18400
18282
18401
18283
18402
18284
18403
18285
18404
18286
18405
18287
18406
18288
18407
18289
18408
18290
18409
18291
18410
18292
18411
18293
18412
18294
18413
18295
18414
18296
18415
18297
18416
18298
18417
18299
18418
18300
18419
18301
18420
18302
18421
18303
18422
18304
18423
18305
18424
18306
18425
18307
18426
18308
18427
18309
18428
18310
18429
18311
18430
18312
18431
18313
18432
18314
18433
18315
18434
18316
18435
18317
18436
18318
18437
18319
18438
18320
18439
18321
18440
18322
18441
18323
18442
18324
18443
18325
18444
18326
18445
18327
18446
18328
18447
18329
18448
18330
18449
18331
18450
18332
18451
18333
18452
18334
18453
18335
18454
18336
18455
18337
18456
18338
18457
18339
18458
18340
18459
18341
18460
18342
18461
18343
18462
18344
18463
18345
18464
18346
18465
18347
18466
18348
18467
18349
18468
18350
18469
18351
18470
18352
18471
18353
18472
18354
18473
18355
18474
18356
18475
18357
18476
18358
18477
18359
18478
18479
18361
18480
35189
18362
18481
18363
18482
18364
18483
18365
18484
18366
18485
18367
18486
18368
18487
18369
18488
18370
18489
18371
18490
18372
18491
18373
18492
18374
18493
18375
18494
18376
18495
18377
18496
18378
18497
18379
18498
18380
18499
18381
18500
18382
18501
18383
18502
18384
18503
18385
18504
18386
18505
18387
18506
18388
18507
18389
18508
18390
18509
18391
18510
18392
18511
18393
18512
18394
18513
18395
18514
18396
18515
18397
18516
18398
18517
18399
18518
18400
18519
18401
18520
18402
18521
18403
18522
18404
18523
18405
18524
18406
18525
18407
18526
18408
18527
18409
18528
18410
18529
18411
18530
18412
18531
18413
18532
18414
18533
18415
18534
18416
18535
18417
18536
18418
18537
18419
18538
18420
18539
18421
18540
18422
18541
18423
18542
18424
18543
18425
18544
18426
18545
18427
18546
18428
18547
18429
18548
18430
18549
18431
18550
18432
18551
18433
18552
18434
18553
18435
18554
18436
18555
18437
18556
18438
18557
18439
18558
18440
18559
18441
18560
18442
18561
18443
18562
18444
18563
18445
18564
18446
18565
18447
18566
18448
18567
18449
18568
18450
18569
18451
18570
18452
18571
18453
18572
18454
18573
18455
18574
18456
18575
18457
18576
18458
18577
18459
18578
18460
18579
18461
18580
18462
18581
18463
18582
18464
18583
18465
18584
18466
18585
18467
18586
18468
18587
18469
18588
18470
18589
18471
18590
18472
18591
18473
18592
18474
18593
18475
18594
18476
18595
18477
18596
18478
18597
18479
18598
18599
18481
18600
35190
18482
18601
18483
18602
18484
18603
18485
18604
18486
18605
18487
18606
18488
18607
18489
18608
18490
18609
18491
18610
18492
18611
18493
18612
18494
18613
18495
18614
18496
18615
18497
18616
18498
18617
18499
18618
18500
18619
18501
18620
18502
18621
18503
18622
18504
18623
18505
18624
18506
18625
18507
18626
18508
18627
18509
18628
18510
18629
18511
18630
18512
18631
18513
18632
18514
18633
18515
18634
18516
18635
18517
18636
18518
18637
18519
18638
18520
18639
18521
18640
18522
18641
18523
18642
18524
18643
18525
18644
18526
18645
18527
18646
18528
18647
18529
18648
18530
18649
18531
18650
18532
18651
18533
18652
18534
18653
18535
18654
18536
18655
18537
18656
18538
18657
18539
18658
18540
18659
18541
18660
18542
18661
18543
18662
18544
18663
18545
18664
18546
18665
18547
18666
18548
18667
18549
18668
18550
18669
18551
18670
18552
18671
18553
18672
18554
18673
18555
18674
18556
18675
18557
18676
18558
18677
18559
18678
18560
18679
18561
18680
18562
18681
18563
18682
18564
18683
18565
18684
18566
18685
18567
18686
18568
18687
18569
18688
18570
18689
18571
18690
18572
18691
18573
18692
18574
18693
18575
18694
18576
18695
18577
18696
18578
18697
18579
18698
18580
18699
18581
18700
18582
18701
18583
18702
18584
18703
18585
18704
18586
18705
18587
18706
18588
18707
18589
18708
18590
18709
18591
18710
18592
18711
18593
18712
18594
18713
18595
18714
18596
18715
18597
18716
18598
18717
18599
18718
18719
18601
18720
35191
18602
18721
18603
18722
18604
18723
18605
18724
18606
18725
18607
18726
18608
18727
18609
18728
18610
18729
18611
18730
18612
18731
18613
18732
18614
18733
18615
18734
18616
18735
18617
18736
18618
18737
18619
18738
18620
18739
18621
18740
18622
18741
18623
18742
18624
18743
18625
18744
18626
18745
18627
18746
18628
18747
18629
18748
18630
18749
18631
18750
18632
18751
18633
18752
18634
18753
18635
18754
18636
18755
18637
18756
18638
18757
18639
18758
18640
18759
18641
18760
18642
18761
18643
18762
18644
18763
18645
18764
18646
18765
18647
18766
18648
18767
18649
18768
18650
18769
18651
18770
18652
18771
18653
18772
18654
18773
18655
18774
18656
18775
18657
18776
18658
18777
18659
18778
18660
18779
18661
18780
18662
18781
18663
18782
18664
18783
18665
18784
18666
18785
18667
18786
18668
18787
18669
18788
18670
18789
18671
18790
18672
18791
18673
18792
18674
18793
18675
18794
18676
18795
18677
18796
18678
18797
18679
18798
18680
18799
18681
18800
18682
18801
18683
18802
18684
18803
18685
18804
18686
18805
18687
18806
18688
18807
18689
18808
18690
18809
18691
18810
18692
18811
18693
18812
18694
18813
18695
18814
18696
18815
18697
18816
18698
18817
18699
18818
18700
18819
18701
18820
18702
18821
18703
18822
18704
18823
18705
18824
18706
18825
18707
18826
18708
18827
18709
18828
18710
18829
18711
18830
18712
18831
18713
18832
18714
18833
18715
18834
18716
18835
18717
18836
18718
18837
18719
18838
18839
18721
18840
35192
18722
18841
18723
18842
18724
18843
18725
18844
18726
18845
18727
18846
18728
18847
18729
18848
18730
18849
18731
18850
18732
18851
18733
18852
18734
18853
18735
18854
18736
18855
18737
18856
18738
18857
18739
18858
18740
18859
18741
18860
18742
18861
18743
18862
18744
18863
18745
18864
18746
18865
18747
18866
18748
18867
18749
18868
18750
18869
18751
18870
18752
18871
18753
18872
18754
18873
18755
18874
18756
18875
18757
18876
18758
18877
18759
18878
18760
18879
18761
18880
18762
18881
18763
18882
18764
18883
18765
18884
18766
18885
18767
18886
18768
18887
18769
18888
18770
18889
18771
18890
18772
18891
18773
18892
18774
18893
18775
18894
18776
18895
18777
18896
18778
18897
18779
18898
18780
18899
18781
18900
18782
18901
18783
18902
18784
18903
18785
18904
18786
18905
18787
18906
18788
18907
18789
18908
18790
18909
18791
18910
18792
18911
18793
18912
18794
18913
18795
18914
18796
18915
18797
18916
18798
18917
18799
18918
18800
18919
18801
18920
18802
18921
18803
18922
18804
18923
18805
18924
18806
18925
18807
18926
18808
18927
18809
18928
18810
18929
18811
18930
18812
18931
18813
18932
18814
18933
18815
18934
18816
18935
18817
18936
18818
18937
18819
18938
18820
18939
18821
18940
18822
18941
18823
18942
18824
18943
18825
18944
18826
18945
18827
18946
18828
18947
18829
18948
18830
18949
18831
18950
18832
18951
18833
18952
18834
18953
18835
18954
18836
18955
18837
18956
18838
18957
18839
18958
18959
18841
18960
35193
18842
18961
18843
18962
18844
18963
18845
18964
18846
18965
18847
18966
18848
18967
18849
18968
18850
18969
18851
18970
18852
18971
18853
18972
18854
18973
18855
18974
18856
18975
18857
18976
18858
18977
18859
18978
18860
18979
18861
18980
18862
18981
18863
18982
18864
18983
18865
18984
18866
18985
18867
18986
18868
18987
18869
18988
18870
18989
18871
18990
18872
18991
18873
18992
18874
18993
18875
18994
18876
18995
18877
18996
18878
18997
18879
18998
18880
18999
18881
19000
18882
19001
18883
19002
18884
19003
18885
19004
18886
19005
18887
19006
18888
19007
18889
19008
18890
19009
18891
19010
18892
19011
18893
19012
18894
19013
18895
19014
18896
19015
18897
19016
18898
19017
18899
19018
18900
19019
18901
19020
18902
19021
18903
19022
18904
19023
18905
19024
18906
19025
18907
19026
18908
19027
18909
19028
18910
19029
18911
19030
18912
19031
18913
19032
18914
19033
18915
19034
18916
19035
18917
19036
18918
19037
18919
19038
18920
19039
18921
19040
18922
19041
18923
19042
18924
19043
18925
19044
18926
19045
18927
19046
18928
19047
18929
19048
18930
19049
18931
19050
18932
19051
18933
19052
18934
19053
18935
19054
18936
19055
18937
19056
18938
19057
18939
19058
18940
19059
18941
19060
18942
19061
18943
19062
18944
19063
18945
19064
18946
19065
18947
19066
18948
19067
18949
19068
18950
19069
18951
19070
18952
19071
18953
19072
18954
19073
18955
19074
18956
19075
18957
19076
18958
19077
18959
19078
19079
18961
19080
35194
18962
19081
18963
19082
18964
19083
18965
19084
18966
19085
18967
19086
18968
19087
18969
19088
18970
19089
18971
19090
18972
19091
18973
19092
18974
19093
18975
19094
18976
19095
18977
19096
18978
19097
18979
19098
18980
19099
18981
19100
18982
19101
18983
19102
18984
19103
18985
19104
18986
19105
18987
19106
18988
19107
18989
19108
18990
19109
18991
19110
18992
19111
18993
19112
18994
19113
18995
19114
18996
19115
18997
19116
18998
19117
18999
19118
19000
19119
19001
19120
19002
19121
19003
19122
19004
19123
19005
19124
19006
19125
19007
19126
19008
19127
19009
19128
19010
19129
19011
19130
19012
19131
19013
19132
19014
19133
19015
19134
19016
19135
19017
19136
19018
19137
19019
19138
19020
19139
19021
19140
19022
19141
19023
19142
19024
19143
19025
19144
19026
19145
19027
19146
19028
19147
19029
19148
19030
19149
19031
19150
19032
19151
19033
19152
19034
19153
19035
19154
19036
19155
19037
19156
19038
19157
19039
19158
19040
19159
19041
19160
19042
19161
19043
19162
19044
19163
19045
19164
19046
19165
19047
19166
19048
19167
19049
19168
19050
19169
19051
19170
19052
19171
19053
19172
19054
19173
19055
19174
19056
19175
19057
19176
19058
19177
19059
19178
19060
19179
19061
19180
19062
19181
19063
19182
19064
19183
19065
19184
19066
19185
19067
19186
19068
19187
19069
19188
19070
19189
19071
19190
19072
19191
19073
19192
19074
19193
19075
19194
19076
19195
19077
19196
19078
19197
19079
19198
19199
19081
19200
35195
19082
19201
19083
19202
19084
19203
19085
19204
19086
19205
19087
19206
19088
19207
19089
19208
19090
19209
19091
19210
19092
19211
19093
19212
19094
19213
19095
19214
19096
19215
19097
19216
19098
19217
19099
19218
19100
19219
19101
19220
19102
19221
19103
19222
19104
19223
19105
19224
19106
19225
19107
19226
19108
19227
19109
19228
19110
19229
19111
19230
19112
19231
19113
19232
19114
19233
19115
19234
19116
19235
19117
19236
19118
19237
19119
19238
19120
19239
19121
19240
19122
19241
19123
19242
19124
19243
19125
19244
19126
19245
19127
19246
19128
19247
19129
19248
19130
19249
19131
19250
19132
19251
19133
19252
19134
19253
19135
19254
19136
19255
19137
19256
19138
19257
19139
19258
19140
19259
19141
19260
19142
19261
19143
19262
19144
19263
19145
19264
19146
19265
19147
19266
19148
19267
19149
19268
19150
19269
19151
19270
19152
19271
19153
19272
19154
19273
19155
19274
19156
19275
19157
19276
19158
19277
19159
19278
19160
19279
19161
19280
19162
19281
19163
19282
19164
19283
19165
19284
19166
19285
19167
19286
19168
19287
19169
19288
19170
19289
19171
19290
19172
19291
19173
19292
19174
19293
19175
19294
19176
19295
19177
19296
19178
19297
19179
19298
19180
19299
19181
19300
19182
19301
19183
19302
19184
19303
19185
19304
19186
19305
19187
19306
19188
19307
19189
19308
19190
19309
19191
19310
19192
19311
19193
19312
19194
19313
19195
19314
19196
19315
19197
19316
19198
19317
19199
19318
19319
19201
19320
35196
19202
19321
19203
19322
19204
19323
19205
19324
19206
19325
19207
19326
19208
19327
19209
19328
19210
19329
19211
19330
19212
19331
19213
19332
19214
19333
19215
19334
19216
19335
19217
19336
19218
19337
19219
19338
19220
19339
19221
19340
19222
19341
19223
19342
19224
19343
19225
19344
19226
19345
19227
19346
19228
19347
19229
19348
19230
19349
19231
19350
19232
19351
19233
19352
19234
19353
19235
19354
19236
19355
19237
19356
19238
19357
19239
19358
19240
19359
19241
19360
19242
19361
19243
19362
19244
19363
19245
19364
19246
19365
19247
19366
19248
19367
19249
19368
19250
19369
19251
19370
19252
19371
19253
19372
19254
19373
19255
19374
19256
19375
19257
19376
19258
19377
19259
19378
19260
19379
19261
19380
19262
19381
19263
19382
19264
19383
19265
19384
19266
19385
19267
19386
19268
19387
19269
19388
19270
19389
19271
19390
19272
19391
19273
19392
19274
19393
19275
19394
19276
19395
19277
19396
19278
19397
19279
19398
19280
19399
19281
19400
19282
19401
19283
19402
19284
19403
19285
19404
19286
19405
19287
19406
19288
19407
19289
19408
19290
19409
19291
19410
19292
19411
19293
19412
19294
19413
19295
19414
19296
19415
19297
19416
19298
19417
19299
19418
19300
19419
19301
19420
19302
19421
19303
19422
19304
19423
19305
19424
19306
19425
19307
19426
19308
19427
19309
19428
19310
19429
19311
19430
19312
19431
19313
19432
19314
19433
19315
19434
19316
19435
19317
19436
19318
19437
19319
19438
19439
19321
19440
35197
19322
19441
19323
19442
19324
19443
19325
19444
19326
19445
19327
19446
19328
19447
19329
19448
19330
19449
19331
19450
19332
19451
19333
19452
19334
19453
19335
19454
19336
19455
19337
19456
19338
19457
19339
19458
19340
19459
19341
19460
19342
19461
19343
19462
19344
19463
19345
19464
19346
19465
19347
19466
19348
19467
19349
19468
19350
19469
19351
19470
19352
19471
19353
19472
19354
19473
19355
19474
19356
19475
19357
19476
19358
19477
19359
19478
19360
19479
19361
19480
19362
19481
19363
19482
19364
19483
19365
19484
19366
19485
19367
19486
19368
19487
19369
19488
19370
19489
19371
19490
19372
19491
19373
19492
19374
19493
19375
19494
19376
19495
19377
19496
19378
19497
19379
19498
19380
19499
19381
19500
19382
19501
19383
19502
19384
19503
19385
19504
19386
19505
19387
19506
19388
19507
19389
19508
19390
19509
19391
19510
19392
19511
19393
19512
19394
19513
19395
19514
19396
19515
19397
19516
19398
19517
19399
19518
19400
19519
19401
19520
19402
19521
19403
19522
19404
19523
19405
19524
19406
19525
19407
19526
19408
19527
19409
19528
19410
19529
19411
19530
19412
19531
19413
19532
19414
19533
19415
19534
19416
19535
19417
19536
19418
19537
19419
19538
19420
19539
19421
19540
19422
19541
19423
19542
19424
19543
19425
19544
19426
19545
19427
19546
19428
19547
19429
19548
19430
19549
19431
19550
19432
19551
19433
19552
19434
19553
19435
19554
19436
19555
19437
19556
19438
19557
19439
19558
19559
19441
19560
35198
19442
19561
19443
19562
19444
19563
19445
19564
19446
19565
19447
19566
19448
19567
19449
19568
19450
19569
19451
19570
19452
19571
19453
19572
19454
19573
19455
19574
19456
19575
19457
19576
19458
19577
19459
19578
19460
19579
19461
19580
19462
19581
19463
19582
19464
19583
19465
19584
19466
19585
19467
19586
19468
19587
19469
19588
19470
19589
19471
19590
19472
19591
19473
19592
19474
19593
19475
19594
19476
19595
19477
19596
19478
19597
19479
19598
19480
19599
19481
19600
19482
19601
19483
19602
19484
19603
19485
19604
19486
19605
19487
19606
19488
19607
19489
19608
19490
19609
19491
19610
19492
19611
19493
19612
19494
19613
19495
19614
19496
19615
19497
19616
19498
19617
19499
19618
19500
19619
19501
19620
19502
19621
19503
19622
19504
19623
19505
19624
19506
19625
19507
19626
19508
19627
19509
19628
19510
19629
19511
19630
19512
19631
19513
19632
19514
19633
19515
19634
19516
19635
19517
19636
19518
19637
19519
19638
19520
19639
19521
19640
19522
19641
19523
19642
19524
19643
19525
19644
19526
19645
19527
19646
19528
19647
19529
19648
19530
19649
19531
19650
19532
19651
19533
19652
19534
19653
19535
19654
19536
19655
19537
19656
19538
19657
19539
19658
19540
19659
19541
19660
19542
19661
19543
19662
19544
19663
19545
19664
19546
19665
19547
19666
19548
19667
19549
19668
19550
19669
19551
19670
19552
19671
19553
19672
19554
19673
19555
19674
19556
19675
19557
19676
19558
19677
19559
19678
19679
19561
19680
35199
19562
19681
19563
19682
19564
19683
19565
19684
19566
19685
19567
19686
19568
19687
19569
19688
19570
19689
19571
19690
19572
19691
19573
19692
19574
19693
19575
19694
19576
19695
19577
19696
19578
19697
19579
19698
19580
19699
19581
19700
19582
19701
19583
19702
19584
19703
19585
19704
19586
19705
19587
19706
19588
19707
19589
19708
19590
19709
19591
19710
19592
19711
19593
19712
19594
19713
19595
19714
19596
19715
19597
19716
19598
19717
19599
19718
19600
19719
19601
19720
19602
19721
19603
19722
19604
19723
19605
19724
19606
19725
19607
19726
19608
19727
19609
19728
19610
19729
19611
19730
19612
19731
19613
19732
19614
19733
19615
19734
19616
19735
19617
19736
19618
19737
19619
19738
19620
19739
19621
19740
19622
19741
19623
19742
19624
19743
19625
19744
19626
19745
19627
19746
19628
19747
19629
19748
19630
19749
19631
19750
19632
19751
19633
19752
19634
19753
19635
19754
19636
19755
19637
19756
19638
19757
19639
19758
19640
19759
19641
19760
19642
19761
19643
19762
19644
19763
19645
19764
19646
19765
19647
19766
19648
19767
19649
19768
19650
19769
19651
19770
19652
19771
19653
19772
19654
19773
19655
19774
19656
19775
19657
19776
19658
19777
19659
19778
19660
19779
19661
19780
19662
19781
19663
19782
19664
19783
19665
19784
19666
19785
19667
19786
19668
19787
19669
19788
19670
19789
19671
19790
19672
19791
19673
19792
19674
19793
19675
19794
19676
19795
19677
19796
19678
19797
19679
19798
19799
19681
19800
35200
19682
19801
19683
19802
19684
19803
19685
19804
19686
19805
19687
19806
19688
19807
19689
19808
19690
19809
19691
19810
19692
19811
19693
19812
19694
19813
19695
19814
19696
19815
19697
19816
19698
19817
19699
19818
19700
19819
19701
19820
19702
19821
19703
19822
19704
19823
19705
19824
19706
19825
19707
19826
19708
19827
19709
19828
19710
19829
19711
19830
19712
19831
19713
19832
19714
19833
19715
19834
19716
19835
19717
19836
19718
19837
19719
19838
19720
19839
19721
19840
19722
19841
19723
19842
19724
19843
19725
19844
19726
19845
19727
19846
19728
19847
19729
19848
19730
19849
19731
19850
19732
19851
19733
19852
19734
19853
19735
19854
19736
19855
19737
19856
19738
19857
19739
19858
19740
19859
19741
19860
19742
19861
19743
19862
19744
19863
19745
19864
19746
19865
19747
19866
19748
19867
19749
19868
19750
19869
19751
19870
19752
19871
19753
19872
19754
19873
19755
19874
19756
19875
19757
19876
19758
19877
19759
19878
19760
19879
19761
19880
19762
19881
19763
19882
19764
19883
19765
19884
19766
19885
19767
19886
19768
19887
19769
19888
19770
19889
19771
19890
19772
19891
19773
19892
19774
19893
19775
19894
19776
19895
19777
19896
19778
19897
19779
19898
19780
19899
19781
19900
19782
19901
19783
19902
19784
19903
19785
19904
19786
19905
19787
19906
19788
19907
19789
19908
19790
19909
19791
19910
19792
19911
19793
19912
19794
19913
19795
19914
19796
19915
19797
19916
19798
19917
19799
19918
19919
19801
19920
35201
19802
19921
19803
19922
19804
19923
19805
19924
19806
19925
19807
19926
19808
19927
19809
19928
19810
19929
19811
19930
19812
19931
19813
19932
19814
19933
19815
19934
19816
19935
19817
19936
19818
19937
19819
19938
19820
19939
19821
19940
19822
19941
19823
19942
19824
19943
19825
19944
19826
19945
19827
19946
19828
19947
19829
19948
19830
19949
19831
19950
19832
19951
19833
19952
19834
19953
19835
19954
19836
19955
19837
19956
19838
19957
19839
19958
19840
19959
19841
19960
19842
19961
19843
19962
19844
19963
19845
19964
19846
19965
19847
19966
19848
19967
19849
19968
19850
19969
19851
19970
19852
19971
19853
19972
19854
19973
19855
19974
19856
19975
19857
19976
19858
19977
19859
19978
19860
19979
19861
19980
19862
19981
19863
19982
19864
19983
19865
19984
19866
19985
19867
19986
19868
19987
19869
19988
19870
19989
19871
19990
19872
19991
19873
19992
19874
19993
19875
19994
19876
19995
19877
19996
19878
19997
19879
19998
19880
19999
19881
20000
19882
20001
19883
20002
19884
20003
19885
20004
19886
20005
19887
20006
19888
20007
19889
20008
19890
20009
19891
20010
19892
20011
19893
20012
19894
20013
19895
20014
19896
20015
19897
20016
19898
20017
19899
20018
19900
20019
19901
20020
19902
20021
19903
20022
19904
20023
19905
20024
19906
20025
19907
20026
19908
20027
19909
20028
19910
20029
19911
20030
19912
20031
19913
20032
19914
20033
19915
20034
19916
20035
19917
20036
19918
20037
19919
20038
20039
19921
20040
35202
19922
20041
19923
20042
19924
20043
19925
20044
19926
20045
19927
20046
19928
20047
19929
20048
19930
20049
19931
20050
19932
20051
19933
20052
19934
20053
19935
20054
19936
20055
19937
20056
19938
20057
19939
20058
19940
20059
19941
20060
19942
20061
19943
20062
19944
20063
19945
20064
19946
20065
19947
20066
19948
20067
19949
20068
19950
20069
19951
20070
19952
20071
19953
20072
19954
20073
19955
20074
19956
20075
19957
20076
19958
20077
19959
20078
19960
20079
19961
20080
19962
20081
19963
20082
19964
20083
19965
20084
19966
20085
19967
20086
19968
20087
19969
20088
19970
20089
19971
20090
19972
20091
19973
20092
19974
20093
19975
20094
19976
20095
19977
20096
19978
20097
19979
20098
19980
20099
19981
20100
19982
20101
19983
20102
19984
20103
19985
20104
19986
20105
19987
20106
19988
20107
19989
20108
19990
20109
19991
20110
19992
20111
19993
20112
19994
20113
19995
20114
19996
20115
19997
20116
19998
20117
19999
20118
20000
20119
20001
20120
20002
20121
20003
20122
20004
20123
20005
20124
20006
20125
20007
20126
20008
20127
20009
20128
20010
20129
20011
20130
20012
20131
20013
20132
20014
20133
20015
20134
20016
20135
20017
20136
20018
20137
20019
20138
20020
20139
20021
20140
20022
20141
20023
20142
20024
20143
20025
20144
20026
20145
20027
20146
20028
20147
20029
20148
20030
20149
20031
20150
20032
20151
20033
20152
20034
20153
20035
20154
20036
20155
20037
20156
20038
20157
20039
20158
20159
20041
20160
35203
20042
20161
20043
20162
20044
20163
20045
20164
20046
20165
20047
20166
20048
20167
20049
20168
20050
20169
20051
20170
20052
20171
20053
20172
20054
20173
20055
20174
20056
20175
20057
20176
20058
20177
20059
20178
20060
20179
20061
20180
20062
20181
20063
20182
20064
20183
20065
20184
20066
20185
20067
20186
20068
20187
20069
20188
20070
20189
20071
20190
20072
20191
20073
20192
20074
20193
20075
20194
20076
20195
20077
20196
20078
20197
20079
20198
20080
20199
20081
20200
20082
20201
20083
20202
20084
20203
20085
20204
20086
20205
20087
20206
20088
20207
20089
20208
20090
20209
20091
20210
20092
20211
20093
20212
20094
20213
20095
20214
20096
20215
20097
20216
20098
20217
20099
20218
20100
20219
20101
20220
20102
20221
20103
20222
20104
20223
20105
20224
20106
20225
20107
20226
20108
20227
20109
20228
20110
20229
20111
20230
20112
20231
20113
20232
20114
20233
20115
20234
20116
20235
20117
20236
20118
20237
20119
20238
20120
20239
20121
20240
20122
20241
20123
20242
20124
20243
20125
20244
20126
20245
20127
20246
20128
20247
20129
20248
20130
20249
20131
20250
20132
20251
20133
20252
20134
20253
20135
20254
20136
20255
20137
20256
20138
20257
20139
20258
20140
20259
20141
20260
20142
20261
20143
20262
20144
20263
20145
20264
20146
20265
20147
20266
20148
20267
20149
20268
20150
20269
20151
20270
20152
20271
20153
20272
20154
20273
20155
20274
20156
20275
20157
20276
20158
20277
20159
20278
20279
20161
20280
35204
20162
20281
20163
20282
20164
20283
20165
20284
20166
20285
20167
20286
20168
20287
20169
20288
20170
20289
20171
20290
20172
20291
20173
20292
20174
20293
20175
20294
20176
20295
20177
20296
20178
20297
20179
20298
20180
20299
20181
20300
20182
20301
20183
20302
20184
20303
20185
20304
20186
20305
20187
20306
20188
20307
20189
20308
20190
20309
20191
20310
20192
20311
20193
20312
20194
20313
20195
20314
20196
20315
20197
20316
20198
20317
20199
20318
20200
20319
20201
20320
20202
20321
20203
20322
20204
20323
20205
20324
20206
20325
20207
20326
20208
20327
20209
20328
20210
20329
20211
20330
20212
20331
20213
20332
20214
20333
20215
20334
20216
20335
20217
20336
20218
20337
20219
20338
20220
20339
20221
20340
20222
20341
20223
20342
20224
20343
20225
20344
20226
20345
20227
20346
20228
20347
20229
20348
20230
20349
20231
20350
20232
20351
20233
20352
20234
20353
20235
20354
20236
20355
20237
20356
20238
20357
20239
20358
20240
20359
20241
20360
20242
20361
20243
20362
20244
20363
20245
20364
20246
20365
20247
20366
20248
20367
20249
20368
20250
20369
20251
20370
20252
20371
20253
20372
20254
20373
20255
20374
20256
20375
20257
20376
20258
20377
20259
20378
20260
20379
20261
20380
20262
20381
20263
20382
20264
20383
20265
20384
20266
20385
20267
20386
20268
20387
20269
20388
20270
20389
20271
20390
20272
20391
20273
20392
20274
20393
20275
20394
20276
20395
20277
20396
20278
20397
20279
20398
20399
20281
20400
35205
20282
20401
20283
20402
20284
20403
20285
20404
20286
20405
20287
20406
20288
20407
20289
20408
20290
20409
20291
20410
20292
20411
20293
20412
20294
20413
20295
20414
20296
20415
20297
20416
20298
20417
20299
20418
20300
20419
20301
20420
20302
20421
20303
20422
20304
20423
20305
20424
20306
20425
20307
20426
20308
20427
20309
20428
20310
20429
20311
20430
20312
20431
20313
20432
20314
20433
20315
20434
20316
20435
20317
20436
20318
20437
20319
20438
20320
20439
20321
20440
20322
20441
20323
20442
20324
20443
20325
20444
20326
20445
20327
20446
20328
20447
20329
20448
20330
20449
20331
20450
20332
20451
20333
20452
20334
20453
20335
20454
20336
20455
20337
20456
20338
20457
20339
20458
20340
20459
20341
20460
20342
20461
20343
20462
20344
20463
20345
20464
20346
20465
20347
20466
20348
20467
20349
20468
20350
20469
20351
20470
20352
20471
20353
20472
20354
20473
20355
20474
20356
20475
20357
20476
20358
20477
20359
20478
20360
20479
20361
20480
20362
20481
20363
20482
20364
20483
20365
20484
20366
20485
20367
20486
20368
20487
20369
20488
20370
20489
20371
20490
20372
20491
20373
20492
20374
20493
20375
20494
20376
20495
20377
20496
20378
20497
20379
20498
20380
20499
20381
20500
20382
20501
20383
20502
20384
20503
20385
20504
20386
20505
20387
20506
20388
20507
20389
20508
20390
20509
20391
20510
20392
20511
20393
20512
20394
20513
20395
20514
20396
20515
20397
20516
20398
20517
20399
20518
20519
20401
20520
35206
20402
20521
20403
20522
20404
20523
20405
20524
20406
20525
20407
20526
20408
20527
20409
20528
20410
20529
20411
20530
20412
20531
20413
20532
20414
20533
20415
20534
20416
20535
20417
20536
20418
20537
20419
20538
20420
20539
20421
20540
20422
20541
20423
20542
20424
20543
20425
20544
20426
20545
20427
20546
20428
20547
20429
20548
20430
20549
20431
20550
20432
20551
20433
20552
20434
20553
20435
20554
20436
20555
20437
20556
20438
20557
20439
20558
20440
20559
20441
20560
20442
20561
20443
20562
20444
20563
20445
20564
20446
20565
20447
20566
20448
20567
20449
20568
20450
20569
20451
20570
20452
20571
20453
20572
20454
20573
20455
20574
20456
20575
20457
20576
20458
20577
20459
20578
20460
20579
20461
20580
20462
20581
20463
20582
20464
20583
20465
20584
20466
20585
20467
20586
20468
20587
20469
20588
20470
20589
20471
20590
20472
20591
20473
20592
20474
20593
20475
20594
20476
20595
20477
20596
20478
20597
20479
20598
20480
20599
20481
20600
20482
20601
20483
20602
20484
20603
20485
20604
20486
20605
20487
20606
20488
20607
20489
20608
20490
20609
20491
20610
20492
20611
20493
20612
20494
20613
20495
20614
20496
20615
20497
20616
20498
20617
20499
20618
20500
20619
20501
20620
20502
20621
20503
20622
20504
20623
20505
20624
20506
20625
20507
20626
20508
20627
20509
20628
20510
20629
20511
20630
20512
20631
20513
20632
20514
20633
20515
20634
20516
20635
20517
20636
20518
20637
20519
20638
20639
20521
20640
35207
20522
20641
20523
20642
20524
20643
20525
20644
20526
20645
20527
20646
20528
20647
20529
20648
20530
20649
20531
20650
20532
20651
20533
20652
20534
20653
20535
20654
20536
20655
20537
20656
20538
20657
20539
20658
20540
20659
20541
20660
20542
20661
20543
20662
20544
20663
20545
20664
20546
20665
20547
20666
20548
20667
20549
20668
20550
20669
20551
20670
20552
20671
20553
20672
20554
20673
20555
20674
20556
20675
20557
20676
20558
20677
20559
20678
20560
20679
20561
20680
20562
20681
20563
20682
20564
20683
20565
20684
20566
20685
20567
20686
20568
20687
20569
20688
20570
20689
20571
20690
20572
20691
20573
20692
20574
20693
20575
20694
20576
20695
20577
20696
20578
20697
20579
20698
20580
20699
20581
20700
20582
20701
20583
20702
20584
20703
20585
20704
20586
20705
20587
20706
20588
20707
20589
20708
20590
20709
20591
20710
20592
20711
20593
20712
20594
20713
20595
20714
20596
20715
20597
20716
20598
20717
20599
20718
20600
20719
20601
20720
20602
20721
20603
20722
20604
20723
20605
20724
20606
20725
20607
20726
20608
20727
20609
20728
20610
20729
20611
20730
20612
20731
20613
20732
20614
20733
20615
20734
20616
20735
20617
20736
20618
20737
20619
20738
20620
20739
20621
20740
20622
20741
20623
20742
20624
20743
20625
20744
20626
20745
20627
20746
20628
20747
20629
20748
20630
20749
20631
20750
20632
20751
20633
20752
20634
20753
20635
20754
20636
20755
20637
20756
20638
20757
20639
20758
20759
20641
20760
35208
20642
20761
20643
20762
20644
20763
20645
20764
20646
20765
20647
20766
20648
20767
20649
20768
20650
20769
20651
20770
20652
20771
20653
20772
20654
20773
20655
20774
20656
20775
20657
20776
20658
20777
20659
20778
20660
20779
20661
20780
20662
20781
20663
20782
20664
20783
20665
20784
20666
20785
20667
20786
20668
20787
20669
20788
20670
20789
20671
20790
20672
20791
20673
20792
20674
20793
20675
20794
20676
20795
20677
20796
20678
20797
20679
20798
20680
20799
20681
20800
20682
20801
20683
20802
20684
20803
20685
20804
20686
20805
20687
20806
20688
20807
20689
20808
20690
20809
20691
20810
20692
20811
20693
20812
20694
20813
20695
20814
20696
20815
20697
20816
20698
20817
20699
20818
20700
20819
20701
20820
20702
20821
20703
20822
20704
20823
20705
20824
20706
20825
20707
20826
20708
20827
20709
20828
20710
20829
20711
20830
20712
20831
20713
20832
20714
20833
20715
20834
20716
20835
20717
20836
20718
20837
20719
20838
20720
20839
20721
20840
20722
20841
20723
20842
20724
20843
20725
20844
20726
20845
20727
20846
20728
20847
20729
20848
20730
20849
20731
20850
20732
20851
20733
20852
20734
20853
20735
20854
20736
20855
20737
20856
20738
20857
20739
20858
20740
20859
20741
20860
20742
20861
20743
20862
20744
20863
20745
20864
20746
20865
20747
20866
20748
20867
20749
20868
20750
20869
20751
20870
20752
20871
20753
20872
20754
20873
20755
20874
20756
20875
20757
20876
20758
20877
20759
20878
20879
20761
20880
35209
20762
20881
20763
20882
20764
20883
20765
20884
20766
20885
20767
20886
20768
20887
20769
20888
20770
20889
20771
20890
20772
20891
20773
20892
20774
20893
20775
20894
20776
20895
20777
20896
20778
20897
20779
20898
20780
20899
20781
20900
20782
20901
20783
20902
20784
20903
20785
20904
20786
20905
20787
20906
20788
20907
20789
20908
20790
20909
20791
20910
20792
20911
20793
20912
20794
20913
20795
20914
20796
20915
20797
20916
20798
20917
20799
20918
20800
20919
20801
20920
20802
20921
20803
20922
20804
20923
20805
20924
20806
20925
20807
20926
20808
20927
20809
20928
20810
20929
20811
20930
20812
20931
20813
20932
20814
20933
20815
20934
20816
20935
20817
20936
20818
20937
20819
20938
20820
20939
20821
20940
20822
20941
20823
20942
20824
20943
20825
20944
20826
20945
20827
20946
20828
20947
20829
20948
20830
20949
20831
20950
20832
20951
20833
20952
20834
20953
20835
20954
20836
20955
20837
20956
20838
20957
20839
20958
20840
20959
20841
20960
20842
20961
20843
20962
20844
20963
20845
20964
20846
20965
20847
20966
20848
20967
20849
20968
20850
20969
20851
20970
20852
20971
20853
20972
20854
20973
20855
20974
20856
20975
20857
20976
20858
20977
20859
20978
20860
20979
20861
20980
20862
20981
20863
20982
20864
20983
20865
20984
20866
20985
20867
20986
20868
20987
20869
20988
20870
20989
20871
20990
20872
20991
20873
20992
20874
20993
20875
20994
20876
20995
20877
20996
20878
20997
20879
20998
20999
20881
21000
35210
20882
21001
20883
21002
20884
21003
20885
21004
20886
21005
20887
21006
20888
21007
20889
21008
20890
21009
20891
21010
20892
21011
20893
21012
20894
21013
20895
21014
20896
21015
20897
21016
20898
21017
20899
21018
20900
21019
20901
21020
20902
21021
20903
21022
20904
21023
20905
21024
20906
21025
20907
21026
20908
21027
20909
21028
20910
21029
20911
21030
20912
21031
20913
21032
20914
21033
20915
21034
20916
21035
20917
21036
20918
21037
20919
21038
20920
21039
20921
21040
20922
21041
20923
21042
20924
21043
20925
21044
20926
21045
20927
21046
20928
21047
20929
21048
20930
21049
20931
21050
20932
21051
20933
21052
20934
21053
20935
21054
20936
21055
20937
21056
20938
21057
20939
21058
20940
21059
20941
21060
20942
21061
20943
21062
20944
21063
20945
21064
20946
21065
20947
21066
20948
21067
20949
21068
20950
21069
20951
21070
20952
21071
20953
21072
20954
21073
20955
21074
20956
21075
20957
21076
20958
21077
20959
21078
20960
21079
20961
21080
20962
21081
20963
21082
20964
21083
20965
21084
20966
21085
20967
21086
20968
21087
20969
21088
20970
21089
20971
21090
20972
21091
20973
21092
20974
21093
20975
21094
20976
21095
20977
21096
20978
21097
20979
21098
20980
21099
20981
21100
20982
21101
20983
21102
20984
21103
20985
21104
20986
21105
20987
21106
20988
21107
20989
21108
20990
21109
20991
21110
20992
21111
20993
21112
20994
21113
20995
21114
20996
21115
20997
21116
20998
21117
20999
21118
21119
21001
21120
35211
21002
21121
21003
21122
21004
21123
21005
21124
21006
21125
21007
21126
21008
21127
21009
21128
21010
21129
21011
21130
21012
21131
21013
21132
21014
21133
21015
21134
21016
21135
21017
21136
21018
21137
21019
21138
21020
21139
21021
21140
21022
21141
21023
21142
21024
21143
21025
21144
21026
21145
21027
21146
21028
21147
21029
21148
21030
21149
21031
21150
21032
21151
21033
21152
21034
21153
21035
21154
21036
21155
21037
21156
21038
21157
21039
21158
21040
21159
21041
21160
21042
21161
21043
21162
21044
21163
21045
21164
21046
21165
21047
21166
21048
21167
21049
21168
21050
21169
21051
21170
21052
21171
21053
21172
21054
21173
21055
21174
21056
21175
21057
21176
21058
21177
21059
21178
21060
21179
21061
21180
21062
21181
21063
21182
21064
21183
21065
21184
21066
21185
21067
21186
21068
21187
21069
21188
21070
21189
21071
21190
21072
21191
21073
21192
21074
21193
21075
21194
21076
21195
21077
21196
21078
21197
21079
21198
21080
21199
21081
21200
21082
21201
21083
21202
21084
21203
21085
21204
21086
21205
21087
21206
21088
21207
21089
21208
21090
21209
21091
21210
21092
21211
21093
21212
21094
21213
21095
21214
21096
21215
21097
21216
21098
21217
21099
21218
21100
21219
21101
21220
21102
21221
21103
21222
21104
21223
21105
21224
21106
21225
21107
21226
21108
21227
21109
21228
21110
21229
21111
21230
21112
21231
21113
21232
21114
21233
21115
21234
21116
21235
21117
21236
21118
21237
21119
21238
21239
21121
21240
35212
21122
21241
21123
21242
21124
21243
21125
21244
21126
21245
21127
21246
21128
21247
21129
21248
21130
21249
21131
21250
21132
21251
21133
21252
21134
21253
21135
21254
21136
21255
21137
21256
21138
21257
21139
21258
21140
21259
21141
21260
21142
21261
21143
21262
21144
21263
21145
21264
21146
21265
21147
21266
21148
21267
21149
21268
21150
21269
21151
21270
21152
21271
21153
21272
21154
21273
21155
21274
21156
21275
21157
21276
21158
21277
21159
21278
21160
21279
21161
21280
21162
21281
21163
21282
21164
21283
21165
21284
21166
21285
21167
21286
21168
21287
21169
21288
21170
21289
21171
21290
21172
21291
21173
21292
21174
21293
21175
21294
21176
21295
21177
21296
21178
21297
21179
21298
21180
21299
21181
21300
21182
21301
21183
21302
21184
21303
21185
21304
21186
21305
21187
21306
21188
21307
21189
21308
21190
21309
21191
21310
21192
21311
21193
21312
21194
21313
21195
21314
21196
21315
21197
21316
21198
21317
21199
21318
21200
21319
21201
21320
21202
21321
21203
21322
21204
21323
21205
21324
21206
21325
21207
21326
21208
21327
21209
21328
21210
21329
21211
21330
21212
21331
21213
21332
21214
21333
21215
21334
21216
21335
21217
21336
21218
21337
21219
21338
21220
21339
21221
21340
21222
21341
21223
21342
21224
21343
21225
21344
21226
21345
21227
21346
21228
21347
21229
21348
21230
21349
21231
21350
21232
21351
21233
21352
21234
21353
21235
21354
21236
21355
21237
21356
21238
21357
21239
21358
21359
21241
21360
35213
21242
21361
21243
21362
21244
21363
21245
21364
21246
21365
21247
21366
21248
21367
21249
21368
21250
21369
21251
21370
21252
21371
21253
21372
21254
21373
21255
21374
21256
21375
21257
21376
21258
21377
21259
21378
21260
21379
21261
21380
21262
21381
21263
21382
21264
21383
21265
21384
21266
21385
21267
21386
21268
21387
21269
21388
21270
21389
21271
21390
21272
21391
21273
21392
21274
21393
21275
21394
21276
21395
21277
21396
21278
21397
21279
21398
21280
21399
21281
21400
21282
21401
21283
21402
21284
21403
21285
21404
21286
21405
21287
21406
21288
21407
21289
21408
21290
21409
21291
21410
21292
21411
21293
21412
21294
21413
21295
21414
21296
21415
21297
21416
21298
21417
21299
21418
21300
21419
21301
21420
21302
21421
21303
21422
21304
21423
21305
21424
21306
21425
21307
21426
21308
21427
21309
21428
21310
21429
21311
21430
21312
21431
21313
21432
21314
21433
21315
21434
21316
21435
21317
21436
21318
21437
21319
21438
21320
21439
21321
21440
21322
21441
21323
21442
21324
21443
21325
21444
21326
21445
21327
21446
21328
21447
21329
21448
21330
21449
21331
21450
21332
21451
21333
21452
21334
21453
21335
21454
21336
21455
21337
21456
21338
21457
21339
21458
21340
21459
21341
21460
21342
21461
21343
21462
21344
21463
21345
21464
21346
21465
21347
21466
21348
21467
21349
21468
21350
21469
21351
21470
21352
21471
21353
21472
21354
21473
21355
21474
21356
21475
21357
21476
21358
21477
21359
21478
21479
21361
21480
35214
21362
21481
21363
21482
21364
21483
21365
21484
21366
21485
21367
21486
21368
21487
21369
21488
21370
21489
21371
21490
21372
21491
21373
21492
21374
21493
21375
21494
21376
21495
21377
21496
21378
21497
21379
21498
21380
21499
21381
21500
21382
21501
21383
21502
21384
21503
21385
21504
21386
21505
21387
21506
21388
21507
21389
21508
21390
21509
21391
21510
21392
21511
21393
21512
21394
21513
21395
21514
21396
21515
21397
21516
21398
21517
21399
21518
21400
21519
21401
21520
21402
21521
21403
21522
21404
21523
21405
21524
21406
21525
21407
21526
21408
21527
21409
21528
21410
21529
21411
21530
21412
21531
21413
21532
21414
21533
21415
21534
21416
21535
21417
21536
21418
21537
21419
21538
21420
21539
21421
21540
21422
21541
21423
21542
21424
21543
21425
21544
21426
21545
21427
21546
21428
21547
21429
21548
21430
21549
21431
21550
21432
21551
21433
21552
21434
21553
21435
21554
21436
21555
21437
21556
21438
21557
21439
21558
21440
21559
21441
21560
21442
21561
21443
21562
21444
21563
21445
21564
21446
21565
21447
21566
21448
21567
21449
21568
21450
21569
21451
21570
21452
21571
21453
21572
21454
21573
21455
21574
21456
21575
21457
21576
21458
21577
21459
21578
21460
21579
21461
21580
21462
21581
21463
21582
21464
21583
21465
21584
21466
21585
21467
21586
21468
21587
21469
21588
21470
21589
21471
21590
21472
21591
21473
21592
21474
21593
21475
21594
21476
21595
21477
21596
21478
21597
21479
21598
21599
21481
21600
35215
21482
21601
21483
21602
21484
21603
21485
21604
21486
21605
21487
21606
21488
21607
21489
21608
21490
21609
21491
21610
21492
21611
21493
21612
21494
21613
21495
21614
21496
21615
21497
21616
21498
21617
21499
21618
21500
21619
21501
21620
21502
21621
21503
21622
21504
21623
21505
21624
21506
21625
21507
21626
21508
21627
21509
21628
21510
21629
21511
21630
21512
21631
21513
21632
21514
21633
21515
21634
21516
21635
21517
21636
21518
21637
21519
21638
21520
21639
21521
21640
21522
21641
21523
21642
21524
21643
21525
21644
21526
21645
21527
21646
21528
21647
21529
21648
21530
21649
21531
21650
21532
21651
21533
21652
21534
21653
21535
21654
21536
21655
21537
21656
21538
21657
21539
21658
21540
21659
21541
21660
21542
21661
21543
21662
21544
21663
21545
21664
21546
21665
21547
21666
21548
21667
21549
21668
21550
21669
21551
21670
21552
21671
21553
21672
21554
21673
21555
21674
21556
21675
21557
21676
21558
21677
21559
21678
21560
21679
21561
21680
21562
21681
21563
21682
21564
21683
21565
21684
21566
21685
21567
21686
21568
21687
21569
21688
21570
21689
21571
21690
21572
21691
21573
21692
21574
21693
21575
21694
21576
21695
21577
21696
21578
21697
21579
21698
21580
21699
21581
21700
21582
21701
21583
21702
21584
21703
21585
21704
21586
21705
21587
21706
21588
21707
21589
21708
21590
21709
21591
21710
21592
21711
21593
21712
21594
21713
21595
21714
21596
21715
21597
21716
21598
21717
21599
21718
21719
21601
21720
35216
21602
21721
21603
21722
21604
21723
21605
21724
21606
21725
21607
21726
21608
21727
21609
21728
21610
21729
21611
21730
21612
21731
21613
21732
21614
21733
21615
21734
21616
21735
21617
21736
21618
21737
21619
21738
21620
21739
21621
21740
21622
21741
21623
21742
21624
21743
21625
21744
21626
21745
21627
21746
21628
21747
21629
21748
21630
21749
21631
21750
21632
21751
21633
21752
21634
21753
21635
21754
21636
21755
21637
21756
21638
21757
21639
21758
21640
21759
21641
21760
21642
21761
21643
21762
21644
21763
21645
21764
21646
21765
21647
21766
21648
21767
21649
21768
21650
21769
21651
21770
21652
21771
21653
21772
21654
21773
21655
21774
21656
21775
21657
21776
21658
21777
21659
21778
21660
21779
21661
21780
21662
21781
21663
21782
21664
21783
21665
21784
21666
21785
21667
21786
21668
21787
21669
21788
21670
21789
21671
21790
21672
21791
21673
21792
21674
21793
21675
21794
21676
21795
21677
21796
21678
21797
21679
21798
21680
21799
21681
21800
21682
21801
21683
21802
21684
21803
21685
21804
21686
21805
21687
21806
21688
21807
21689
21808
21690
21809
21691
21810
21692
21811
21693
21812
21694
21813
21695
21814
21696
21815
21697
21816
21698
21817
21699
21818
21700
21819
21701
21820
21702
21821
21703
21822
21704
21823
21705
21824
21706
21825
21707
21826
21708
21827
21709
21828
21710
21829
21711
21830
21712
21831
21713
21832
21714
21833
21715
21834
21716
21835
21717
21836
21718
21837
21719
21838
21839
21721
21840
35217
21722
21841
21723
21842
21724
21843
21725
21844
21726
21845
21727
21846
21728
21847
21729
21848
21730
21849
21731
21850
21732
21851
21733
21852
21734
21853
21735
21854
21736
21855
21737
21856
21738
21857
21739
21858
21740
21859
21741
21860
21742
21861
21743
21862
21744
21863
21745
21864
21746
21865
21747
21866
21748
21867
21749
21868
21750
21869
21751
21870
21752
21871
21753
21872
21754
21873
21755
21874
21756
21875
21757
21876
21758
21877
21759
21878
21760
21879
21761
21880
21762
21881
21763
21882
21764
21883
21765
21884
21766
21885
21767
21886
21768
21887
21769
21888
21770
21889
21771
21890
21772
21891
21773
21892
21774
21893
21775
21894
21776
21895
21777
21896
21778
21897
21779
21898
21780
21899
21781
21900
21782
21901
21783
21902
21784
21903
21785
21904
21786
21905
21787
21906
21788
21907
21789
21908
21790
21909
21791
21910
21792
21911
21793
21912
21794
21913
21795
21914
21796
21915
21797
21916
21798
21917
21799
21918
21800
21919
21801
21920
21802
21921
21803
21922
21804
21923
21805
21924
21806
21925
21807
21926
21808
21927
21809
21928
21810
21929
21811
21930
21812
21931
21813
21932
21814
21933
21815
21934
21816
21935
21817
21936
21818
21937
21819
21938
21820
21939
21821
21940
21822
21941
21823
21942
21824
21943
21825
21944
21826
21945
21827
21946
21828
21947
21829
21948
21830
21949
21831
21950
21832
21951
21833
21952
21834
21953
21835
21954
21836
21955
21837
21956
21838
21957
21839
21958
21959
21841
21960
35218
21842
21961
21843
21962
21844
21963
21845
21964
21846
21965
21847
21966
21848
21967
21849
21968
21850
21969
21851
21970
21852
21971
21853
21972
21854
21973
21855
21974
21856
21975
21857
21976
21858
21977
21859
21978
21860
21979
21861
21980
21862
21981
21863
21982
21864
21983
21865
21984
21866
21985
21867
21986
21868
21987
21869
21988
21870
21989
21871
21990
21872
21991
21873
21992
21874
21993
21875
21994
21876
21995
21877
21996
21878
21997
21879
21998
21880
21999
21881
22000
21882
22001
21883
22002
21884
22003
21885
22004
21886
22005
21887
22006
21888
22007
21889
22008
21890
22009
21891
22010
21892
22011
21893
22012
21894
22013
21895
22014
21896
22015
21897
22016
21898
22017
21899
22018
21900
22019
21901
22020
21902
22021
21903
22022
21904
22023
21905
22024
21906
22025
21907
22026
21908
22027
21909
22028
21910
22029
21911
22030
21912
22031
21913
22032
21914
22033
21915
22034
21916
22035
21917
22036
21918
22037
21919
22038
21920
22039
21921
22040
21922
22041
21923
22042
21924
22043
21925
22044
21926
22045
21927
22046
21928
22047
21929
22048
21930
22049
21931
22050
21932
22051
21933
22052
21934
22053
21935
22054
21936
22055
21937
22056
21938
22057
21939
22058
21940
22059
21941
22060
21942
22061
21943
22062
21944
22063
21945
22064
21946
22065
21947
22066
21948
22067
21949
22068
21950
22069
21951
22070
21952
22071
21953
22072
21954
22073
21955
22074
21956
22075
21957
22076
21958
22077
21959
22078
22079
21961
22080
35219
21962
22081
21963
22082
21964
22083
21965
22084
21966
22085
21967
22086
21968
22087
21969
22088
21970
22089
21971
22090
21972
22091
21973
22092
21974
22093
21975
22094
21976
22095
21977
22096
21978
22097
21979
22098
21980
22099
21981
22100
21982
22101
21983
22102
21984
22103
21985
22104
21986
22105
21987
22106
21988
22107
21989
22108
21990
22109
21991
22110
21992
22111
21993
22112
21994
22113
21995
22114
21996
22115
21997
22116
21998
22117
21999
22118
22000
22119
22001
22120
22002
22121
22003
22122
22004
22123
22005
22124
22006
22125
22007
22126
22008
22127
22009
22128
22010
22129
22011
22130
22012
22131
22013
22132
22014
22133
22015
22134
22016
22135
22017
22136
22018
22137
22019
22138
22020
22139
22021
22140
22022
22141
22023
22142
22024
22143
22025
22144
22026
22145
22027
22146
22028
22147
22029
22148
22030
22149
22031
22150
22032
22151
22033
22152
22034
22153
22035
22154
22036
22155
22037
22156
22038
22157
22039
22158
22040
22159
22041
22160
22042
22161
22043
22162
22044
22163
22045
22164
22046
22165
22047
22166
22048
22167
22049
22168
22050
22169
22051
22170
22052
22171
22053
22172
22054
22173
22055
22174
22056
22175
22057
22176
22058
22177
22059
22178
22060
22179
22061
22180
22062
22181
22063
22182
22064
22183
22065
22184
22066
22185
22067
22186
22068
22187
22069
22188
22070
22189
22071
22190
22072
22191
22073
22192
22074
22193
22075
22194
22076
22195
22077
22196
22078
22197
22079
22198
22199
22081
22200
35220
22082
22201
22083
22202
22084
22203
22085
22204
22086
22205
22087
22206
22088
22207
22089
22208
22090
22209
22091
22210
22092
22211
22093
22212
22094
22213
22095
22214
22096
22215
22097
22216
22098
22217
22099
22218
22100
22219
22101
22220
22102
22221
22103
22222
22104
22223
22105
22224
22106
22225
22107
22226
22108
22227
22109
22228
22110
22229
22111
22230
22112
22231
22113
22232
22114
22233
22115
22234
22116
22235
22117
22236
22118
22237
22119
22238
22120
22239
22121
22240
22122
22241
22123
22242
22124
22243
22125
22244
22126
22245
22127
22246
22128
22247
22129
22248
22130
22249
22131
22250
22132
22251
22133
22252
22134
22253
22135
22254
22136
22255
22137
22256
22138
22257
22139
22258
22140
22259
22141
22260
22142
22261
22143
22262
22144
22263
22145
22264
22146
22265
22147
22266
22148
22267
22149
22268
22150
22269
22151
22270
22152
22271
22153
22272
22154
22273
22155
22274
22156
22275
22157
22276
22158
22277
22159
22278
22160
22279
22161
22280
22162
22281
22163
22282
22164
22283
22165
22284
22166
22285
22167
22286
22168
22287
22169
22288
22170
22289
22171
22290
22172
22291
22173
22292
22174
22293
22175
22294
22176
22295
22177
22296
22178
22297
22179
22298
22180
22299
22181
22300
22182
22301
22183
22302
22184
22303
22185
22304
22186
22305
22187
22306
22188
22307
22189
22308
22190
22309
22191
22310
22192
22311
22193
22312
22194
22313
22195
22314
22196
22315
22197
22316
22198
22317
22199
22318
22319
22201
22320
35221
22202
22321
22203
22322
22204
22323
22205
22324
22206
22325
22207
22326
22208
22327
22209
22328
22210
22329
22211
22330
22212
22331
22213
22332
22214
22333
22215
22334
22216
22335
22217
22336
22218
22337
22219
22338
22220
22339
22221
22340
22222
22341
22223
22342
22224
22343
22225
22344
22226
22345
22227
22346
22228
22347
22229
22348
22230
22349
22231
22350
22232
22351
22233
22352
22234
22353
22235
22354
22236
22355
22237
22356
22238
22357
22239
22358
22240
22359
22241
22360
22242
22361
22243
22362
22244
22363
22245
22364
22246
22365
22247
22366
22248
22367
22249
22368
22250
22369
22251
22370
22252
22371
22253
22372
22254
22373
22255
22374
22256
22375
22257
22376
22258
22377
22259
22378
22260
22379
22261
22380
22262
22381
22263
22382
22264
22383
22265
22384
22266
22385
22267
22386
22268
22387
22269
22388
22270
22389
22271
22390
22272
22391
22273
22392
22274
22393
22275
22394
22276
22395
22277
22396
22278
22397
22279
22398
22280
22399
22281
22400
22282
22401
22283
22402
22284
22403
22285
22404
22286
22405
22287
22406
22288
22407
22289
22408
22290
22409
22291
22410
22292
22411
22293
22412
22294
22413
22295
22414
22296
22415
22297
22416
22298
22417
22299
22418
22300
22419
22301
22420
22302
22421
22303
22422
22304
22423
22305
22424
22306
22425
22307
22426
22308
22427
22309
22428
22310
22429
22311
22430
22312
22431
22313
22432
22314
22433
22315
22434
22316
22435
22317
22436
22318
22437
22319
22438
22439
22321
22440
35222
22322
22441
22323
22442
22324
22443
22325
22444
22326
22445
22327
22446
22328
22447
22329
22448
22330
22449
22331
22450
22332
22451
22333
22452
22334
22453
22335
22454
22336
22455
22337
22456
22338
22457
22339
22458
22340
22459
22341
22460
22342
22461
22343
22462
22344
22463
22345
22464
22346
22465
22347
22466
22348
22467
22349
22468
22350
22469
22351
22470
22352
22471
22353
22472
22354
22473
22355
22474
22356
22475
22357
22476
22358
22477
22359
22478
22360
22479
22361
22480
22362
22481
22363
22482
22364
22483
22365
22484
22366
22485
22367
22486
22368
22487
22369
22488
22370
22489
22371
22490
22372
22491
22373
22492
22374
22493
22375
22494
22376
22495
22377
22496
22378
22497
22379
22498
22380
22499
22381
22500
22382
22501
22383
22502
22384
22503
22385
22504
22386
22505
22387
22506
22388
22507
22389
22508
22390
22509
22391
22510
22392
22511
22393
22512
22394
22513
22395
22514
22396
22515
22397
22516
22398
22517
22399
22518
22400
22519
22401
22520
22402
22521
22403
22522
22404
22523
22405
22524
22406
22525
22407
22526
22408
22527
22409
22528
22410
22529
22411
22530
22412
22531
22413
22532
22414
22533
22415
22534
22416
22535
22417
22536
22418
22537
22419
22538
22420
22539
22421
22540
22422
22541
22423
22542
22424
22543
22425
22544
22426
22545
22427
22546
22428
22547
22429
22548
22430
22549
22431
22550
22432
22551
22433
22552
22434
22553
22435
22554
22436
22555
22437
22556
22438
22557
22439
22558
22559
22441
22560
35223
22442
22561
22443
22562
22444
22563
22445
22564
22446
22565
22447
22566
22448
22567
22449
22568
22450
22569
22451
22570
22452
22571
22453
22572
22454
22573
22455
22574
22456
22575
22457
22576
22458
22577
22459
22578
22460
22579
22461
22580
22462
22581
22463
22582
22464
22583
22465
22584
22466
22585
22467
22586
22468
22587
22469
22588
22470
22589
22471
22590
22472
22591
22473
22592
22474
22593
22475
22594
22476
22595
22477
22596
22478
22597
22479
22598
22480
22599
22481
22600
22482
22601
22483
22602
22484
22603
22485
22604
22486
22605
22487
22606
22488
22607
22489
22608
22490
22609
22491
22610
22492
22611
22493
22612
22494
22613
22495
22614
22496
22615
22497
22616
22498
22617
22499
22618
22500
22619
22501
22620
22502
22621
22503
22622
22504
22623
22505
22624
22506
22625
22507
22626
22508
22627
22509
22628
22510
22629
22511
22630
22512
22631
22513
22632
22514
22633
22515
22634
22516
22635
22517
22636
22518
22637
22519
22638
22520
22639
22521
22640
22522
22641
22523
22642
22524
22643
22525
22644
22526
22645
22527
22646
22528
22647
22529
22648
22530
22649
22531
22650
22532
22651
22533
22652
22534
22653
22535
22654
22536
22655
22537
22656
22538
22657
22539
22658
22540
22659
22541
22660
22542
22661
22543
22662
22544
22663
22545
22664
22546
22665
22547
22666
22548
22667
22549
22668
22550
22669
22551
22670
22552
22671
22553
22672
22554
22673
22555
22674
22556
22675
22557
22676
22558
22677
22559
22678
22679
22561
22680
35224
22562
22681
22563
22682
22564
22683
22565
22684
22566
22685
22567
22686
22568
22687
22569
22688
22570
22689
22571
22690
22572
22691
22573
22692
22574
22693
22575
22694
22576
22695
22577
22696
22578
22697
22579
22698
22580
22699
22581
22700
22582
22701
22583
22702
22584
22703
22585
22704
22586
22705
22587
22706
22588
22707
22589
22708
22590
22709
22591
22710
22592
22711
22593
22712
22594
22713
22595
22714
22596
22715
22597
22716
22598
22717
22599
22718
22600
22719
22601
22720
22602
22721
22603
22722
22604
22723
22605
22724
22606
22725
22607
22726
22608
22727
22609
22728
22610
22729
22611
22730
22612
22731
22613
22732
22614
22733
22615
22734
22616
22735
22617
22736
22618
22737
22619
22738
22620
22739
22621
22740
22622
22741
22623
22742
22624
22743
22625
22744
22626
22745
22627
22746
22628
22747
22629
22748
22630
22749
22631
22750
22632
22751
22633
22752
22634
22753
22635
22754
22636
22755
22637
22756
22638
22757
22639
22758
22640
22759
22641
22760
22642
22761
22643
22762
22644
22763
22645
22764
22646
22765
22647
22766
22648
22767
22649
22768
22650
22769
22651
22770
22652
22771
22653
22772
22654
22773
22655
22774
22656
22775
22657
22776
22658
22777
22659
22778
22660
22779
22661
22780
22662
22781
22663
22782
22664
22783
22665
22784
22666
22785
22667
22786
22668
22787
22669
22788
22670
22789
22671
22790
22672
22791
22673
22792
22674
22793
22675
22794
22676
22795
22677
22796
22678
22797
22679
22798
22799
22681
22800
35225
22682
22801
22683
22802
22684
22803
22685
22804
22686
22805
22687
22806
22688
22807
22689
22808
22690
22809
22691
22810
22692
22811
22693
22812
22694
22813
22695
22814
22696
22815
22697
22816
22698
22817
22699
22818
22700
22819
22701
22820
22702
22821
22703
22822
22704
22823
22705
22824
22706
22825
22707
22826
22708
22827
22709
22828
22710
22829
22711
22830
22712
22831
22713
22832
22714
22833
22715
22834
22716
22835
22717
22836
22718
22837
22719
22838
22720
22839
22721
22840
22722
22841
22723
22842
22724
22843
22725
22844
22726
22845
22727
22846
22728
22847
22729
22848
22730
22849
22731
22850
22732
22851
22733
22852
22734
22853
22735
22854
22736
22855
22737
22856
22738
22857
22739
22858
22740
22859
22741
22860
22742
22861
22743
22862
22744
22863
22745
22864
22746
22865
22747
22866
22748
22867
22749
22868
22750
22869
22751
22870
22752
22871
22753
22872
22754
22873
22755
22874
22756
22875
22757
22876
22758
22877
22759
22878
22760
22879
22761
22880
22762
22881
22763
22882
22764
22883
22765
22884
22766
22885
22767
22886
22768
22887
22769
22888
22770
22889
22771
22890
22772
22891
22773
22892
22774
22893
22775
22894
22776
22895
22777
22896
22778
22897
22779
22898
22780
22899
22781
22900
22782
22901
22783
22902
22784
22903
22785
22904
22786
22905
22787
22906
22788
22907
22789
22908
22790
22909
22791
22910
22792
22911
22793
22912
22794
22913
22795
22914
22796
22915
22797
22916
22798
22917
22799
22918
22919
22801
22920
35226
22802
22921
22803
22922
22804
22923
22805
22924
22806
22925
22807
22926
22808
22927
22809
22928
22810
22929
22811
22930
22812
22931
22813
22932
22814
22933
22815
22934
22816
22935
22817
22936
22818
22937
22819
22938
22820
22939
22821
22940
22822
22941
22823
22942
22824
22943
22825
22944
22826
22945
22827
22946
22828
22947
22829
22948
22830
22949
22831
22950
22832
22951
22833
22952
22834
22953
22835
22954
22836
22955
22837
22956
22838
22957
22839
22958
22840
22959
22841
22960
22842
22961
22843
22962
22844
22963
22845
22964
22846
22965
22847
22966
22848
22967
22849
22968
22850
22969
22851
22970
22852
22971
22853
22972
22854
22973
22855
22974
22856
22975
22857
22976
22858
22977
22859
22978
22860
22979
22861
22980
22862
22981
22863
22982
22864
22983
22865
22984
22866
22985
22867
22986
22868
22987
22869
22988
22870
22989
22871
22990
22872
22991
22873
22992
22874
22993
22875
22994
22876
22995
22877
22996
22878
22997
22879
22998
22880
22999
22881
23000
22882
23001
22883
23002
22884
23003
22885
23004
22886
23005
22887
23006
22888
23007
22889
23008
22890
23009
22891
23010
22892
23011
22893
23012
22894
23013
22895
23014
22896
23015
22897
23016
22898
23017
22899
23018
22900
23019
22901
23020
22902
23021
22903
23022
22904
23023
22905
23024
22906
23025
22907
23026
22908
23027
22909
23028
22910
23029
22911
23030
22912
23031
22913
23032
22914
23033
22915
23034
22916
23035
22917
23036
22918
23037
22919
23038
23039
22921
23040
35227
22922
23041
22923
23042
22924
23043
22925
23044
22926
23045
22927
23046
22928
23047
22929
23048
22930
23049
22931
23050
22932
23051
22933
23052
22934
23053
22935
23054
22936
23055
22937
23056
22938
23057
22939
23058
22940
23059
22941
23060
22942
23061
22943
23062
22944
23063
22945
23064
22946
23065
22947
23066
22948
23067
22949
23068
22950
23069
22951
23070
22952
23071
22953
23072
22954
23073
22955
23074
22956
23075
22957
23076
22958
23077
22959
23078
22960
23079
22961
23080
22962
23081
22963
23082
22964
23083
22965
23084
22966
23085
22967
23086
22968
23087
22969
23088
22970
23089
22971
23090
22972
23091
22973
23092
22974
23093
22975
23094
22976
23095
22977
23096
22978
23097
22979
23098
22980
23099
22981
23100
22982
23101
22983
23102
22984
23103
22985
23104
22986
23105
22987
23106
22988
23107
22989
23108
22990
23109
22991
23110
22992
23111
22993
23112
22994
23113
22995
23114
22996
23115
22997
23116
22998
23117
22999
23118
23000
23119
23001
23120
23002
23121
23003
23122
23004
23123
23005
23124
23006
23125
23007
23126
23008
23127
23009
23128
23010
23129
23011
23130
23012
23131
23013
23132
23014
23133
23015
23134
23016
23135
23017
23136
23018
23137
23019
23138
23020
23139
23021
23140
23022
23141
23023
23142
23024
23143
23025
23144
23026
23145
23027
23146
23028
23147
23029
23148
23030
23149
23031
23150
23032
23151
23033
23152
23034
23153
23035
23154
23036
23155
23037
23156
23038
23157
23039
23158
23159
23041
23160
35228
23042
23161
23043
23162
23044
23163
23045
23164
23046
23165
23047
23166
23048
23167
23049
23168
23050
23169
23051
23170
23052
23171
23053
23172
23054
23173
23055
23174
23056
23175
23057
23176
23058
23177
23059
23178
23060
23179
23061
23180
23062
23181
23063
23182
23064
23183
23065
23184
23066
23185
23067
23186
23068
23187
23069
23188
23070
23189
23071
23190
23072
23191
23073
23192
23074
23193
23075
23194
23076
23195
23077
23196
23078
23197
23079
23198
23080
23199
23081
23200
23082
23201
23083
23202
23084
23203
23085
23204
23086
23205
23087
23206
23088
23207
23089
23208
23090
23209
23091
23210
23092
23211
23093
23212
23094
23213
23095
23214
23096
23215
23097
23216
23098
23217
23099
23218
23100
23219
23101
23220
23102
23221
23103
23222
23104
23223
23105
23224
23106
23225
23107
23226
23108
23227
23109
23228
23110
23229
23111
23230
23112
23231
23113
23232
23114
23233
23115
23234
23116
23235
23117
23236
23118
23237
23119
23238
23120
23239
23121
23240
23122
23241
23123
23242
23124
23243
23125
23244
23126
23245
23127
23246
23128
23247
23129
23248
23130
23249
23131
23250
23132
23251
23133
23252
23134
23253
23135
23254
23136
23255
23137
23256
23138
23257
23139
23258
23140
23259
23141
23260
23142
23261
23143
23262
23144
23263
23145
23264
23146
23265
23147
23266
23148
23267
23149
23268
23150
23269
23151
23270
23152
23271
23153
23272
23154
23273
23155
23274
23156
23275
23157
23276
23158
23277
23159
23278
23279
23161
23280
35229
23162
23281
23163
23282
23164
23283
23165
23284
23166
23285
23167
23286
23168
23287
23169
23288
23170
23289
23171
23290
23172
23291
23173
23292
23174
23293
23175
23294
23176
23295
23177
23296
23178
23297
23179
23298
23180
23299
23181
23300
23182
23301
23183
23302
23184
23303
23185
23304
23186
23305
23187
23306
23188
23307
23189
23308
23190
23309
23191
23310
23192
23311
23193
23312
23194
23313
23195
23314
23196
23315
23197
23316
23198
23317
23199
23318
23200
23319
23201
23320
23202
23321
23203
23322
23204
23323
23205
23324
23206
23325
23207
23326
23208
23327
23209
23328
23210
23329
23211
23330
23212
23331
23213
23332
23214
23333
23215
23334
23216
23335
23217
23336
23218
23337
23219
23338
23220
23339
23221
23340
23222
23341
23223
23342
23224
23343
23225
23344
23226
23345
23227
23346
23228
23347
23229
23348
23230
23349
23231
23350
23232
23351
23233
23352
23234
23353
23235
23354
23236
23355
23237
23356
23238
23357
23239
23358
23240
23359
23241
23360
23242
23361
23243
23362
23244
23363
23245
23364
23246
23365
23247
23366
23248
23367
23249
23368
23250
23369
23251
23370
23252
23371
23253
23372
23254
23373
23255
23374
23256
23375
23257
23376
23258
23377
23259
23378
23260
23379
23261
23380
23262
23381
23263
23382
23264
23383
23265
23384
23266
23385
23267
23386
23268
23387
23269
23388
23270
23389
23271
23390
23272
23391
23273
23392
23274
23393
23275
23394
23276
23395
23277
23396
23278
23397
23279
23398
23399
23281
23400
35230
23282
23401
23283
23402
23284
23403
23285
23404
23286
23405
23287
23406
23288
23407
23289
23408
23290
23409
23291
23410
23292
23411
23293
23412
23294
23413
23295
23414
23296
23415
23297
23416
23298
23417
23299
23418
23300
23419
23301
23420
23302
23421
23303
23422
23304
23423
23305
23424
23306
23425
23307
23426
23308
23427
23309
23428
23310
23429
23311
23430
23312
23431
23313
23432
23314
23433
23315
23434
23316
23435
23317
23436
23318
23437
23319
23438
23320
23439
23321
23440
23322
23441
23323
23442
23324
23443
23325
23444
23326
23445
23327
23446
23328
23447
23329
23448
23330
23449
23331
23450
23332
23451
23333
23452
23334
23453
23335
23454
23336
23455
23337
23456
23338
23457
23339
23458
23340
23459
23341
23460
23342
23461
23343
23462
23344
23463
23345
23464
23346
23465
23347
23466
23348
23467
23349
23468
23350
23469
23351
23470
23352
23471
23353
23472
23354
23473
23355
23474
23356
23475
23357
23476
23358
23477
23359
23478
23360
23479
23361
23480
23362
23481
23363
23482
23364
23483
23365
23484
23366
23485
23367
23486
23368
23487
23369
23488
23370
23489
23371
23490
23372
23491
23373
23492
23374
23493
23375
23494
23376
23495
23377
23496
23378
23497
23379
23498
23380
23499
23381
23500
23382
23501
23383
23502
23384
23503
23385
23504
23386
23505
23387
23506
23388
23507
23389
23508
23390
23509
23391
23510
23392
23511
23393
23512
23394
23513
23395
23514
23396
23515
23397
23516
23398
23517
23399
23518
23519
23401
23520
35231
23402
23521
23403
23522
23404
23523
23405
23524
23406
23525
23407
23526
23408
23527
23409
23528
23410
23529
23411
23530
23412
23531
23413
23532
23414
23533
23415
23534
23416
23535
23417
23536
23418
23537
23419
23538
23420
23539
23421
23540
23422
23541
23423
23542
23424
23543
23425
23544
23426
23545
23427
23546
23428
23547
23429
23548
23430
23549
23431
23550
23432
23551
23433
23552
23434
23553
23435
23554
23436
23555
23437
23556
23438
23557
23439
23558
23440
23559
23441
23560
23442
23561
23443
23562
23444
23563
23445
23564
23446
23565
23447
23566
23448
23567
23449
23568
23450
23569
23451
23570
23452
23571
23453
23572
23454
23573
23455
23574
23456
23575
23457
23576
23458
23577
23459
23578
23460
23579
23461
23580
23462
23581
23463
23582
23464
23583
23465
23584
23466
23585
23467
23586
23468
23587
23469
23588
23470
23589
23471
23590
23472
23591
23473
23592
23474
23593
23475
23594
23476
23595
23477
23596
23478
23597
23479
23598
23480
23599
23481
23600
23482
23601
23483
23602
23484
23603
23485
23604
23486
23605
23487
23606
23488
23607
23489
23608
23490
23609
23491
23610
23492
23611
23493
23612
23494
23613
23495
23614
23496
23615
23497
23616
23498
23617
23499
23618
23500
23619
23501
23620
23502
23621
23503
23622
23504
23623
23505
23624
23506
23625
23507
23626
23508
23627
23509
23628
23510
23629
23511
23630
23512
23631
23513
23632
23514
23633
23515
23634
23516
23635
23517
23636
23518
23637
23519
23638
23639
23521
23640
35232
23522
23641
23523
23642
23524
23643
23525
23644
23526
23645
23527
23646
23528
23647
23529
23648
23530
23649
23531
23650
23532
23651
23533
23652
23534
23653
23535
23654
23536
23655
23537
23656
23538
23657
23539
23658
23540
23659
23541
23660
23542
23661
23543
23662
23544
23663
23545
23664
23546
23665
23547
23666
23548
23667
23549
23668
23550
23669
23551
23670
23552
23671
23553
23672
23554
23673
23555
23674
23556
23675
23557
23676
23558
23677
23559
23678
23560
23679
23561
23680
23562
23681
23563
23682
23564
23683
23565
23684
23566
23685
23567
23686
23568
23687
23569
23688
23570
23689
23571
23690
23572
23691
23573
23692
23574
23693
23575
23694
23576
23695
23577
23696
23578
23697
23579
23698
23580
23699
23581
23700
23582
23701
23583
23702
23584
23703
23585
23704
23586
23705
23587
23706
23588
23707
23589
23708
23590
23709
23591
23710
23592
23711
23593
23712
23594
23713
23595
23714
23596
23715
23597
23716
23598
23717
23599
23718
23600
23719
23601
23720
23602
23721
23603
23722
23604
23723
23605
23724
23606
23725
23607
23726
23608
23727
23609
23728
23610
23729
23611
23730
23612
23731
23613
23732
23614
23733
23615
23734
23616
23735
23617
23736
23618
23737
23619
23738
23620
23739
23621
23740
23622
23741
23623
23742
23624
23743
23625
23744
23626
23745
23627
23746
23628
23747
23629
23748
23630
23749
23631
23750
23632
23751
23633
23752
23634
23753
23635
23754
23636
23755
23637
23756
23638
23757
23639
23758
23759
23641
23760
35233
23642
23761
23643
23762
23644
23763
23645
23764
23646
23765
23647
23766
23648
23767
23649
23768
23650
23769
23651
23770
23652
23771
23653
23772
23654
23773
23655
23774
23656
23775
23657
23776
23658
23777
23659
23778
23660
23779
23661
23780
23662
23781
23663
23782
23664
23783
23665
23784
23666
23785
23667
23786
23668
23787
23669
23788
23670
23789
23671
23790
23672
23791
23673
23792
23674
23793
23675
23794
23676
23795
23677
23796
23678
23797
23679
23798
23680
23799
23681
23800
23682
23801
23683
23802
23684
23803
23685
23804
23686
23805
23687
23806
23688
23807
23689
23808
23690
23809
23691
23810
23692
23811
23693
23812
23694
23813
23695
23814
23696
23815
23697
23816
23698
23817
23699
23818
23700
23819
23701
23820
23702
23821
23703
23822
23704
23823
23705
23824
23706
23825
23707
23826
23708
23827
23709
23828
23710
23829
23711
23830
23712
23831
23713
23832
23714
23833
23715
23834
23716
23835
23717
23836
23718
23837
23719
23838
23720
23839
23721
23840
23722
23841
23723
23842
23724
23843
23725
23844
23726
23845
23727
23846
23728
23847
23729
23848
23730
23849
23731
23850
23732
23851
23733
23852
23734
23853
23735
23854
23736
23855
23737
23856
23738
23857
23739
23858
23740
23859
23741
23860
23742
23861
23743
23862
23744
23863
23745
23864
23746
23865
23747
23866
23748
23867
23749
23868
23750
23869
23751
23870
23752
23871
23753
23872
23754
23873
23755
23874
23756
23875
23757
23876
23758
23877
23759
23878
23879
23761
23880
35234
23762
23881
23763
23882
23764
23883
23765
23884
23766
23885
23767
23886
23768
23887
23769
23888
23770
23889
23771
23890
23772
23891
23773
23892
23774
23893
23775
23894
23776
23895
23777
23896
23778
23897
23779
23898
23780
23899
23781
23900
23782
23901
23783
23902
23784
23903
23785
23904
23786
23905
23787
23906
23788
23907
23789
23908
23790
23909
23791
23910
23792
23911
23793
23912
23794
23913
23795
23914
23796
23915
23797
23916
23798
23917
23799
23918
23800
23919
23801
23920
23802
23921
23803
23922
23804
23923
23805
23924
23806
23925
23807
23926
23808
23927
23809
23928
23810
23929
23811
23930
23812
23931
23813
23932
23814
23933
23815
23934
23816
23935
23817
23936
23818
23937
23819
23938
23820
23939
23821
23940
23822
23941
23823
23942
23824
23943
23825
23944
23826
23945
23827
23946
23828
23947
23829
23948
23830
23949
23831
23950
23832
23951
23833
23952
23834
23953
23835
23954
23836
23955
23837
23956
23838
23957
23839
23958
23840
23959
23841
23960
23842
23961
23843
23962
23844
23963
23845
23964
23846
23965
23847
23966
23848
23967
23849
23968
23850
23969
23851
23970
23852
23971
23853
23972
23854
23973
23855
23974
23856
23975
23857
23976
23858
23977
23859
23978
23860
23979
23861
23980
23862
23981
23863
23982
23864
23983
23865
23984
23866
23985
23867
23986
23868
23987
23869
23988
23870
23989
23871
23990
23872
23991
23873
23992
23874
23993
23875
23994
23876
23995
23877
23996
23878
23997
23879
23998
23999
23881
35235
23882
23883
23884
23885
23886
23887
23888
23889
23890
23891
23892
23893
23894
23895
23896
23897
23898
23899
23900
23901
23902
23903
23904
23905
23906
23907
23908
23909
23910
23911
23912
23913
23914
23915
23916
23917
23918
23919
23920
23921
23922
23923
23924
23925
23926
23927
23928
23929
23930
23931
23932
23933
23934
23935
23936
23937
23938
23939
23940
23941
23942
23943
23944
23945
23946
23947
23948
23949
23950
23951
23952
23953
23954
23955
23956
23957
23958
23959
23960
23961
23962
23963
23964
23965
23966
23967
23968
23969
23970
23971
23972
23973
23974
23975
23976
23977
23978
23979
23980
23981
23982
23983
23984
23985
23986
23987
23988
23989
23990
23991
23992
23993
23994
23995
23996
23997
23998
23999
24001
24042
25176
27752
24002
24043
27802
24003
24044
27852
24004
24045
27902
24005
24046
27952
24006
24047
28002
24007
24048
28052
24008
24049
28102
24009
24050
28152
24010
24051
28202
24011
24052
28252
24012
24053
28302
24013
24054
28352
24014
24055
28402
24015
24056
28452
24016
24057
28502
24017
24058
28552
24018
24059
28602
24019
24060
28652
24020
24061
28702
24021
24062
28752
24022
24063
28802
24023
24064
28852
24024
24065
28902
24025
24066
28952
24026
24067
29002
24027
24068
29052
24028
24069
29102
24029
24070
29152
24030
24071
29202
24031
24072
29252
24032
24073
29302
24033
24074
29352
24034
24075
29402
24035
24076
29452
24036
24077
29502
24037
24078
29552
24038
24079
29602
24039
24080
29652
24040
24081
29702
24041
24082
29752
24083
29802
24043
24084
25226
24044
24085
24045
24086
24046
24087
24047
24088
24048
24089
24049
24090
24050
24091
24051
24092
24052
24093
24053
24094
24054
24095
24055
24096
24056
24097
24057
24098
24058
24099
24059
24100
24060
24101
24061
24102
24062
24103
24063
24104
24064
24105
24065
24106
24066
24107
24067
24108
24068
24109
24069
24110
24070
24111
24071
24112
24072
24113
24073
24114
24074
24115
24075
24116
24076
24117
24077
24118
24078
24119
24079
24120
24080
24121
24081
24122
24082
24123
24083
24124
24125
24085
24126
25276
24086
24127
24087
24128
24088
24129
24089
24130
24090
24131
24091
24132
24092
24133
24093
24134
24094
24135
24095
24136
24096
24137
24097
24138
24098
24139
24099
24140
24100
24141
24101
24142
24102
24143
24103
24144
24104
24145
24105
24146
24106
24147
24107
24148
24108
24149
24109
24150
24110
24151
24111
24152
24112
24153
24113
24154
24114
24155
24115
24156
24116
24157
24117
24158
24118
24159
24119
24160
24120
24161
24121
24162
24122
24163
24123
24164
24124
24165
24125
24166
24167
24127
24168
25326
24128
24169
24129
24170
24130
24171
24131
24172
24132
24173
24133
24174
24134
24175
24135
24176
24136
24177
24137
24178
24138
24179
24139
24180
24140
24181
24141
24182
24142
24183
24143
24184
24144
24185
24145
24186
24146
24187
24147
24188
24148
24189
24149
24190
24150
24191
24151
24192
24152
24193
24153
24194
24154
24195
24155
24196
24156
24197
24157
24198
24158
24199
24159
24200
24160
24201
24161
24202
24162
24203
24163
24204
24164
24205
24165
24206
24166
24207
24167
24208
24209
24169
24210
25376
24170
24211
24171
24212
24172
24213
24173
24214
24174
24215
24175
24216
24176
24217
24177
24218
24178
24219
24179
24220
24180
24221
24181
24222
24182
24223
24183
24224
24184
24225
24185
24226
24186
24227
24187
24228
24188
24229
24189
24230
24190
24231
24191
24232
24192
24233
24193
24234
24194
24235
24195
24236
24196
24237
24197
24238
24198
24239
24199
24240
24200
24241
24201
24242
24202
24243
24203
24244
24204
24245
24205
24246
24206
24247
24207
24248
24208
24249
24209
24250
24251
24211
24252
25426
24212
24253
24213
24254
24214
24255
24215
24256
24216
24257
24217
24258
24218
24259
24219
24260
24220
24261
24221
24262
24222
24263
24223
24264
24224
24265
24225
24266
24226
24267
24227
24268
24228
24269
24229
24270
24230
24271
24231
24272
24232
24273
24233
24274
24234
24275
24235
24276
24236
24277
24237
24278
24238
24279
24239
24280
24240
24281
24241
24282
24242
24283
24243
24284
24244
24285
24245
24286
24246
24287
24247
24288
24248
24289
24249
24290
24250
24291
24251
24292
24293
24253
24294
25476
24254
24295
24255
24296
24256
24297
24257
24298
24258
24299
24259
24300
24260
24301
24261
24302
24262
24303
24263
24304
24264
24305
24265
24306
24266
24307
24267
24308
24268
24309
24269
24310
24270
24311
24271
24312
24272
24313
24273
24314
24274
24315
24275
24316
24276
24317
24277
24318
24278
24319
24279
24320
24280
24321
24281
24322
24282
24323
24283
24324
24284
24325
24285
24326
24286
24327
24287
24328
24288
24329
24289
24330
24290
24331
24291
24332
24292
24333
24293
24334
24335
24295
24336
25526
24296
24337
24297
24338
24298
24339
24299
24340
24300
24341
24301
24342
24302
24343
24303
24344
24304
24345
24305
24346
24306
24347
24307
24348
24308
24349
24309
24350
24310
24351
24311
24352
24312
24353
24313
24354
24314
24355
24315
24356
24316
24357
24317
24358
24318
24359
24319
24360
24320
24361
24321
24362
24322
24363
24323
24364
24324
24365
24325
24366
24326
24367
24327
24368
24328
24369
24329
24370
24330
24371
24331
24372
24332
24373
24333
24374
24334
24375
24335
24376
24377
24337
24378
25576
24338
24379
24339
24380
24340
24381
24341
24382
24342
24383
24343
24384
24344
24385
24345
24386
24346
24387
24347
24388
24348
24389
24349
24390
24350
24391
24351
24392
24352
24393
24353
24394
24354
24395
24355
24396
24356
24397
24357
24398
24358
24399
24359
24400
24360
24401
24361
24402
24362
24403
24363
24404
24364
24405
24365
24406
24366
24407
24367
24408
24368
24409
24369
24410
24370
24411
24371
24412
24372
24413
24373
24414
24374
24415
24375
24416
24376
24417
24377
24418
24419
24379
24420
25626
24380
24421
24381
24422
24382
24423
24383
24424
24384
24425
24385
24426
24386
24427
24387
24428
24388
24429
24389
24430
24390
24431
24391
24432
24392
24433
24393
24434
24394
24435
24395
24436
24396
24437
24397
24438
24398
24439
24399
24440
24400
24441
24401
24442
24402
24443
24403
24444
24404
24445
24405
24446
24406
24447
24407
24448
24408
24449
24409
24450
24410
24451
24411
24452
24412
24453
24413
24454
24414
24455
24415
24456
24416
24457
24417
24458
24418
24459
24419
24460
24461
24421
24462
25676
24422
24463
24423
24464
24424
24465
24425
24466
24426
24467
24427
24468
24428
24469
24429
24470
24430
24471
24431
24472
24432
24473
24433
24474
24434
24475
24435
24476
24436
24477
24437
24478
24438
24479
24439
24480
24440
24481
24441
24482
24442
24483
24443
24484
24444
24485
24445
24486
24446
24487
24447
24488
24448
24489
24449
24490
24450
24491
24451
24492
24452
24493
24453
24494
24454
24495
24455
24496
24456
24497
24457
24498
24458
24499
24459
24500
24460
24501
24461
24502
24503
24463
24504
25726
24464
24505
24465
24506
24466
24507
24467
24508
24468
24509
24469
24510
24470
24511
24471
24512
24472
24513
24473
24514
24474
24515
24475
24516
24476
24517
24477
24518
24478
24519
24479
24520
24480
24521
24481
24522
24482
24523
24483
24524
24484
24525
24485
24526
24486
24527
24487
24528
24488
24529
24489
24530
24490
24531
24491
24532
24492
24533
24493
24534
24494
24535
24495
24536
24496
24537
24497
24538
24498
24539
24499
24540
24500
24541
24501
24542
24502
24543
24503
24544
24545
24505
24546
25776
24506
24547
24507
24548
24508
24549
24509
24550
24510
24551
24511
24552
24512
24553
24513
24554
24514
24555
24515
24556
24516
24557
24517
24558
24518
24559
24519
24560
24520
24561
24521
24562
24522
24563
24523
24564
24524
24565
24525
24566
24526
24567
24527
24568
24528
24569
24529
24570
24530
24571
24531
24572
24532
24573
24533
24574
24534
24575
24535
24576
24536
24577
24537
24578
24538
24579
24539
24580
24540
24581
24541
24582
24542
24583
24543
24584
24544
24585
24545
24586
24587
24547
24588
25826
24548
24589
24549
24590
24550
24591
24551
24592
24552
24593
24553
24594
24554
24595
24555
24596
24556
24597
24557
24598
24558
24599
24559
24600
24560
24601
24561
24602
24562
24603
24563
24604
24564
24605
24565
24606
24566
24607
24567
24608
24568
24609
24569
24610
24570
24611
24571
24612
24572
24613
24573
24614
24574
24615
24575
24616
24576
24617
24577
24618
24578
24619
24579
24620
24580
24621
24581
24622
24582
24623
24583
24624
24584
24625
24585
24626
24586
24627
24587
24628
24629
24589
24630
25876
24590
24631
24591
24632
24592
24633
24593
24634
24594
24635
24595
24636
24596
24637
24597
24638
24598
24639
24599
24640
24600
24641
24601
24642
24602
24643
24603
24644
24604
24645
24605
24646
24606
24647
24607
24648
24608
24649
24609
24650
24610
24651
24611
24652
24612
24653
24613
24654
24614
24655
24615
24656
24616
24657
24617
24658
24618
24659
24619
24660
24620
24661
24621
24662
24622
24663
24623
24664
24624
24665
24625
24666
24626
24667
24627
24668
24628
24669
24629
24670
24671
24631
24672
25926
24632
24673
24633
24674
24634
24675
24635
24676
24636
24677
24637
24678
24638
24679
24639
24680
24640
24681
24641
24682
24642
24683
24643
24684
24644
24685
24645
24686
24646
24687
24647
24688
24648
24689
24649
24690
24650
24691
24651
24692
24652
24693
24653
24694
24654
24695
24655
24696
24656
24697
24657
24698
24658
24699
24659
24700
24660
24701
24661
24702
24662
24703
24663
24704
24664
24705
24665
24706
24666
24707
24667
24708
24668
24709
24669
24710
24670
24711
24671
24712
24713
24673
24714
25976
24674
24715
24675
24716
24676
24717
24677
24718
24678
24719
24679
24720
24680
24721
24681
24722
24682
24723
24683
24724
24684
24725
24685
24726
24686
24727
24687
24728
24688
24729
24689
24730
24690
24731
24691
24732
24692
24733
24693
24734
24694
24735
24695
24736
24696
24737
24697
24738
24698
24739
24699
24740
24700
24741
24701
24742
24702
24743
24703
24744
24704
24745
24705
24746
24706
24747
24707
24748
24708
24749
24709
24750
24710
24751
24711
24752
24712
24753
24713
24754
24755
24715
24756
26026
24716
24757
24717
24758
24718
24759
24719
24760
24720
24761
24721
24762
24722
24763
24723
24764
24724
24765
24725
24766
24726
24767
24727
24768
24728
24769
24729
24770
24730
24771
24731
24772
24732
24773
24733
24774
24734
24775
24735
24776
24736
24777
24737
24778
24738
24779
24739
24780
24740
24781
24741
24782
24742
24783
24743
24784
24744
24785
24745
24786
24746
24787
24747
24788
24748
24789
24749
24790
24750
24791
24751
24792
24752
24793
24753
24794
24754
24795
24755
24796
24797
24757
24798
26076
24758
24799
24759
24800
24760
24801
24761
24802
24762
24803
24763
24804
24764
24805
24765
24806
24766
24807
24767
24808
24768
24809
24769
24810
24770
24811
24771
24812
24772
24813
24773
24814
24774
24815
24775
24816
24776
24817
24777
24818
24778
24819
24779
24820
24780
24821
24781
24822
24782
24823
24783
24824
24784
24825
24785
24826
24786
24827
24787
24828
24788
24829
24789
24830
24790
24831
24791
24832
24792
24833
24793
24834
24794
24835
24795
24836
24796
24837
24797
24838
24839
24799
24840
26126
24800
24841
24801
24842
24802
24843
24803
24844
24804
24845
24805
24846
24806
24847
24807
24848
24808
24849
24809
24850
24810
24851
24811
24852
24812
24853
24813
24854
24814
24855
24815
24856
24816
24857
24817
24858
24818
24859
24819
24860
24820
24861
24821
24862
24822
24863
24823
24864
24824
24865
24825
24866
24826
24867
24827
24868
24828
24869
24829
24870
24830
24871
24831
24872
24832
24873
24833
24874
24834
24875
24835
24876
24836
24877
24837
24878
24838
24879
24839
24880
24881
24841
24882
26176
24842
24883
24843
24884
24844
24885
24845
24886
24846
24887
24847
24888
24848
24889
24849
24890
24850
24891
24851
24892
24852
24893
24853
24894
24854
24895
24855
24896
24856
24897
24857
24898
24858
24899
24859
24900
24860
24901
24861
24902
24862
24903
24863
24904
24864
24905
24865
24906
24866
24907
24867
24908
24868
24909
24869
24910
24870
24911
24871
24912
24872
24913
24873
24914
24874
24915
24875
24916
24876
24917
24877
24918
24878
24919
24879
24920
24880
24921
24881
24922
24923
24883
24924
26226
24884
24925
24885
24926
24886
24927
24887
24928
24888
24929
24889
24930
24890
24931
24891
24932
24892
24933
24893
24934
24894
24935
24895
24936
24896
24937
24897
24938
24898
24939
24899
24940
24900
24941
24901
24942
24902
24943
24903
24944
24904
24945
24905
24946
24906
24947
24907
24948
24908
24949
24909
24950
24910
24951
24911
24952
24912
24953
24913
24954
24914
24955
24915
24956
24916
24957
24917
24958
24918
24959
24919
24960
24920
24961
24921
24962
24922
24963
24923
24964
24965
24925
24966
26276
24926
24967
24927
24968
24928
24969
24929
24970
24930
24971
24931
24972
24932
24973
24933
24974
24934
24975
24935
24976
24936
24977
24937
24978
24938
24979
24939
24980
24940
24981
24941
24982
24942
24983
24943
24984
24944
24985
24945
24986
24946
24987
24947
24988
24948
24989
24949
24990
24950
24991
24951
24992
24952
24993
24953
24994
24954
24995
24955
24996
24956
24997
24957
24998
24958
24999
24959
25000
24960
25001
24961
25002
24962
25003
24963
25004
24964
25005
24965
25006
25007
24967
25008
26326
24968
25009
24969
25010
24970
25011
24971
25012
24972
25013
24973
25014
24974
25015
24975
25016
24976
25017
24977
25018
24978
25019
24979
25020
24980
25021
24981
25022
24982
25023
24983
25024
24984
25025
24985
25026
24986
25027
24987
25028
24988
25029
24989
25030
24990
25031
24991
25032
24992
25033
24993
25034
24994
25035
24995
25036
24996
25037
24997
25038
24998
25039
24999
25040
25000
25041
25001
25042
25002
25043
25003
25044
25004
25045
25005
25046
25006
25047
25007
25048
25049
25009
25050
26376
25010
25051
25011
25052
25012
25053
25013
25054
25014
25055
25015
25056
25016
25057
25017
25058
25018
25059
25019
25060
25020
25061
25021
25062
25022
25063
25023
25064
25024
25065
25025
25066
25026
25067
25027
25068
25028
25069
25029
25070
25030
25071
25031
25072
25032
25073
25033
25074
25034
25075
25035
25076
25036
25077
25037
25078
25038
25079
25039
25080
25040
25081
25041
25082
25042
25083
25043
25084
25044
25085
25045
25086
25046
25087
25047
25088
25048
25089
25049
25090
25091
25051
25092
26426
25052
25093
25053
25094
25054
25095
25055
25096
25056
25097
25057
25098
25058
25099
25059
25100
25060
25101
25061
25102
25062
25103
25063
25104
25064
25105
25065
25106
25066
25107
25067
25108
25068
25109
25069
25110
25070
25111
25071
25112
25072
25113
25073
25114
25074
25115
25075
25116
25076
25117
25077
25118
25078
25119
25079
25120
25080
25121
25081
25122
25082
25123
25083
25124
25084
25125
25085
25126
25086
25127
25087
25128
25088
25129
25089
25130
25090
25131
25091
25132
25133
25093
25134
26476
25094
25135
25095
25136
25096
25137
25097
25138
25098
25139
25099
25140
25100
25141
25101
25142
25102
25143
25103
25144
25104
25145
25105
25146
25106
25147
25107
25148
25108
25149
25109
25150
25110
25151
25111
25152
25112
25153
25113
25154
25114
25155
25115
25156
25116
25157
25117
25158
25118
25159
25119
25160
25120
25161
25121
25162
25122
25163
25123
25164
25124
25165
25125
25166
25126
25167
25127
25168
25128
25169
25129
25170
25130
25171
25131
25172
25132
25173
25133
25174
25175
25135
26526
25136
25137
25138
25139
25140
25141
25142
25143
25144
25145
25146
25147
25148
25149
25150
25151
25152
25153
25154
25155
25156
25157
25158
25159
25160
25161
25162
25163
25164
25165
25166
25167
25168
25169
25170
25171
25172
25173
25174
25175
25177
25226
25178
25227
25179
25228
25180
25229
25181
25230
25182
25231
25183
25232
25184
25233
25185
25234
25186
25235
25187
25236
25188
25237
25189
25238
25190
25239
25191
25240
25192
25241
25193
25242
25194
25243
25195
25244
25196
25245
25197
25246
25198
25247
25199
25248
25200
25249
25201
25250
25202
25251
25203
25252
25204
25253
25205
25254
25206
25255
25207
25256
25208
25257
25209
25258
25210
25259
25211
25260
25212
25261
25213
25262
25214
25263
25215
25264
25216
25265
25217
25266
25218
25267
25219
25268
25220
25269
25221
25270
25222
25271
25223
25272
25224
25273
25225
25274
25275
26576
25227
25276
25228
25277
25229
25278
25230
25279
25231
25280
25232
25281
25233
25282
25234
25283
25235
25284
25236
25285
25237
25286
25238
25287
25239
25288
25240
25289
25241
25290
25242
25291
25243
25292
25244
25293
25245
25294
25246
25295
25247
25296
25248
25297
25249
25298
25250
25299
25251
25300
25252
25301
25253
25302
25254
25303
25255
25304
25256
25305
25257
25306
25258
25307
25259
25308
25260
25309
25261
25310
25262
25311
25263
25312
25264
25313
25265
25314
25266
25315
25267
25316
25268
25317
25269
25318
25270
25319
25271
25320
25272
25321
25273
25322
25274
25323
25275
25324
25325
26618
25277
25326
25278
25327
25279
25328
25280
25329
25281
25330
25282
25331
25283
25332
25284
25333
25285
25334
25286
25335
25287
25336
25288
25337
25289
25338
25290
25339
25291
25340
25292
25341
25293
25342
25294
25343
25295
25344
25296
25345
25297
25346
25298
25347
25299
25348
25300
25349
25301
25350
25302
25351
25303
25352
25304
25353
25305
25354
25306
25355
25307
25356
25308
25357
25309
25358
25310
25359
25311
25360
25312
25361
25313
25362
25314
25363
25315
25364
25316
25365
25317
25366
25318
25367
25319
25368
25320
25369
25321
25370
25322
25371
25323
25372
25324
25373
25325
25374
25375
26660
25327
25376
25328
25377
25329
25378
25330
25379
25331
25380
25332
25381
25333
25382
25334
25383
25335
25384
25336
25385
25337
25386
25338
25387
25339
25388
25340
25389
25341
25390
25342
25391
25343
25392
25344
25393
25345
25394
25346
25395
25347
25396
25348
25397
25349
25398
25350
25399
25351
25400
25352
25401
25353
25402
25354
25403
25355
25404
25356
25405
25357
25406
25358
25407
25359
25408
25360
25409
25361
25410
25362
25411
25363
25412
25364
25413
25365
25414
25366
25415
25367
25416
25368
25417
25369
25418
25370
25419
25371
25420
25372
25421
25373
25422
25374
25423
25375
25424
25425
26702
25377
25426
25378
25427
25379
25428
25380
25429
25381
25430
25382
25431
25383
25432
25384
25433
25385
25434
25386
25435
25387
25436
25388
25437
25389
25438
25390
25439
25391
25440
25392
25441
25393
25442
25394
25443
25395
25444
25396
25445
25397
25446
25398
25447
25399
25448
25400
25449
25401
25450
25402
25451
25403
25452
25404
25453
25405
25454
25406
25455
25407
25456
25408
25457
25409
25458
25410
25459
25411
25460
25412
25461
25413
25462
25414
25463
25415
25464
25416
25465
25417
25466
25418
25467
25419
25468
25420
25469
25421
25470
25422
25471
25423
25472
25424
25473
25425
25474
25475
26744
25427
25476
25428
25477
25429
25478
25430
25479
25431
25480
25432
25481
25433
25482
25434
25483
25435
25484
25436
25485
25437
25486
25438
25487
25439
25488
25440
25489
25441
25490
25442
25491
25443
25492
25444
25493
25445
25494
25446
25495
25447
25496
25448
25497
25449
25498
25450
25499
25451
25500
25452
25501
25453
25502
25454
25503
25455
25504
25456
25505
25457
25506
25458
25507
25459
25508
25460
25509
25461
25510
25462
25511
25463
25512
25464
25513
25465
25514
25466
25515
25467
25516
25468
25517
25469
25518
25470
25519
25471
25520
25472
25521
25473
25522
25474
25523
25475
25524
25525
26786
25477
25526
25478
25527
25479
25528
25480
25529
25481
25530
25482
25531
25483
25532
25484
25533
25485
25534
25486
25535
25487
25536
25488
25537
25489
25538
25490
25539
25491
25540
25492
25541
25493
25542
25494
25543
25495
25544
25496
25545
25497
25546
25498
25547
25499
25548
25500
25549
25501
25550
25502
25551
25503
25552
25504
25553
25505
25554
25506
25555
25507
25556
25508
25557
25509
25558
25510
25559
25511
25560
25512
25561
25513
25562
25514
25563
25515
25564
25516
25565
25517
25566
25518
25567
25519
25568
25520
25569
25521
25570
25522
25571
25523
25572
25524
25573
25525
25574
25575
26828
25527
25576
25528
25577
25529
25578
25530
25579
25531
25580
25532
25581
25533
25582
25534
25583
25535
25584
25536
25585
25537
25586
25538
25587
25539
25588
25540
25589
25541
25590
25542
25591
25543
25592
25544
25593
25545
25594
25546
25595
25547
25596
25548
25597
25549
25598
25550
25599
25551
25600
25552
25601
25553
25602
25554
25603
25555
25604
25556
25605
25557
25606
25558
25607
25559
25608
25560
25609
25561
25610
25562
25611
25563
25612
25564
25613
25565
25614
25566
25615
25567
25616
25568
25617
25569
25618
25570
25619
25571
25620
25572
25621
25573
25622
25574
25623
25575
25624
25625
26870
25577
25626
25578
25627
25579
25628
25580
25629
25581
25630
25582
25631
25583
25632
25584
25633
25585
25634
25586
25635
25587
25636
25588
25637
25589
25638
25590
25639
25591
25640
25592
25641
25593
25642
25594
25643
25595
25644
25596
25645
25597
25646
25598
25647
25599
25648
25600
25649
25601
25650
25602
25651
25603
25652
25604
25653
25605
25654
25606
25655
25607
25656
25608
25657
25609
25658
25610
25659
25611
25660
25612
25661
25613
25662
25614
25663
25615
25664
25616
25665
25617
25666
25618
25667
25619
25668
25620
25669
25621
25670
25622
25671
25623
25672
25624
25673
25625
25674
25675
26912
25627
25676
25628
25677
25629
25678
25630
25679
25631
25680
25632
25681
25633
25682
25634
25683
25635
25684
25636
25685
25637
25686
25638
25687
25639
25688
25640
25689
25641
25690
25642
25691
25643
25692
25644
25693
25645
25694
25646
25695
25647
25696
25648
25697
25649
25698
25650
25699
25651
25700
25652
25701
25653
25702
25654
25703
25655
25704
25656
25705
25657
25706
25658
25707
25659
25708
25660
25709
25661
25710
25662
25711
25663
25712
25664
25713
25665
25714
25666
25715
25667
25716
25668
25717
25669
25718
25670
25719
25671
25720
25672
25721
25673
25722
25674
25723
25675
25724
25725
26954
25677
25726
25678
25727
25679
25728
25680
25729
25681
25730
25682
25731
25683
25732
25684
25733
25685
25734
25686
25735
25687
25736
25688
25737
25689
25738
25690
25739
25691
25740
25692
25741
25693
25742
25694
25743
25695
25744
25696
25745
25697
25746
25698
25747
25699
25748
25700
25749
25701
25750
25702
25751
25703
25752
25704
25753
25705
25754
25706
25755
25707
25756
25708
25757
25709
25758
25710
25759
25711
25760
25712
25761
25713
25762
25714
25763
25715
25764
25716
25765
25717
25766
25718
25767
25719
25768
25720
25769
25721
25770
25722
25771
25723
25772
25724
25773
25725
25774
25775
26996
25727
25776
25728
25777
25729
25778
25730
25779
25731
25780
25732
25781
25733
25782
25734
25783
25735
25784
25736
25785
25737
25786
25738
25787
25739
25788
25740
25789
25741
25790
25742
25791
25743
25792
25744
25793
25745
25794
25746
25795
25747
25796
25748
25797
25749
25798
25750
25799
25751
25800
25752
25801
25753
25802
25754
25803
25755
25804
25756
25805
25757
25806
25758
25807
25759
25808
25760
25809
25761
25810
25762
25811
25763
25812
25764
25813
25765
25814
25766
25815
25767
25816
25768
25817
25769
25818
25770
25819
25771
25820
25772
25821
25773
25822
25774
25823
25775
25824
25825
27038
25777
25826
25778
25827
25779
25828
25780
25829
25781
25830
25782
25831
25783
25832
25784
25833
25785
25834
25786
25835
25787
25836
25788
25837
25789
25838
25790
25839
25791
25840
25792
25841
25793
25842
25794
25843
25795
25844
25796
25845
25797
25846
25798
25847
25799
25848
25800
25849
25801
25850
25802
25851
25803
25852
25804
25853
25805
25854
25806
25855
25807
25856
25808
25857
25809
25858
25810
25859
25811
25860
25812
25861
25813
25862
25814
25863
25815
25864
25816
25865
25817
25866
25818
25867
25819
25868
25820
25869
25821
25870
25822
25871
25823
25872
25824
25873
25825
25874
25875
27080
25827
25876
25828
25877
25829
25878
25830
25879
25831
25880
25832
25881
25833
25882
25834
25883
25835
25884
25836
25885
25837
25886
25838
25887
25839
25888
25840
25889
25841
25890
25842
25891
25843
25892
25844
25893
25845
25894
25846
25895
25847
25896
25848
25897
25849
25898
25850
25899
25851
25900
25852
25901
25853
25902
25854
25903
25855
25904
25856
25905
25857
25906
25858
25907
25859
25908
25860
25909
25861
25910
25862
25911
25863
25912
25864
25913
25865
25914
25866
25915
25867
25916
25868
25917
25869
25918
25870
25919
25871
25920
25872
25921
25873
25922
25874
25923
25875
25924
25925
27122
25877
25926
25878
25927
25879
25928
25880
25929
25881
25930
25882
25931
25883
25932
25884
25933
25885
25934
25886
25935
25887
25936
25888
25937
25889
25938
25890
25939
25891
25940
25892
25941
25893
25942
25894
25943
25895
25944
25896
25945
25897
25946
25898
25947
25899
25948
25900
25949
25901
25950
25902
25951
25903
25952
25904
25953
25905
25954
25906
25955
25907
25956
25908
25957
25909
25958
25910
25959
25911
25960
25912
25961
25913
25962
25914
25963
25915
25964
25916
25965
25917
25966
25918
25967
25919
25968
25920
25969
25921
25970
25922
25971
25923
25972
25924
25973
25925
25974
25975
27164
25927
25976
25928
25977
25929
25978
25930
25979
25931
25980
25932
25981
25933
25982
25934
25983
25935
25984
25936
25985
25937
25986
25938
25987
25939
25988
25940
25989
25941
25990
25942
25991
25943
25992
25944
25993
25945
25994
25946
25995
25947
25996
25948
25997
25949
25998
25950
25999
25951
26000
25952
26001
25953
26002
25954
26003
25955
26004
25956
26005
25957
26006
25958
26007
25959
26008
25960
26009
25961
26010
25962
26011
25963
26012
25964
26013
25965
26014
25966
26015
25967
26016
25968
26017
25969
26018
25970
26019
25971
26020
25972
26021
25973
26022
25974
26023
25975
26024
26025
27206
25977
26026
25978
26027
25979
26028
25980
26029
25981
26030
25982
26031
25983
26032
25984
26033
25985
26034
25986
26035
25987
26036
25988
26037
25989
26038
25990
26039
25991
26040
25992
26041
25993
26042
25994
26043
25995
26044
25996
26045
25997
26046
25998
26047
25999
26048
26000
26049
26001
26050
26002
26051
26003
26052
26004
26053
26005
26054
26006
26055
26007
26056
26008
26057
26009
26058
26010
26059
26011
26060
26012
26061
26013
26062
26014
26063
26015
26064
26016
26065
26017
26066
26018
26067
26019
26068
26020
26069
26021
26070
26022
26071
26023
26072
26024
26073
26025
26074
26075
27248
26027
26076
26028
26077
26029
26078
26030
26079
26031
26080
26032
26081
26033
26082
26034
26083
26035
26084
26036
26085
26037
26086
26038
26087
26039
26088
26040
26089
26041
26090
26042
26091
26043
26092
26044
26093
26045
26094
26046
26095
26047
26096
26048
26097
26049
26098
26050
26099
26051
26100
26052
26101
26053
26102
26054
26103
26055
26104
26056
26105
26057
26106
26058
26107
26059
26108
26060
26109
26061
26110
26062
26111
26063
26112
26064
26113
26065
26114
26066
26115
26067
26116
26068
26117
26069
26118
26070
26119
26071
26120
26072
26121
26073
26122
26074
26123
26075
26124
26125
27290
26077
26126
26078
26127
26079
26128
26080
26129
26081
26130
26082
26131
26083
26132
26084
26133
26085
26134
26086
26135
26087
26136
26088
26137
26089
26138
26090
26139
26091
26140
26092
26141
26093
26142
26094
26143
26095
26144
26096
26145
26097
26146
26098
26147
26099
26148
26100
26149
26101
26150
26102
26151
26103
26152
26104
26153
26105
26154
26106
26155
26107
26156
26108
26157
26109
26158
26110
26159
26111
26160
26112
26161
26113
26162
26114
26163
26115
26164
26116
26165
26117
26166
26118
26167
26119
26168
26120
26169
26121
26170
26122
26171
26123
26172
26124
26173
26125
26174
26175
27332
26127
26176
26128
26177
26129
26178
26130
26179
26131
26180
26132
26181
26133
26182
26134
26183
26135
26184
26136
26185
26137
26186
26138
26187
26139
26188
26140
26189
26141
26190
26142
26191
26143
26192
26144
26193
26145
26194
26146
26195
26147
26196
26148
26197
26149
26198
26150
26199
26151
26200
26152
26201
26153
26202
26154
26203
26155
26204
26156
26205
26157
26206
26158
26207
26159
26208
26160
26209
26161
26210
26162
26211
26163
26212
26164
26213
26165
26214
26166
26215
26167
26216
26168
26217
26169
26218
26170
26219
26171
26220
26172
26221
26173
26222
26174
26223
26175
26224
26225
27374
26177
26226
26178
26227
26179
26228
26180
26229
26181
26230
26182
26231
26183
26232
26184
26233
26185
26234
26186
26235
26187
26236
26188
26237
26189
26238
26190
26239
26191
26240
26192
26241
26193
26242
26194
26243
26195
26244
26196
26245
26197
26246
26198
26247
26199
26248
26200
26249
26201
26250
26202
26251
26203
26252
26204
26253
26205
26254
26206
26255
26207
26256
26208
26257
26209
26258
26210
26259
26211
26260
26212
26261
26213
26262
26214
26263
26215
26264
26216
26265
26217
26266
26218
26267
26219
26268
26220
26269
26221
26270
26222
26271
26223
26272
26224
26273
26225
26274
26275
27416
26227
26276
26228
26277
26229
26278
26230
26279
26231
26280
26232
26281
26233
26282
26234
26283
26235
26284
26236
26285
26237
26286
26238
26287
26239
26288
26240
26289
26241
26290
26242
26291
26243
26292
26244
26293
26245
26294
26246
26295
26247
26296
26248
26297
26249
26298
26250
26299
26251
26300
26252
26301
26253
26302
26254
26303
26255
26304
26256
26305
26257
26306
26258
26307
26259
26308
26260
26309
26261
26310
26262
26311
26263
26312
26264
26313
26265
26314
26266
26315
26267
26316
26268
26317
26269
26318
26270
26319
26271
26320
26272
26321
26273
26322
26274
26323
26275
26324
26325
27458
26277
26326
26278
26327
26279
26328
26280
26329
26281
26330
26282
26331
26283
26332
26284
26333
26285
26334
26286
26335
26287
26336
26288
26337
26289
26338
26290
26339
26291
26340
26292
26341
26293
26342
26294
26343
26295
26344
26296
26345
26297
26346
26298
26347
26299
26348
26300
26349
26301
26350
26302
26351
26303
26352
26304
26353
26305
26354
26306
26355
26307
26356
26308
26357
26309
26358
26310
26359
26311
26360
26312
26361
26313
26362
26314
26363
26315
26364
26316
26365
26317
26366
26318
26367
26319
26368
26320
26369
26321
26370
26322
26371
26323
26372
26324
26373
26325
26374
26375
27500
26327
26376
26328
26377
26329
26378
26330
26379
26331
26380
26332
26381
26333
26382
26334
26383
26335
26384
26336
26385
26337
26386
26338
26387
26339
26388
26340
26389
26341
26390
26342
26391
26343
26392
26344
26393
26345
26394
26346
26395
26347
26396
26348
26397
26349
26398
26350
26399
26351
26400
26352
26401
26353
26402
26354
26403
26355
26404
26356
26405
26357
26406
26358
26407
26359
26408
26360
26409
26361
26410
26362
26411
26363
26412
26364
26413
26365
26414
26366
26415
26367
26416
26368
26417
26369
26418
26370
26419
26371
26420
26372
26421
26373
26422
26374
26423
26375
26424
26425
27542
26377
26426
26378
26427
26379
26428
26380
26429
26381
26430
26382
26431
26383
26432
26384
26433
26385
26434
26386
26435
26387
26436
26388
26437
26389
26438
26390
26439
26391
26440
26392
26441
26393
26442
26394
26443
26395
26444
26396
26445
26397
26446
26398
26447
26399
26448
26400
26449
26401
26450
26402
26451
26403
26452
26404
26453
26405
26454
26406
26455
26407
26456
26408
26457
26409
26458
26410
26459
26411
26460
26412
26461
26413
26462
26414
26463
26415
26464
26416
26465
26417
26466
26418
26467
26419
26468
26420
26469
26421
26470
26422
26471
26423
26472
26424
26473
26425
26474
26475
27584
26427
26476
26428
26477
26429
26478
26430
26479
26431
26480
26432
26481
26433
26482
26434
26483
26435
26484
26436
26485
26437
26486
26438
26487
26439
26488
26440
26489
26441
26490
26442
26491
26443
26492
26444
26493
26445
26494
26446
26495
26447
26496
26448
26497
26449
26498
26450
26499
26451
26500
26452
26501
26453
26502
26454
26503
26455
26504
26456
26505
26457
26506
26458
26507
26459
26508
26460
26509
26461
26510
26462
26511
26463
26512
26464
26513
26465
26514
26466
26515
26467
26516
26468
26517
26469
26518
26470
26519
26471
26520
26472
26521
26473
26522
26474
26523
26475
26524
26525
27626
26477
26526
26478
26527
26479
26528
26480
26529
26481
26530
26482
26531
26483
26532
26484
26533
26485
26534
26486
26535
26487
26536
26488
26537
26489
26538
26490
26539
26491
26540
26492
26541
26493
26542
26494
26543
26495
26544
26496
26545
26497
26546
26498
26547
26499
26548
26500
26549
26501
26550
26502
26551
26503
26552
26504
26553
26505
26554
26506
26555
26507
26556
26508
26557
26509
26558
26510
26559
26511
26560
26512
26561
26513
26562
26514
26563
26515
26564
26516
26565
26517
26566
26518
26567
26519
26568
26520
26569
26521
26570
26522
26571
26523
26572
26524
26573
26525
26574
26575
27668
26527
26528
26529
26530
26531
26532
26533
26534
26535
26536
26537
26538
26539
26540
26541
26542
26543
26544
26545
26546
26547
26548
26549
26550
26551
26552
26553
26554
26555
26556
26557
26558
26559
26560
26561
26562
26563
26564
26565
26566
26567
26568
26569
26570
26571
26572
26573
26574
26575
27710
26577
26618
29852
26578
26619
29902
26579
26620
29952
26580
26621
30002
26581
26622
30052
26582
26623
30102
26583
26624
30152
26584
26625
30202
26585
26626
30252
26586
26627
30302
26587
26628
30352
26588
26629
30402
26589
26630
30452
26590
26631
30502
26591
26632
30552
26592
26633
30602
26593
26634
30652
26594
26635
30702
26595
26636
30752
26596
26637
30802
26597
26638
30852
26598
26639
30902
26599
26640
30952
26600
26641
31002
26601
26642
31052
26602
26643
31102
26603
26644
31152
26604
26645
31202
26605
26646
31252
26606
26647
31302
26607
26648
31352
26608
26649
31402
26609
26650
31452
26610
26651
31502
26611
26652
31552
26612
26653
31602
26613
26654
31652
26614
26655
31702
26615
26656
31752
26616
26657
31802
26617
26658
31852
26659
31902
26619
26660
26620
26661
26621
26662
26622
26663
26623
26664
26624
26665
26625
26666
26626
26667
26627
26668
26628
26669
26629
26670
26630
26671
26631
26672
26632
26673
26633
26674
26634
26675
26635
26676
26636
26677
26637
26678
26638
26679
26639
26680
26640
26681
26641
26682
26642
26683
26643
26684
26644
26685
26645
26686
26646
26687
26647
26688
26648
26689
26649
26690
26650
26691
26651
26692
26652
26693
26653
26694
26654
26695
26655
26696
26656
26697
26657
26698
26658
26699
26659
26700
26701
26661
26702
26662
26703
26663
26704
26664
26705
26665
26706
26666
26707
26667
26708
26668
26709
26669
26710
26670
26711
26671
26712
26672
26713
26673
26714
26674
26715
26675
26716
26676
26717
26677
26718
26678
26719
26679
26720
26680
26721
26681
26722
26682
26723
26683
26724
26684
26725
26685
26726
26686
26727
26687
26728
26688
26729
26689
26730
26690
26731
26691
26732
26692
26733
26693
26734
26694
26735
26695
26736
26696
26737
26697
26738
26698
26739
26699
26740
26700
26741
26701
26742
26743
26703
26744
26704
26745
26705
26746
26706
26747
26707
26748
26708
26749
26709
26750
26710
26751
26711
26752
26712
26753
26713
26754
26714
26755
26715
26756
26716
26757
26717
26758
26718
26759
26719
26760
26720
26761
26721
26762
26722
26763
26723
26764
26724
26765
26725
26766
26726
26767
26727
26768
26728
26769
26729
26770
26730
26771
26731
26772
26732
26773
26733
26774
26734
26775
26735
26776
26736
26777
26737
26778
26738
26779
26739
26780
26740
26781
26741
26782
26742
26783
26743
26784
26785
26745
26786
26746
26787
26747
26788
26748
26789
26749
26790
26750
26791
26751
26792
26752
26793
26753
26794
26754
26795
26755
26796
26756
26797
26757
26798
26758
26799
26759
26800
26760
26801
26761
26802
26762
26803
26763
26804
26764
26805
26765
26806
26766
26807
26767
26808
26768
26809
26769
26810
26770
26811
26771
26812
26772
26813
26773
26814
26774
26815
26775
26816
26776
26817
26777
26818
26778
26819
26779
26820
26780
26821
26781
26822
26782
26823
26783
26824
26784
26825
26785
26826
26827
26787
26828
26788
26829
26789
26830
26790
26831
26791
26832
26792
26833
26793
26834
26794
26835
26795
26836
26796
26837
26797
26838
26798
26839
26799
26840
26800
26841
26801
26842
26802
26843
26803
26844
26804
26845
26805
26846
26806
26847
26807
26848
26808
26849
26809
26850
26810
26851
26811
26852
26812
26853
26813
26854
26814
26855
26815
26856
26816
26857
26817
26858
26818
26859
26819
26860
26820
26861
26821
26862
26822
26863
26823
26864
26824
26865
26825
26866
26826
26867
26827
26868
26869
26829
26870
26830
26871
26831
26872
26832
26873
26833
26874
26834
26875
26835
26876
26836
26877
26837
26878
26838
26879
26839
26880
26840
26881
26841
26882
26842
26883
26843
26884
26844
26885
26845
26886
26846
26887
26847
26888
26848
26889
26849
26890
26850
26891
26851
26892
26852
26893
26853
26894
26854
26895
26855
26896
26856
26897
26857
26898
26858
26899
26859
26900
26860
26901
26861
26902
26862
26903
26863
26904
26864
26905
26865
26906
26866
26907
26867
26908
26868
26909
26869
26910
26911
26871
26912
26872
26913
26873
26914
26874
26915
26875
26916
26876
26917
26877
26918
26878
26919
26879
26920
26880
26921
26881
26922
26882
26923
26883
26924
26884
26925
26885
26926
26886
26927
26887
26928
26888
26929
26889
26930
26890
26931
26891
26932
26892
26933
26893
26934
26894
26935
26895
26936
26896
26937
26897
26938
26898
26939
26899
26940
26900
26941
26901
26942
26902
26943
26903
26944
26904
26945
26905
26946
26906
26947
26907
26948
26908
26949
26909
26950
26910
26951
26911
26952
26953
26913
26954
26914
26955
26915
26956
26916
26957
26917
26958
26918
26959
26919
26960
26920
26961
26921
26962
26922
26963
26923
26964
26924
26965
26925
26966
26926
26967
26927
26968
26928
26969
26929
26970
26930
26971
26931
26972
26932
26973
26933
26974
26934
26975
26935
26976
26936
26977
26937
26978
26938
26979
26939
26980
26940
26981
26941
26982
26942
26983
26943
26984
26944
26985
26945
26986
26946
26987
26947
26988
26948
26989
26949
26990
26950
26991
26951
26992
26952
26993
26953
26994
26995
26955
26996
26956
26997
26957
26998
26958
26999
26959
27000
26960
27001
26961
27002
26962
27003
26963
27004
26964
27005
26965
27006
26966
27007
26967
27008
26968
27009
26969
27010
26970
27011
26971
27012
26972
27013
26973
27014
26974
27015
26975
27016
26976
27017
26977
27018
26978
27019
26979
27020
26980
27021
26981
27022
26982
27023
26983
27024
26984
27025
26985
27026
26986
27027
26987
27028
26988
27029
26989
27030
26990
27031
26991
27032
26992
27033
26993
27034
26994
27035
26995
27036
27037
26997
27038
26998
27039
26999
27040
27000
27041
27001
27042
27002
27043
27003
27044
27004
27045
27005
27046
27006
27047
27007
27048
27008
27049
27009
27050
27010
27051
27011
27052
27012
27053
27013
27054
27014
27055
27015
27056
27016
27057
27017
27058
27018
27059
27019
27060
27020
27061
27021
27062
27022
27063
27023
27064
27024
27065
27025
27066
27026
27067
27027
27068
27028
27069
27029
27070
27030
27071
27031
27072
27032
27073
27033
27074
27034
27075
27035
27076
27036
27077
27037
27078
27079
27039
27080
27040
27081
27041
27082
27042
27083
27043
27084
27044
27085
27045
27086
27046
27087
27047
27088
27048
27089
27049
27090
27050
27091
27051
27092
27052
27093
27053
27094
27054
27095
27055
27096
27056
27097
27057
27098
27058
27099
27059
27100
27060
27101
27061
27102
27062
27103
27063
27104
27064
27105
27065
27106
27066
27107
27067
27108
27068
27109
27069
27110
27070
27111
27071
27112
27072
27113
27073
27114
27074
27115
27075
27116
27076
27117
27077
27118
27078
27119
27079
27120
27121
27081
27122
27082
27123
27083
27124
27084
27125
27085
27126
27086
27127
27087
27128
27088
27129
27089
27130
27090
27131
27091
27132
27092
27133
27093
27134
27094
27135
27095
27136
27096
27137
27097
27138
27098
27139
27099
27140
27100
27141
27101
27142
27102
27143
27103
27144
27104
27145
27105
27146
27106
27147
27107
27148
27108
27149
27109
27150
27110
27151
27111
27152
27112
27153
27113
27154
27114
27155
27115
27156
27116
27157
27117
27158
27118
27159
27119
27160
27120
27161
27121
27162
27163
27123
27164
27124
27165
27125
27166
27126
27167
27127
27168
27128
27169
27129
27170
27130
27171
27131
27172
27132
27173
27133
27174
27134
27175
27135
27176
27136
27177
27137
27178
27138
27179
27139
27180
27140
27181
27141
27182
27142
27183
27143
27184
27144
27185
27145
27186
27146
27187
27147
27188
27148
27189
27149
27190
27150
27191
27151
27192
27152
27193
27153
27194
27154
27195
27155
27196
27156
27197
27157
27198
27158
27199
27159
27200
27160
27201
27161
27202
27162
27203
27163
27204
27205
27165
27206
27166
27207
27167
27208
27168
27209
27169
27210
27170
27211
27171
27212
27172
27213
27173
27214
27174
27215
27175
27216
27176
27217
27177
27218
27178
27219
27179
27220
27180
27221
27181
27222
27182
27223
27183
27224
27184
27225
27185
27226
27186
27227
27187
27228
27188
27229
27189
27230
27190
27231
27191
27232
27192
27233
27193
27234
27194
27235
27195
27236
27196
27237
27197
27238
27198
27239
27199
27240
27200
27241
27201
27242
27202
27243
27203
27244
27204
27245
27205
27246
27247
27207
27248
27208
27249
27209
27250
27210
27251
27211
27252
27212
27253
27213
27254
27214
27255
27215
27256
27216
27257
27217
27258
27218
27259
27219
27260
27220
27261
27221
27262
27222
27263
27223
27264
27224
27265
27225
27266
27226
27267
27227
27268
27228
27269
27229
27270
27230
27271
27231
27272
27232
27273
27233
27274
27234
27275
27235
27276
27236
27277
27237
27278
27238
27279
27239
27280
27240
27281
27241
27282
27242
27283
27243
27284
27244
27285
27245
27286
27246
27287
27247
27288
27289
27249
27290
27250
27291
27251
27292
27252
27293
27253
27294
27254
27295
27255
27296
27256
27297
27257
27298
27258
27299
27259
27300
27260
27301
27261
27302
27262
27303
27263
27304
27264
27305
27265
27306
27266
27307
27267
27308
27268
27309
27269
27310
27270
27311
27271
27312
27272
27313
27273
27314
27274
27315
27275
27316
27276
27317
27277
27318
27278
27319
27279
27320
27280
27321
27281
27322
27282
27323
27283
27324
27284
27325
27285
27326
27286
27327
27287
27328
27288
27329
27289
27330
27331
27291
27332
27292
27333
27293
27334
27294
27335
27295
27336
27296
27337
27297
27338
27298
27339
27299
27340
27300
27341
27301
27342
27302
27343
27303
27344
27304
27345
27305
27346
27306
27347
27307
27348
27308
27349
27309
27350
27310
27351
27311
27352
27312
27353
27313
27354
27314
27355
27315
27356
27316
27357
27317
27358
27318
27359
27319
27360
27320
27361
27321
27362
27322
27363
27323
27364
27324
27365
27325
27366
27326
27367
27327
27368
27328
27369
27329
27370
27330
27371
27331
27372
27373
27333
27374
27334
27375
27335
27376
27336
27377
27337
27378
27338
27379
27339
27380
27340
27381
27341
27382
27342
27383
27343
27384
27344
27385
27345
27386
27346
27387
27347
27388
27348
27389
27349
27390
27350
27391
27351
27392
27352
27393
27353
27394
27354
27395
27355
27396
27356
27397
27357
27398
27358
27399
27359
27400
27360
27401
27361
27402
27362
27403
27363
27404
27364
27405
27365
27406
27366
27407
27367
27408
27368
27409
27369
27410
27370
27411
27371
27412
27372
27413
27373
27414
27415
27375
27416
27376
27417
27377
27418
27378
27419
27379
27420
27380
27421
27381
27422
27382
27423
27383
27424
27384
27425
27385
27426
27386
27427
27387
27428
27388
27429
27389
27430
27390
27431
27391
27432
27392
27433
27393
27434
27394
27435
27395
27436
27396
27437
27397
27438
27398
27439
27399
27440
27400
27441
27401
27442
27402
27443
27403
27444
27404
27445
27405
27446
27406
27447
27407
27448
27408
27449
27409
27450
27410
27451
27411
27452
27412
27453
27413
27454
27414
27455
27415
27456
27457
27417
27458
27418
27459
27419
27460
27420
27461
27421
27462
27422
27463
27423
27464
27424
27465
27425
27466
27426
27467
27427
27468
27428
27469
27429
27470
27430
27471
27431
27472
27432
27473
27433
27474
27434
27475
27435
27476
27436
27477
27437
27478
27438
27479
27439
27480
27440
27481
27441
27482
27442
27483
27443
27484
27444
27485
27445
27486
27446
27487
27447
27488
27448
27489
27449
27490
27450
27491
27451
27492
27452
27493
27453
27494
27454
27495
27455
27496
27456
27497
27457
27498
27499
27459
27500
27460
27501
27461
27502
27462
27503
27463
27504
27464
27505
27465
27506
27466
27507
27467
27508
27468
27509
27469
27510
27470
27511
27471
27512
27472
27513
27473
27514
27474
27515
27475
27516
27476
27517
27477
27518
27478
27519
27479
27520
27480
27521
27481
27522
27482
27523
27483
27524
27484
27525
27485
27526
27486
27527
27487
27528
27488
27529
27489
27530
27490
27531
27491
27532
27492
27533
27493
27534
27494
27535
27495
27536
27496
27537
27497
27538
27498
27539
27499
27540
27541
27501
27542
27502
27543
27503
27544
27504
27545
27505
27546
27506
27547
27507
27548
27508
27549
27509
27550
27510
27551
27511
27552
27512
27553
27513
27554
27514
27555
27515
27556
27516
27557
27517
27558
27518
27559
27519
27560
27520
27561
27521
27562
27522
27563
27523
27564
27524
27565
27525
27566
27526
27567
27527
27568
27528
27569
27529
27570
27530
27571
27531
27572
27532
27573
27533
27574
27534
27575
27535
27576
27536
27577
27537
27578
27538
27579
27539
27580
27540
27581
27541
27582
27583
27543
27584
27544
27585
27545
27586
27546
27587
27547
27588
27548
27589
27549
27590
27550
27591
27551
27592
27552
27593
27553
27594
27554
27595
27555
27596
27556
27597
27557
27598
27558
27599
27559
27600
27560
27601
27561
27602
27562
27603
27563
27604
27564
27605
27565
27606
27566
27607
27567
27608
27568
27609
27569
27610
27570
27611
27571
27612
27572
27613
27573
27614
27574
27615
27575
27616
27576
27617
27577
27618
27578
27619
27579
27620
27580
27621
27581
27622
27582
27623
27583
27624
27625
27585
27626
27586
27627
27587
27628
27588
27629
27589
27630
27590
27631
27591
27632
27592
27633
27593
27634
27594
27635
27595
27636
27596
27637
27597
27638
27598
27639
27599
27640
27600
27641
27601
27642
27602
27643
27603
27644
27604
27645
27605
27646
27606
27647
27607
27648
27608
27649
27609
27650
27610
27651
27611
27652
27612
27653
27613
27654
27614
27655
27615
27656
27616
27657
27617
27658
27618
27659
27619
27660
27620
27661
27621
27662
27622
27663
27623
27664
27624
27665
27625
27666
27667
27627
27668
27628
27669
27629
27670
27630
27671
27631
27672
27632
27673
27633
27674
27634
27675
27635
27676
27636
27677
27637
27678
27638
27679
27639
27680
27640
27681
27641
27682
27642
27683
27643
27684
27644
27685
27645
27686
27646
27687
27647
27688
27648
27689
27649
27690
27650
27691
27651
27692
27652
27693
27653
27694
27654
27695
27655
27696
27656
27697
27657
27698
27658
27699
27659
27700
27660
27701
27661
27702
27662
27703
27663
27704
27664
27705
27665
27706
27666
27707
27667
27708
27709
27669
27710
27670
27711
27671
27712
27672
27713
27673
27714
27674
27715
27675
27716
27676
27717
27677
27718
27678
27719
27679
27720
27680
27721
27681
27722
27682
27723
27683
27724
27684
27725
27685
27726
27686
27727
27687
27728
27688
27729
27689
27730
27690
27731
27691
27732
27692
27733
27693
27734
27694
27735
27695
27736
27696
27737
27697
27738
27698
27739
27699
27740
27700
27741
27701
27742
27702
27743
27703
27744
27704
27745
27705
27746
27706
27747
27707
27748
27708
27749
27709
27750
27751
27711
27712
27713
27714
27715
27716
27717
27718
27719
27720
27721
27722
27723
27724
27725
27726
27727
27728
27729
27730
27731
27732
27733
27734
27735
27736
27737
27738
27739
27740
27741
27742
27743
27744
27745
27746
27747
27748
27749
27750
27751
27753
27802
27754
27803
27755
27804
27756
27805
27757
27806
27758
27807
27759
27808
27760
27809
27761
27810
27762
27811
27763
27812
27764
27813
27765
27814
27766
27815
27767
27816
27768
27817
27769
27818
27770
27819
27771
27820
27772
27821
27773
27822
27774
27823
27775
27824
27776
27825
27777
27826
27778
27827
27779
27828
27780
27829
27781
27830
27782
27831
27783
27832
27784
27833
27785
27834
27786
27835
27787
27836
27788
27837
27789
27838
27790
27839
27791
27840
27792
27841
27793
27842
27794
27843
27795
27844
27796
27845
27797
27846
27798
27847
27799
27848
27800
27849
27801
27850
27851
31952
27803
27852
27804
27853
27805
27854
27806
27855
27807
27856
27808
27857
27809
27858
27810
27859
27811
27860
27812
27861
27813
27862
27814
27863
27815
27864
27816
27865
27817
27866
27818
27867
27819
27868
27820
27869
27821
27870
27822
27871
27823
27872
27824
27873
27825
27874
27826
27875
27827
27876
27828
27877
27829
27878
27830
27879
27831
27880
27832
27881
27833
27882
27834
27883
27835
27884
27836
27885
27837
27886
27838
27887
27839
27888
27840
27889
27841
27890
27842
27891
27843
27892
27844
27893
27845
27894
27846
27895
27847
27896
27848
27897
27849
27898
27850
27899
27851
27900
27901
32029
27853
27902
27854
27903
27855
27904
27856
27905
27857
27906
27858
27907
27859
27908
27860
27909
27861
27910
27862
27911
27863
27912
27864
27913
27865
27914
27866
27915
27867
27916
27868
27917
27869
27918
27870
27919
27871
27920
27872
27921
27873
27922
27874
27923
27875
27924
27876
27925
27877
27926
27878
27927
27879
27928
27880
27929
27881
27930
27882
27931
27883
27932
27884
27933
27885
27934
27886
27935
27887
27936
27888
27937
27889
27938
27890
27939
27891
27940
27892
27941
27893
27942
27894
27943
27895
27944
27896
27945
27897
27946
27898
27947
27899
27948
27900
27949
27901
27950
27951
32106
27903
27952
27904
27953
27905
27954
27906
27955
27907
27956
27908
27957
27909
27958
27910
27959
27911
27960
27912
27961
27913
27962
27914
27963
27915
27964
27916
27965
27917
27966
27918
27967
27919
27968
27920
27969
27921
27970
27922
27971
27923
27972
27924
27973
27925
27974
27926
27975
27927
27976
27928
27977
27929
27978
27930
27979
27931
27980
27932
27981
27933
27982
27934
27983
27935
27984
27936
27985
27937
27986
27938
27987
27939
27988
27940
27989
27941
27990
27942
27991
27943
27992
27944
27993
27945
27994
27946
27995
27947
27996
27948
27997
27949
27998
27950
27999
27951
28000
28001
32183
27953
28002
27954
28003
27955
28004
27956
28005
27957
28006
27958
28007
27959
28008
27960
28009
27961
28010
27962
28011
27963
28012
27964
28013
27965
28014
27966
28015
27967
28016
27968
28017
27969
28018
27970
28019
27971
28020
27972
28021
27973
28022
27974
28023
27975
28024
27976
28025
27977
28026
27978
28027
27979
28028
27980
28029
27981
28030
27982
28031
27983
28032
27984
28033
27985
28034
27986
28035
27987
28036
27988
28037
27989
28038
27990
28039
27991
28040
27992
28041
27993
28042
27994
28043
27995
28044
27996
28045
27997
28046
27998
28047
27999
28048
28000
28049
28001
28050
28051
32260
28003
28052
28004
28053
28005
28054
28006
28055
28007
28056
28008
28057
28009
28058
28010
28059
28011
28060
28012
28061
28013
28062
28014
28063
28015
28064
28016
28065
28017
28066
28018
28067
28019
28068
28020
28069
28021
28070
28022
28071
28023
28072
28024
28073
28025
28074
28026
28075
28027
28076
28028
28077
28029
28078
28030
28079
28031
28080
28032
28081
28033
28082
28034
28083
28035
28084
28036
28085
28037
28086
28038
28087
28039
28088
28040
28089
28041
28090
28042
28091
28043
28092
28044
28093
28045
28094
28046
28095
28047
28096
28048
28097
28049
28098
28050
28099
28051
28100
28101
32337
28053
28102
28054
28103
28055
28104
28056
28105
28057
28106
28058
28107
28059
28108
28060
28109
28061
28110
28062
28111
28063
28112
28064
28113
28065
28114
28066
28115
28067
28116
28068
28117
28069
28118
28070
28119
28071
28120
28072
28121
28073
28122
28074
28123
28075
28124
28076
28125
28077
28126
28078
28127
28079
28128
28080
28129
28081
28130
28082
28131
28083
28132
28084
28133
28085
28134
28086
28135
28087
28136
28088
28137
28089
28138
28090
28139
28091
28140
28092
28141
28093
28142
28094
28143
28095
28144
28096
28145
28097
28146
28098
28147
28099
28148
28100
28149
28101
28150
28151
32414
28103
28152
28104
28153
28105
28154
28106
28155
28107
28156
28108
28157
28109
28158
28110
28159
28111
28160
28112
28161
28113
28162
28114
28163
28115
28164
28116
28165
28117
28166
28118
28167
28119
28168
28120
28169
28121
28170
28122
28171
28123
28172
28124
28173
28125
28174
28126
28175
28127
28176
28128
28177
28129
28178
28130
28179
28131
28180
28132
28181
28133
28182
28134
28183
28135
28184
28136
28185
28137
28186
28138
28187
28139
28188
28140
28189
28141
28190
28142
28191
28143
28192
28144
28193
28145
28194
28146
28195
28147
28196
28148
28197
28149
28198
28150
28199
28151
28200
28201
32491
28153
28202
28154
28203
28155
28204
28156
28205
28157
28206
28158
28207
28159
28208
28160
28209
28161
28210
28162
28211
28163
28212
28164
28213
28165
28214
28166
28215
28167
28216
28168
28217
28169
28218
28170
28219
28171
28220
28172
28221
28173
28222
28174
28223
28175
28224
28176
28225
28177
28226
28178
28227
28179
28228
28180
28229
28181
28230
28182
28231
28183
28232
28184
28233
28185
28234
28186
28235
28187
28236
28188
28237
28189
28238
28190
28239
28191
28240
28192
28241
28193
28242
28194
28243
28195
28244
28196
28245
28197
28246
28198
28247
28199
28248
28200
28249
28201
28250
28251
32568
28203
28252
28204
28253
28205
28254
28206
28255
28207
28256
28208
28257
28209
28258
28210
28259
28211
28260
28212
28261
28213
28262
28214
28263
28215
28264
28216
28265
28217
28266
28218
28267
28219
28268
28220
28269
28221
28270
28222
28271
28223
28272
28224
28273
28225
28274
28226
28275
28227
28276
28228
28277
28229
28278
28230
28279
28231
28280
28232
28281
28233
28282
28234
28283
28235
28284
28236
28285
28237
28286
28238
28287
28239
28288
28240
28289
28241
28290
28242
28291
28243
28292
28244
28293
28245
28294
28246
28295
28247
28296
28248
28297
28249
28298
28250
28299
28251
28300
28301
32645
28253
28302
28254
28303
28255
28304
28256
28305
28257
28306
28258
28307
28259
28308
28260
28309
28261
28310
28262
28311
28263
28312
28264
28313
28265
28314
28266
28315
28267
28316
28268
28317
28269
28318
28270
28319
28271
28320
28272
28321
28273
28322
28274
28323
28275
28324
28276
28325
28277
28326
28278
28327
28279
28328
28280
28329
28281
28330
28282
28331
28283
28332
28284
28333
28285
28334
28286
28335
28287
28336
28288
28337
28289
28338
28290
28339
28291
28340
28292
28341
28293
28342
28294
28343
28295
28344
28296
28345
28297
28346
28298
28347
28299
28348
28300
28349
28301
28350
28351
32722
28303
28352
28304
28353
28305
28354
28306
28355
28307
28356
28308
28357
28309
28358
28310
28359
28311
28360
28312
28361
28313
28362
28314
28363
28315
28364
28316
28365
28317
28366
28318
28367
28319
28368
28320
28369
28321
28370
28322
28371
28323
28372
28324
28373
28325
28374
28326
28375
28327
28376
28328
28377
28329
28378
28330
28379
28331
28380
28332
28381
28333
28382
28334
28383
28335
28384
28336
28385
28337
28386
28338
28387
28339
28388
28340
28389
28341
28390
28342
28391
28343
28392
28344
28393
28345
28394
28346
28395
28347
28396
28348
28397
28349
28398
28350
28399
28351
28400
28401
32799
28353
28402
28354
28403
28355
28404
28356
28405
28357
28406
28358
28407
28359
28408
28360
28409
28361
28410
28362
28411
28363
28412
28364
28413
28365
28414
28366
28415
28367
28416
28368
28417
28369
28418
28370
28419
28371
28420
28372
28421
28373
28422
28374
28423
28375
28424
28376
28425
28377
28426
28378
28427
28379
28428
28380
28429
28381
28430
28382
28431
28383
28432
28384
28433
28385
28434
28386
28435
28387
28436
28388
28437
28389
28438
28390
28439
28391
28440
28392
28441
28393
28442
28394
28443
28395
28444
28396
28445
28397
28446
28398
28447
28399
28448
28400
28449
28401
28450
28451
32876
28403
28452
28404
28453
28405
28454
28406
28455
28407
28456
28408
28457
28409
28458
28410
28459
28411
28460
28412
28461
28413
28462
28414
28463
28415
28464
28416
28465
28417
28466
28418
28467
28419
28468
28420
28469
28421
28470
28422
28471
28423
28472
28424
28473
28425
28474
28426
28475
28427
28476
28428
28477
28429
28478
28430
28479
28431
28480
28432
28481
28433
28482
28434
28483
28435
28484
28436
28485
28437
28486
28438
28487
28439
28488
28440
28489
28441
28490
28442
28491
28443
28492
28444
28493
28445
28494
28446
28495
28447
28496
28448
28497
28449
28498
28450
28499
28451
28500
28501
32953
28453
28502
28454
28503
28455
28504
28456
28505
28457
28506
28458
28507
28459
28508
28460
28509
28461
28510
28462
28511
28463
28512
28464
28513
28465
28514
28466
28515
28467
28516
28468
28517
28469
28518
28470
28519
28471
28520
28472
28521
28473
28522
28474
28523
28475
28524
28476
28525
28477
28526
28478
28527
28479
28528
28480
28529
28481
28530
28482
28531
28483
28532
28484
28533
28485
28534
28486
28535
28487
28536
28488
28537
28489
28538
28490
28539
28491
28540
28492
28541
28493
28542
28494
28543
28495
28544
28496
28545
28497
28546
28498
28547
28499
28548
28500
28549
28501
28550
28551
33030
28503
28552
28504
28553
28505
28554
28506
28555
28507
28556
28508
28557
28509
28558
28510
28559
28511
28560
28512
28561
28513
28562
28514
28563
28515
28564
28516
28565
28517
28566
28518
28567
28519
28568
28520
28569
28521
28570
28522
28571
28523
28572
28524
28573
28525
28574
28526
28575
28527
28576
28528
28577
28529
28578
28530
28579
28531
28580
28532
28581
28533
28582
28534
28583
28535
28584
28536
28585
28537
28586
28538
28587
28539
28588
28540
28589
28541
28590
28542
28591
28543
28592
28544
28593
28545
28594
28546
28595
28547
28596
28548
28597
28549
28598
28550
28599
28551
28600
28601
33107
28553
28602
28554
28603
28555
28604
28556
28605
28557
28606
28558
28607
28559
28608
28560
28609
28561
28610
28562
28611
28563
28612
28564
28613
28565
28614
28566
28615
28567
28616
28568
28617
28569
28618
28570
28619
28571
28620
28572
28621
28573
28622
28574
28623
28575
28624
28576
28625
28577
28626
28578
28627
28579
28628
28580
28629
28581
28630
28582
28631
28583
28632
28584
28633
28585
28634
28586
28635
28587
28636
28588
28637
28589
28638
28590
28639
28591
28640
28592
28641
28593
28642
28594
28643
28595
28644
28596
28645
28597
28646
28598
28647
28599
28648
28600
28649
28601
28650
28651
33184
28603
28652
28604
28653
28605
28654
28606
28655
28607
28656
28608
28657
28609
28658
28610
28659
28611
28660
28612
28661
28613
28662
28614
28663
28615
28664
28616
28665
28617
28666
28618
28667
28619
28668
28620
28669
28621
28670
28622
28671
28623
28672
28624
28673
28625
28674
28626
28675
28627
28676
28628
28677
28629
28678
28630
28679
28631
28680
28632
28681
28633
28682
28634
28683
28635
28684
28636
28685
28637
28686
28638
28687
28639
28688
28640
28689
28641
28690
28642
28691
28643
28692
28644
28693
28645
28694
28646
28695
28647
28696
28648
28697
28649
28698
28650
28699
28651
28700
28701
33261
28653
28702
28654
28703
28655
28704
28656
28705
28657
28706
28658
28707
28659
28708
28660
28709
28661
28710
28662
28711
28663
28712
28664
28713
28665
28714
28666
28715
28667
28716
28668
28717
28669
28718
28670
28719
28671
28720
28672
28721
28673
28722
28674
28723
28675
28724
28676
28725
28677
28726
28678
28727
28679
28728
28680
28729
28681
28730
28682
28731
28683
28732
28684
28733
28685
28734
28686
28735
28687
28736
28688
28737
28689
28738
28690
28739
28691
28740
28692
28741
28693
28742
28694
28743
28695
28744
28696
28745
28697
28746
28698
28747
28699
28748
28700
28749
28701
28750
28751
33338
28703
28752
28704
28753
28705
28754
28706
28755
28707
28756
28708
28757
28709
28758
28710
28759
28711
28760
28712
28761
28713
28762
28714
28763
28715
28764
28716
28765
28717
28766
28718
28767
28719
28768
28720
28769
28721
28770
28722
28771
28723
28772
28724
28773
28725
28774
28726
28775
28727
28776
28728
28777
28729
28778
28730
28779
28731
28780
28732
28781
28733
28782
28734
28783
28735
28784
28736
28785
28737
28786
28738
28787
28739
28788
28740
28789
28741
28790
28742
28791
28743
28792
28744
28793
28745
28794
28746
28795
28747
28796
28748
28797
28749
28798
28750
28799
28751
28800
28801
33415
28753
28802
28754
28803
28755
28804
28756
28805
28757
28806
28758
28807
28759
28808
28760
28809
28761
28810
28762
28811
28763
28812
28764
28813
28765
28814
28766
28815
28767
28816
28768
28817
28769
28818
28770
28819
28771
28820
28772
28821
28773
28822
28774
28823
28775
28824
28776
28825
28777
28826
28778
28827
28779
28828
28780
28829
28781
28830
28782
28831
28783
28832
28784
28833
28785
28834
28786
28835
28787
28836
28788
28837
28789
28838
28790
28839
28791
28840
28792
28841
28793
28842
28794
28843
28795
28844
28796
28845
28797
28846
28798
28847
28799
28848
28800
28849
28801
28850
28851
33492
28803
28852
28804
28853
28805
28854
28806
28855
28807
28856
28808
28857
28809
28858
28810
28859
28811
28860
28812
28861
28813
28862
28814
28863
28815
28864
28816
28865
28817
28866
28818
28867
28819
28868
28820
28869
28821
28870
28822
28871
28823
28872
28824
28873
28825
28874
28826
28875
28827
28876
28828
28877
28829
28878
28830
28879
28831
28880
28832
28881
28833
28882
28834
28883
28835
28884
28836
28885
28837
28886
28838
28887
28839
28888
28840
28889
28841
28890
28842
28891
28843
28892
28844
28893
28845
28894
28846
28895
28847
28896
28848
28897
28849
28898
28850
28899
28851
28900
28901
33569
28853
28902
28854
28903
28855
28904
28856
28905
28857
28906
28858
28907
28859
28908
28860
28909
28861
28910
28862
28911
28863
28912
28864
28913
28865
28914
28866
28915
28867
28916
28868
28917
28869
28918
28870
28919
28871
28920
28872
28921
28873
28922
28874
28923
28875
28924
28876
28925
28877
28926
28878
28927
28879
28928
28880
28929
28881
28930
28882
28931
28883
28932
28884
28933
28885
28934
28886
28935
28887
28936
28888
28937
28889
28938
28890
28939
28891
28940
28892
28941
28893
28942
28894
28943
28895
28944
28896
28945
28897
28946
28898
28947
28899
28948
28900
28949
28901
28950
28951
33646
28903
28952
28904
28953
28905
28954
28906
28955
28907
28956
28908
28957
28909
28958
28910
28959
28911
28960
28912
28961
28913
28962
28914
28963
28915
28964
28916
28965
28917
28966
28918
28967
28919
28968
28920
28969
28921
28970
28922
28971
28923
28972
28924
28973
28925
28974
28926
28975
28927
28976
28928
28977
28929
28978
28930
28979
28931
28980
28932
28981
28933
28982
28934
28983
28935
28984
28936
28985
28937
28986
28938
28987
28939
28988
28940
28989
28941
28990
28942
28991
28943
28992
28944
28993
28945
28994
28946
28995
28947
28996
28948
28997
28949
28998
28950
28999
28951
29000
29001
33723
28953
29002
28954
29003
28955
29004
28956
29005
28957
29006
28958
29007
28959
29008
28960
29009
28961
29010
28962
29011
28963
29012
28964
29013
28965
29014
28966
29015
28967
29016
28968
29017
28969
29018
28970
29019
28971
29020
28972
29021
28973
29022
28974
29023
28975
29024
28976
29025
28977
29026
28978
29027
28979
29028
28980
29029
28981
29030
28982
29031
28983
29032
28984
29033
28985
29034
28986
29035
28987
29036
28988
29037
28989
29038
28990
29039
28991
29040
28992
29041
28993
29042
28994
29043
28995
29044
28996
29045
28997
29046
28998
29047
28999
29048
29000
29049
29001
29050
29051
33800
29003
29052
29004
29053
29005
29054
29006
29055
29007
29056
29008
29057
29009
29058
29010
29059
29011
29060
29012
29061
29013
29062
29014
29063
29015
29064
29016
29065
29017
29066
29018
29067
29019
29068
29020
29069
29021
29070
29022
29071
29023
29072
29024
29073
29025
29074
29026
29075
29027
29076
29028
29077
29029
29078
29030
29079
29031
29080
29032
29081
29033
29082
29034
29083
29035
29084
29036
29085
29037
29086
29038
29087
29039
29088
29040
29089
29041
29090
29042
29091
29043
29092
29044
29093
29045
29094
29046
29095
29047
29096
29048
29097
29049
29098
29050
29099
29051
29100
29101
33877
29053
29102
29054
29103
29055
29104
29056
29105
29057
29106
29058
29107
29059
29108
29060
29109
29061
29110
29062
29111
29063
29112
29064
29113
29065
29114
29066
29115
29067
29116
29068
29117
29069
29118
29070
29119
29071
29120
29072
29121
29073
29122
29074
29123
29075
29124
29076
29125
29077
29126
29078
29127
29079
29128
29080
29129
29081
29130
29082
29131
29083
29132
29084
29133
29085
29134
29086
29135
29087
29136
29088
29137
29089
29138
29090
29139
29091
29140
29092
29141
29093
29142
29094
29143
29095
29144
29096
29145
29097
29146
29098
29147
29099
29148
29100
29149
29101
29150
29151
33954
29103
29152
29104
29153
29105
29154
29106
29155
29107
29156
29108
29157
29109
29158
29110
29159
29111
29160
29112
29161
29113
29162
29114
29163
29115
29164
29116
29165
29117
29166
29118
29167
29119
29168
29120
29169
29121
29170
29122
29171
29123
29172
29124
29173
29125
29174
29126
29175
29127
29176
29128
29177
29129
29178
29130
29179
29131
29180
29132
29181
29133
29182
29134
29183
29135
29184
29136
29185
29137
29186
29138
29187
29139
29188
29140
29189
29141
29190
29142
29191
29143
29192
29144
29193
29145
29194
29146
29195
29147
29196
29148
29197
29149
29198
29150
29199
29151
29200
29201
34031
29153
29202
29154
29203
29155
29204
29156
29205
29157
29206
29158
29207
29159
29208
29160
29209
29161
29210
29162
29211
29163
29212
29164
29213
29165
29214
29166
29215
29167
29216
29168
29217
29169
29218
29170
29219
29171
29220
29172
29221
29173
29222
29174
29223
29175
29224
29176
29225
29177
29226
29178
29227
29179
29228
29180
29229
29181
29230
29182
29231
29183
29232
29184
29233
29185
29234
29186
29235
29187
29236
29188
29237
29189
29238
29190
29239
29191
29240
29192
29241
29193
29242
29194
29243
29195
29244
29196
29245
29197
29246
29198
29247
29199
29248
29200
29249
29201
29250
29251
34108
29203
29252
29204
29253
29205
29254
29206
29255
29207
29256
29208
29257
29209
29258
29210
29259
29211
29260
29212
29261
29213
29262
29214
29263
29215
29264
29216
29265
29217
29266
29218
29267
29219
29268
29220
29269
29221
29270
29222
29271
29223
29272
29224
29273
29225
29274
29226
29275
29227
29276
29228
29277
29229
29278
29230
29279
29231
29280
29232
29281
29233
29282
29234
29283
29235
29284
29236
29285
29237
29286
29238
29287
29239
29288
29240
29289
29241
29290
29242
29291
29243
29292
29244
29293
29245
29294
29246
29295
29247
29296
29248
29297
29249
29298
29250
29299
29251
29300
29301
34185
29253
29302
29254
29303
29255
29304
29256
29305
29257
29306
29258
29307
29259
29308
29260
29309
29261
29310
29262
29311
29263
29312
29264
29313
29265
29314
29266
29315
29267
29316
29268
29317
29269
29318
29270
29319
29271
29320
29272
29321
29273
29322
29274
29323
29275
29324
29276
29325
29277
29326
29278
29327
29279
29328
29280
29329
29281
29330
29282
29331
29283
29332
29284
29333
29285
29334
29286
29335
29287
29336
29288
29337
29289
29338
29290
29339
29291
29340
29292
29341
29293
29342
29294
29343
29295
29344
29296
29345
29297
29346
29298
29347
29299
29348
29300
29349
29301
29350
29351
34262
29303
29352
29304
29353
29305
29354
29306
29355
29307
29356
29308
29357
29309
29358
29310
29359
29311
29360
29312
29361
29313
29362
29314
29363
29315
29364
29316
29365
29317
29366
29318
29367
29319
29368
29320
29369
29321
29370
29322
29371
29323
29372
29324
29373
29325
29374
29326
29375
29327
29376
29328
29377
29329
29378
29330
29379
29331
29380
29332
29381
29333
29382
29334
29383
29335
29384
29336
29385
29337
29386
29338
29387
29339
29388
29340
29389
29341
29390
29342
29391
29343
29392
29344
29393
29345
29394
29346
29395
29347
29396
29348
29397
29349
29398
29350
29399
29351
29400
29401
34339
29353
29402
29354
29403
29355
29404
29356
29405
29357
29406
29358
29407
29359
29408
29360
29409
29361
29410
29362
29411
29363
29412
29364
29413
29365
29414
29366
29415
29367
29416
29368
29417
29369
29418
29370
29419
29371
29420
29372
29421
29373
29422
29374
29423
29375
29424
29376
29425
29377
29426
29378
29427
29379
29428
29380
29429
29381
29430
29382
29431
29383
29432
29384
29433
29385
29434
29386
29435
29387
29436
29388
29437
29389
29438
29390
29439
29391
29440
29392
29441
29393
29442
29394
29443
29395
29444
29396
29445
29397
29446
29398
29447
29399
29448
29400
29449
29401
29450
29451
34416
29403
29452
29404
29453
29405
29454
29406
29455
29407
29456
29408
29457
29409
29458
29410
29459
29411
29460
29412
29461
29413
29462
29414
29463
29415
29464
29416
29465
29417
29466
29418
29467
29419
29468
29420
29469
29421
29470
29422
29471
29423
29472
29424
29473
29425
29474
29426
29475
29427
29476
29428
29477
29429
29478
29430
29479
29431
29480
29432
29481
29433
29482
29434
29483
29435
29484
29436
29485
29437
29486
29438
29487
29439
29488
29440
29489
29441
29490
29442
29491
29443
29492
29444
29493
29445
29494
29446
29495
29447
29496
29448
29497
29449
29498
29450
29499
29451
29500
29501
34493
29453
29502
29454
29503
29455
29504
29456
29505
29457
29506
29458
29507
29459
29508
29460
29509
29461
29510
29462
29511
29463
29512
29464
29513
29465
29514
29466
29515
29467
29516
29468
29517
29469
29518
29470
29519
29471
29520
29472
29521
29473
29522
29474
29523
29475
29524
29476
29525
29477
29526
29478
29527
29479
29528
29480
29529
29481
29530
29482
29531
29483
29532
29484
29533
29485
29534
29486
29535
29487
29536
29488
29537
29489
29538
29490
29539
29491
29540
29492
29541
29493
29542
29494
29543
29495
29544
29496
29545
29497
29546
29498
29547
29499
29548
29500
29549
29501
29550
29551
34570
29503
29552
29504
29553
29505
29554
29506
29555
29507
29556
29508
29557
29509
29558
29510
29559
29511
29560
29512
29561
29513
29562
29514
29563
29515
29564
29516
29565
29517
29566
29518
29567
29519
29568
29520
29569
29521
29570
29522
29571
29523
29572
29524
29573
29525
29574
29526
29575
29527
29576
29528
29577
29529
29578
29530
29579
29531
29580
29532
29581
29533
29582
29534
29583
29535
29584
29536
29585
29537
29586
29538
29587
29539
29588
29540
29589
29541
29590
29542
29591
29543
29592
29544
29593
29545
29594
29546
29595
29547
29596
29548
29597
29549
29598
29550
29599
29551
29600
29601
34647
29553
29602
29554
29603
29555
29604
29556
29605
29557
29606
29558
29607
29559
29608
29560
29609
29561
29610
29562
29611
29563
29612
29564
29613
29565
29614
29566
29615
29567
29616
29568
29617
29569
29618
29570
29619
29571
29620
29572
29621
29573
29622
29574
29623
29575
29624
29576
29625
29577
29626
29578
29627
29579
29628
29580
29629
29581
29630
29582
29631
29583
29632
29584
29633
29585
29634
29586
29635
29587
29636
29588
29637
29589
29638
29590
29639
29591
29640
29592
29641
29593
29642
29594
29643
29595
29644
29596
29645
29597
29646
29598
29647
29599
29648
29600
29649
29601
29650
29651
34724
29603
29652
29604
29653
29605
29654
29606
29655
29607
29656
29608
29657
29609
29658
29610
29659
29611
29660
29612
29661
29613
29662
29614
29663
29615
29664
29616
29665
29617
29666
29618
29667
29619
29668
29620
29669
29621
29670
29622
29671
29623
29672
29624
29673
29625
29674
29626
29675
29627
29676
29628
29677
29629
29678
29630
29679
29631
29680
29632
29681
29633
29682
29634
29683
29635
29684
29636
29685
29637
29686
29638
29687
29639
29688
29640
29689
29641
29690
29642
29691
29643
29692
29644
29693
29645
29694
29646
29695
29647
29696
29648
29697
29649
29698
29650
29699
29651
29700
29701
34801
29653
29702
29654
29703
29655
29704
29656
29705
29657
29706
29658
29707
29659
29708
29660
29709
29661
29710
29662
29711
29663
29712
29664
29713
29665
29714
29666
29715
29667
29716
29668
29717
29669
29718
29670
29719
29671
29720
29672
29721
29673
29722
29674
29723
29675
29724
29676
29725
29677
29726
29678
29727
29679
29728
29680
29729
29681
29730
29682
29731
29683
29732
29684
29733
29685
29734
29686
29735
29687
29736
29688
29737
29689
29738
29690
29739
29691
29740
29692
29741
29693
29742
29694
29743
29695
29744
29696
29745
29697
29746
29698
29747
29699
29748
29700
29749
29701
29750
29751
34878
29703
29752
29704
29753
29705
29754
29706
29755
29707
29756
29708
29757
29709
29758
29710
29759
29711
29760
29712
29761
29713
29762
29714
29763
29715
29764
29716
29765
29717
29766
29718
29767
29719
29768
29720
29769
29721
29770
29722
29771
29723
29772
29724
29773
29725
29774
29726
29775
29727
29776
29728
29777
29729
29778
29730
29779
29731
29780
29732
29781
29733
29782
29734
29783
29735
29784
29736
29785
29737
29786
29738
29787
29739
29788
29740
29789
29741
29790
29742
29791
29743
29792
29744
29793
29745
29794
29746
29795
29747
29796
29748
29797
29749
29798
29750
29799
29751
29800
29801
34955
29753
29802
29754
29803
29755
29804
29756
29805
29757
29806
29758
29807
29759
29808
29760
29809
29761
29810
29762
29811
29763
29812
29764
29813
29765
29814
29766
29815
29767
29816
29768
29817
29769
29818
29770
29819
29771
29820
29772
29821
29773
29822
29774
29823
29775
29824
29776
29825
29777
29826
29778
29827
29779
29828
29780
29829
29781
29830
29782
29831
29783
29832
29784
29833
29785
29834
29786
29835
29787
29836
29788
29837
29789
29838
29790
29839
29791
29840
29792
29841
29793
29842
29794
29843
29795
29844
29796
29845
29797
29846
29798
29847
29799
29848
29800
29849
29801
29850
29851
35032
29803
29804
29805
29806
29807
29808
29809
29810
29811
29812
29813
29814
29815
29816
29817
29818
29819
29820
29821
29822
29823
29824
29825
29826
29827
29828
29829
29830
29831
29832
29833
29834
29835
29836
29837
29838
29839
29840
29841
29842
29843
29844
29845
29846
29847
29848
29849
29850
29851
35109
29853
29902
29854
29903
29855
29904
29856
29905
29857
29906
29858
29907
29859
29908
29860
29909
29861
29910
29862
29911
29863
29912
29864
29913
29865
29914
29866
29915
29867
29916
29868
29917
29869
29918
29870
29919
29871
29920
29872
29921
29873
29922
29874
29923
29875
29924
29876
29925
29877
29926
29878
29927
29879
29928
29880
29929
29881
29930
29882
29931
29883
29932
29884
29933
29885
29934
29886
29935
29887
29936
29888
29937
29889
29938
29890
29939
29891
29940
29892
29941
29893
29942
29894
29943
29895
29944
29896
29945
29897
29946
29898
29947
29899
29948
29900
29949
29901
29950
29951
39036
29903
29952
29904
29953
29905
29954
29906
29955
29907
29956
29908
29957
29909
29958
29910
29959
29911
29960
29912
29961
29913
29962
29914
29963
29915
29964
29916
29965
29917
29966
29918
29967
29919
29968
29920
29969
29921
29970
29922
29971
29923
29972
29924
29973
29925
29974
29926
29975
29927
29976
29928
29977
29929
29978
29930
29979
29931
29980
29932
29981
29933
29982
29934
29983
29935
29984
29936
29985
29937
29986
29938
29987
29939
29988
29940
29989
29941
29990
29942
29991
29943
29992
29944
29993
29945
29994
29946
29995
29947
29996
29948
29997
29949
29998
29950
29999
29951
30000
30001
39113
29953
30002
29954
30003
29955
30004
29956
30005
29957
30006
29958
30007
29959
30008
29960
30009
29961
30010
29962
30011
29963
30012
29964
30013
29965
30014
29966
30015
29967
30016
29968
30017
29969
30018
29970
30019
29971
30020
29972
30021
29973
30022
29974
30023
29975
30024
29976
30025
29977
30026
29978
30027
29979
30028
29980
30029
29981
30030
29982
30031
29983
30032
29984
30033
29985
30034
29986
30035
29987
30036
29988
30037
29989
30038
29990
30039
29991
30040
29992
30041
29993
30042
29994
30043
29995
30044
29996
30045
29997
30046
29998
30047
29999
30048
30000
30049
30001
30050
30051
39190
30003
30052
30004
30053
30005
30054
30006
30055
30007
30056
30008
30057
30009
30058
30010
30059
30011
30060
30012
30061
30013
30062
30014
30063
30015
30064
30016
30065
30017
30066
30018
30067
30019
30068
30020
30069
30021
30070
30022
30071
30023
30072
30024
30073
30025
30074
30026
30075
30027
30076
30028
30077
30029
30078
30030
30079
30031
30080
30032
30081
30033
30082
30034
30083
30035
30084
30036
30085
30037
30086
30038
30087
30039
30088
30040
30089
30041
30090
30042
30091
30043
30092
30044
30093
30045
30094
30046
30095
30047
30096
30048
30097
30049
30098
30050
30099
30051
30100
30101
39267
30053
30102
30054
30103
30055
30104
30056
30105
30057
30106
30058
30107
30059
30108
30060
30109
30061
30110
30062
30111
30063
30112
30064
30113
30065
30114
30066
30115
30067
30116
30068
30117
30069
30118
30070
30119
30071
30120
30072
30121
30073
30122
30074
30123
30075
30124
30076
30125
30077
30126
30078
30127
30079
30128
30080
30129
30081
30130
30082
30131
30083
30132
30084
30133
30085
30134
30086
30135
30087
30136
30088
30137
30089
30138
30090
30139
30091
30140
30092
30141
30093
30142
30094
30143
30095
30144
30096
30145
30097
30146
30098
30147
30099
30148
30100
30149
30101
30150
30151
39344
30103
30152
30104
30153
30105
30154
30106
30155
30107
30156
30108
30157
30109
30158
30110
30159
30111
30160
30112
30161
30113
30162
30114
30163
30115
30164
30116
30165
30117
30166
30118
30167
30119
30168
30120
30169
30121
30170
30122
30171
30123
30172
30124
30173
30125
30174
30126
30175
30127
30176
30128
30177
30129
30178
30130
30179
30131
30180
30132
30181
30133
30182
30134
30183
30135
30184
30136
30185
30137
30186
30138
30187
30139
30188
30140
30189
30141
30190
30142
30191
30143
30192
30144
30193
30145
30194
30146
30195
30147
30196
30148
30197
30149
30198
30150
30199
30151
30200
30201
39421
30153
30202
30154
30203
30155
30204
30156
30205
30157
30206
30158
30207
30159
30208
30160
30209
30161
30210
30162
30211
30163
30212
30164
30213
30165
30214
30166
30215
30167
30216
30168
30217
30169
30218
30170
30219
30171
30220
30172
30221
30173
30222
30174
30223
30175
30224
30176
30225
30177
30226
30178
30227
30179
30228
30180
30229
30181
30230
30182
30231
30183
30232
30184
30233
30185
30234
30186
30235
30187
30236
30188
30237
30189
30238
30190
30239
30191
30240
30192
30241
30193
30242
30194
30243
30195
30244
30196
30245
30197
30246
30198
30247
30199
30248
30200
30249
30201
30250
30251
39498
30203
30252
30204
30253
30205
30254
30206
30255
30207
30256
30208
30257
30209
30258
30210
30259
30211
30260
30212
30261
30213
30262
30214
30263
30215
30264
30216
30265
30217
30266
30218
30267
30219
30268
30220
30269
30221
30270
30222
30271
30223
30272
30224
30273
30225
30274
30226
30275
30227
30276
30228
30277
30229
30278
30230
30279
30231
30280
30232
30281
30233
30282
30234
30283
30235
30284
30236
30285
30237
30286
30238
30287
30239
30288
30240
30289
30241
30290
30242
30291
30243
30292
30244
30293
30245
30294
30246
30295
30247
30296
30248
30297
30249
30298
30250
30299
30251
30300
30301
39575
30253
30302
30254
30303
30255
30304
30256
30305
30257
30306
30258
30307
30259
30308
30260
30309
30261
30310
30262
30311
30263
30312
30264
30313
30265
30314
30266
30315
30267
30316
30268
30317
30269
30318
30270
30319
30271
30320
30272
30321
30273
30322
30274
30323
30275
30324
30276
30325
30277
30326
30278
30327
30279
30328
30280
30329
30281
30330
30282
30331
30283
30332
30284
30333
30285
30334
30286
30335
30287
30336
30288
30337
30289
30338
30290
30339
30291
30340
30292
30341
30293
30342
30294
30343
30295
30344
30296
30345
30297
30346
30298
30347
30299
30348
30300
30349
30301
30350
30351
39652
30303
30352
30304
30353
30305
30354
30306
30355
30307
30356
30308
30357
30309
30358
30310
30359
30311
30360
30312
30361
30313
30362
30314
30363
30315
30364
30316
30365
30317
30366
30318
30367
30319
30368
30320
30369
30321
30370
30322
30371
30323
30372
30324
30373
30325
30374
30326
30375
30327
30376
30328
30377
30329
30378
30330
30379
30331
30380
30332
30381
30333
30382
30334
30383
30335
30384
30336
30385
30337
30386
30338
30387
30339
30388
30340
30389
30341
30390
30342
30391
30343
30392
30344
30393
30345
30394
30346
30395
30347
30396
30348
30397
30349
30398
30350
30399
30351
30400
30401
39729
30353
30402
30354
30403
30355
30404
30356
30405
30357
30406
30358
30407
30359
30408
30360
30409
30361
30410
30362
30411
30363
30412
30364
30413
30365
30414
30366
30415
30367
30416
30368
30417
30369
30418
30370
30419
30371
30420
30372
30421
30373
30422
30374
30423
30375
30424
30376
30425
30377
30426
30378
30427
30379
30428
30380
30429
30381
30430
30382
30431
30383
30432
30384
30433
30385
30434
30386
30435
30387
30436
30388
30437
30389
30438
30390
30439
30391
30440
30392
30441
30393
30442
30394
30443
30395
30444
30396
30445
30397
30446
30398
30447
30399
30448
30400
30449
30401
30450
30451
39806
30403
30452
30404
30453
30405
30454
30406
30455
30407
30456
30408
30457
30409
30458
30410
30459
30411
30460
30412
30461
30413
30462
30414
30463
30415
30464
30416
30465
30417
30466
30418
30467
30419
30468
30420
30469
30421
30470
30422
30471
30423
30472
30424
30473
30425
30474
30426
30475
30427
30476
30428
30477
30429
30478
30430
30479
30431
30480
30432
30481
30433
30482
30434
30483
30435
30484
30436
30485
30437
30486
30438
30487
30439
30488
30440
30489
30441
30490
30442
30491
30443
30492
30444
30493
30445
30494
30446
30495
30447
30496
30448
30497
30449
30498
30450
30499
30451
30500
30501
39883
30453
30502
30454
30503
30455
30504
30456
30505
30457
30506
30458
30507
30459
30508
30460
30509
30461
30510
30462
30511
30463
30512
30464
30513
30465
30514
30466
30515
30467
30516
30468
30517
30469
30518
30470
30519
30471
30520
30472
30521
30473
30522
30474
30523
30475
30524
30476
30525
30477
30526
30478
30527
30479
30528
30480
30529
30481
30530
30482
30531
30483
30532
30484
30533
30485
30534
30486
30535
30487
30536
30488
30537
30489
30538
30490
30539
30491
30540
30492
30541
30493
30542
30494
30543
30495
30544
30496
30545
30497
30546
30498
30547
30499
30548
30500
30549
30501
30550
30551
39960
30503
30552
30504
30553
30505
30554
30506
30555
30507
30556
30508
30557
30509
30558
30510
30559
30511
30560
30512
30561
30513
30562
30514
30563
30515
30564
30516
30565
30517
30566
30518
30567
30519
30568
30520
30569
30521
30570
30522
30571
30523
30572
30524
30573
30525
30574
30526
30575
30527
30576
30528
30577
30529
30578
30530
30579
30531
30580
30532
30581
30533
30582
30534
30583
30535
30584
30536
30585
30537
30586
30538
30587
30539
30588
30540
30589
30541
30590
30542
30591
30543
30592
30544
30593
30545
30594
30546
30595
30547
30596
30548
30597
30549
30598
30550
30599
30551
30600
30601
40037
30553
30602
30554
30603
30555
30604
30556
30605
30557
30606
30558
30607
30559
30608
30560
30609
30561
30610
30562
30611
30563
30612
30564
30613
30565
30614
30566
30615
30567
30616
30568
30617
30569
30618
30570
30619
30571
30620
30572
30621
30573
30622
30574
30623
30575
30624
30576
30625
30577
30626
30578
30627
30579
30628
30580
30629
30581
30630
30582
30631
30583
30632
30584
30633
30585
30634
30586
30635
30587
30636
30588
30637
30589
30638
30590
30639
30591
30640
30592
30641
30593
30642
30594
30643
30595
30644
30596
30645
30597
30646
30598
30647
30599
30648
30600
30649
30601
30650
30651
40114
30603
30652
30604
30653
30605
30654
30606
30655
30607
30656
30608
30657
30609
30658
30610
30659
30611
30660
30612
30661
30613
30662
30614
30663
30615
30664
30616
30665
30617
30666
30618
30667
30619
30668
30620
30669
30621
30670
30622
30671
30623
30672
30624
30673
30625
30674
30626
30675
30627
30676
30628
30677
30629
30678
30630
30679
30631
30680
30632
30681
30633
30682
30634
30683
30635
30684
30636
30685
30637
30686
30638
30687
30639
30688
30640
30689
30641
30690
30642
30691
30643
30692
30644
30693
30645
30694
30646
30695
30647
30696
30648
30697
30649
30698
30650
30699
30651
30700
30701
40191
30653
30702
30654
30703
30655
30704
30656
30705
30657
30706
30658
30707
30659
30708
30660
30709
30661
30710
30662
30711
30663
30712
30664
30713
30665
30714
30666
30715
30667
30716
30668
30717
30669
30718
30670
30719
30671
30720
30672
30721
30673
30722
30674
30723
30675
30724
30676
30725
30677
30726
30678
30727
30679
30728
30680
30729
30681
30730
30682
30731
30683
30732
30684
30733
30685
30734
30686
30735
30687
30736
30688
30737
30689
30738
30690
30739
30691
30740
30692
30741
30693
30742
30694
30743
30695
30744
30696
30745
30697
30746
30698
30747
30699
30748
30700
30749
30701
30750
30751
40268
30703
30752
30704
30753
30705
30754
30706
30755
30707
30756
30708
30757
30709
30758
30710
30759
30711
30760
30712
30761
30713
30762
30714
30763
30715
30764
30716
30765
30717
30766
30718
30767
30719
30768
30720
30769
30721
30770
30722
30771
30723
30772
30724
30773
30725
30774
30726
30775
30727
30776
30728
30777
30729
30778
30730
30779
30731
30780
30732
30781
30733
30782
30734
30783
30735
30784
30736
30785
30737
30786
30738
30787
30739
30788
30740
30789
30741
30790
30742
30791
30743
30792
30744
30793
30745
30794
30746
30795
30747
30796
30748
30797
30749
30798
30750
30799
30751
30800
30801
40345
30753
30802
30754
30803
30755
30804
30756
30805
30757
30806
30758
30807
30759
30808
30760
30809
30761
30810
30762
30811
30763
30812
30764
30813
30765
30814
30766
30815
30767
30816
30768
30817
30769
30818
30770
30819
30771
30820
30772
30821
30773
30822
30774
30823
30775
30824
30776
30825
30777
30826
30778
30827
30779
30828
30780
30829
30781
30830
30782
30831
30783
30832
30784
30833
30785
30834
30786
30835
30787
30836
30788
30837
30789
30838
30790
30839
30791
30840
30792
30841
30793
30842
30794
30843
30795
30844
30796
30845
30797
30846
30798
30847
30799
30848
30800
30849
30801
30850
30851
40422
30803
30852
30804
30853
30805
30854
30806
30855
30807
30856
30808
30857
30809
30858
30810
30859
30811
30860
30812
30861
30813
30862
30814
30863
30815
30864
30816
30865
30817
30866
30818
30867
30819
30868
30820
30869
30821
30870
30822
30871
30823
30872
30824
30873
30825
30874
30826
30875
30827
30876
30828
30877
30829
30878
30830
30879
30831
30880
30832
30881
30833
30882
30834
30883
30835
30884
30836
30885
30837
30886
30838
30887
30839
30888
30840
30889
30841
30890
30842
30891
30843
30892
30844
30893
30845
30894
30846
30895
30847
30896
30848
30897
30849
30898
30850
30899
30851
30900
30901
40499
30853
30902
30854
30903
30855
30904
30856
30905
30857
30906
30858
30907
30859
30908
30860
30909
30861
30910
30862
30911
30863
30912
30864
30913
30865
30914
30866
30915
30867
30916
30868
30917
30869
30918
30870
30919
30871
30920
30872
30921
30873
30922
30874
30923
30875
30924
30876
30925
30877
30926
30878
30927
30879
30928
30880
30929
30881
30930
30882
30931
30883
30932
30884
30933
30885
30934
30886
30935
30887
30936
30888
30937
30889
30938
30890
30939
30891
30940
30892
30941
30893
30942
30894
30943
30895
30944
30896
30945
30897
30946
30898
30947
30899
30948
30900
30949
30901
30950
30951
40576
30903
30952
30904
30953
30905
30954
30906
30955
30907
30956
30908
30957
30909
30958
30910
30959
30911
30960
30912
30961
30913
30962
30914
30963
30915
30964
30916
30965
30917
30966
30918
30967
30919
30968
30920
30969
30921
30970
30922
30971
30923
30972
30924
30973
30925
30974
30926
30975
30927
30976
30928
30977
30929
30978
30930
30979
30931
30980
30932
30981
30933
30982
30934
30983
30935
30984
30936
30985
30937
30986
30938
30987
30939
30988
30940
30989
30941
30990
30942
30991
30943
30992
30944
30993
30945
30994
30946
30995
30947
30996
30948
30997
30949
30998
30950
30999
30951
31000
31001
40653
30953
31002
30954
31003
30955
31004
30956
31005
30957
31006
30958
31007
30959
31008
30960
31009
30961
31010
30962
31011
30963
31012
30964
31013
30965
31014
30966
31015
30967
31016
30968
31017
30969
31018
30970
31019
30971
31020
30972
31021
30973
31022
30974
31023
30975
31024
30976
31025
30977
31026
30978
31027
30979
31028
30980
31029
30981
31030
30982
31031
30983
31032
30984
31033
30985
31034
30986
31035
30987
31036
30988
31037
30989
31038
30990
31039
30991
31040
30992
31041
30993
31042
30994
31043
30995
31044
30996
31045
30997
31046
30998
31047
30999
31048
31000
31049
31001
31050
31051
40730
31003
31052
31004
31053
31005
31054
31006
31055
31007
31056
31008
31057
31009
31058
31010
31059
31011
31060
31012
31061
31013
31062
31014
31063
31015
31064
31016
31065
31017
31066
31018
31067
31019
31068
31020
31069
31021
31070
31022
31071
31023
31072
31024
31073
31025
31074
31026
31075
31027
31076
31028
31077
31029
31078
31030
31079
31031
31080
31032
31081
31033
31082
31034
31083
31035
31084
31036
31085
31037
31086
31038
31087
31039
31088
31040
31089
31041
31090
31042
31091
31043
31092
31044
31093
31045
31094
31046
31095
31047
31096
31048
31097
31049
31098
31050
31099
31051
31100
31101
40807
31053
31102
31054
31103
31055
31104
31056
31105
31057
31106
31058
31107
31059
31108
31060
31109
31061
31110
31062
31111
31063
31112
31064
31113
31065
31114
31066
31115
31067
31116
31068
31117
31069
31118
31070
31119
31071
31120
31072
31121
31073
31122
31074
31123
31075
31124
31076
31125
31077
31126
31078
31127
31079
31128
31080
31129
31081
31130
31082
31131
31083
31132
31084
31133
31085
31134
31086
31135
31087
31136
31088
31137
31089
31138
31090
31139
31091
31140
31092
31141
31093
31142
31094
31143
31095
31144
31096
31145
31097
31146
31098
31147
31099
31148
31100
31149
31101
31150
31151
40884
31103
31152
31104
31153
31105
31154
31106
31155
31107
31156
31108
31157
31109
31158
31110
31159
31111
31160
31112
31161
31113
31162
31114
31163
31115
31164
31116
31165
31117
31166
31118
31167
31119
31168
31120
31169
31121
31170
31122
31171
31123
31172
31124
31173
31125
31174
31126
31175
31127
31176
31128
31177
31129
31178
31130
31179
31131
31180
31132
31181
31133
31182
31134
31183
31135
31184
31136
31185
31137
31186
31138
31187
31139
31188
31140
31189
31141
31190
31142
31191
31143
31192
31144
31193
31145
31194
31146
31195
31147
31196
31148
31197
31149
31198
31150
31199
31151
31200
31201
40961
31153
31202
31154
31203
31155
31204
31156
31205
31157
31206
31158
31207
31159
31208
31160
31209
31161
31210
31162
31211
31163
31212
31164
31213
31165
31214
31166
31215
31167
31216
31168
31217
31169
31218
31170
31219
31171
31220
31172
31221
31173
31222
31174
31223
31175
31224
31176
31225
31177
31226
31178
31227
31179
31228
31180
31229
31181
31230
31182
31231
31183
31232
31184
31233
31185
31234
31186
31235
31187
31236
31188
31237
31189
31238
31190
31239
31191
31240
31192
31241
31193
31242
31194
31243
31195
31244
31196
31245
31197
31246
31198
31247
31199
31248
31200
31249
31201
31250
31251
41038
31203
31252
31204
31253
31205
31254
31206
31255
31207
31256
31208
31257
31209
31258
31210
31259
31211
31260
31212
31261
31213
31262
31214
31263
31215
31264
31216
31265
31217
31266
31218
31267
31219
31268
31220
31269
31221
31270
31222
31271
31223
31272
31224
31273
31225
31274
31226
31275
31227
31276
31228
31277
31229
31278
31230
31279
31231
31280
31232
31281
31233
31282
31234
31283
31235
31284
31236
31285
31237
31286
31238
31287
31239
31288
31240
31289
31241
31290
31242
31291
31243
31292
31244
31293
31245
31294
31246
31295
31247
31296
31248
31297
31249
31298
31250
31299
31251
31300
31301
41115
31253
31302
31254
31303
31255
31304
31256
31305
31257
31306
31258
31307
31259
31308
31260
31309
31261
31310
31262
31311
31263
31312
31264
31313
31265
31314
31266
31315
31267
31316
31268
31317
31269
31318
31270
31319
31271
31320
31272
31321
31273
31322
31274
31323
31275
31324
31276
31325
31277
31326
31278
31327
31279
31328
31280
31329
31281
31330
31282
31331
31283
31332
31284
31333
31285
31334
31286
31335
31287
31336
31288
31337
31289
31338
31290
31339
31291
31340
31292
31341
31293
31342
31294
31343
31295
31344
31296
31345
31297
31346
31298
31347
31299
31348
31300
31349
31301
31350
31351
41192
31303
31352
31304
31353
31305
31354
31306
31355
31307
31356
31308
31357
31309
31358
31310
31359
31311
31360
31312
31361
31313
31362
31314
31363
31315
31364
31316
31365
31317
31366
31318
31367
31319
31368
31320
31369
31321
31370
31322
31371
31323
31372
31324
31373
31325
31374
31326
31375
31327
31376
31328
31377
31329
31378
31330
31379
31331
31380
31332
31381
31333
31382
31334
31383
31335
31384
31336
31385
31337
31386
31338
31387
31339
31388
31340
31389
31341
31390
31342
31391
31343
31392
31344
31393
31345
31394
31346
31395
31347
31396
31348
31397
31349
31398
31350
31399
31351
31400
31401
41269
31353
31402
31354
31403
31355
31404
31356
31405
31357
31406
31358
31407
31359
31408
31360
31409
31361
31410
31362
31411
31363
31412
31364
31413
31365
31414
31366
31415
31367
31416
31368
31417
31369
31418
31370
31419
31371
31420
31372
31421
31373
31422
31374
31423
31375
31424
31376
31425
31377
31426
31378
31427
31379
31428
31380
31429
31381
31430
31382
31431
31383
31432
31384
31433
31385
31434
31386
31435
31387
31436
31388
31437
31389
31438
31390
31439
31391
31440
31392
31441
31393
31442
31394
31443
31395
31444
31396
31445
31397
31446
31398
31447
31399
31448
31400
31449
31401
31450
31451
41346
31403
31452
31404
31453
31405
31454
31406
31455
31407
31456
31408
31457
31409
31458
31410
31459
31411
31460
31412
31461
31413
31462
31414
31463
31415
31464
31416
31465
31417
31466
31418
31467
31419
31468
31420
31469
31421
31470
31422
31471
31423
31472
31424
31473
31425
31474
31426
31475
31427
31476
31428
31477
31429
31478
31430
31479
31431
31480
31432
31481
31433
31482
31434
31483
31435
31484
31436
31485
31437
31486
31438
31487
31439
31488
31440
31489
31441
31490
31442
31491
31443
31492
31444
31493
31445
31494
31446
31495
31447
31496
31448
31497
31449
31498
31450
31499
31451
31500
31501
41423
31453
31502
31454
31503
31455
31504
31456
31505
31457
31506
31458
31507
31459
31508
31460
31509
31461
31510
31462
31511
31463
31512
31464
31513
31465
31514
31466
31515
31467
31516
31468
31517
31469
31518
31470
31519
31471
31520
31472
31521
31473
31522
31474
31523
31475
31524
31476
31525
31477
31526
31478
31527
31479
31528
31480
31529
31481
31530
31482
31531
31483
31532
31484
31533
31485
31534
31486
31535
31487
31536
31488
31537
31489
31538
31490
31539
31491
31540
31492
31541
31493
31542
31494
31543
31495
31544
31496
31545
31497
31546
31498
31547
31499
31548
31500
31549
31501
31550
31551
41500
31503
31552
31504
31553
31505
31554
31506
31555
31507
31556
31508
31557
31509
31558
31510
31559
31511
31560
31512
31561
31513
31562
31514
31563
31515
31564
31516
31565
31517
31566
31518
31567
31519
31568
31520
31569
31521
31570
31522
31571
31523
31572
31524
31573
31525
31574
31526
31575
31527
31576
31528
31577
31529
31578
31530
31579
31531
31580
31532
31581
31533
31582
31534
31583
31535
31584
31536
31585
31537
31586
31538
31587
31539
31588
31540
31589
31541
31590
31542
31591
31543
31592
31544
31593
31545
31594
31546
31595
31547
31596
31548
31597
31549
31598
31550
31599
31551
31600
31601
41577
31553
31602
31554
31603
31555
31604
31556
31605
31557
31606
31558
31607
31559
31608
31560
31609
31561
31610
31562
31611
31563
31612
31564
31613
31565
31614
31566
31615
31567
31616
31568
31617
31569
31618
31570
31619
31571
31620
31572
31621
31573
31622
31574
31623
31575
31624
31576
31625
31577
31626
31578
31627
31579
31628
31580
31629
31581
31630
31582
31631
31583
31632
31584
31633
31585
31634
31586
31635
31587
31636
31588
31637
31589
31638
31590
31639
31591
31640
31592
31641
31593
31642
31594
31643
31595
31644
31596
31645
31597
31646
31598
31647
31599
31648
31600
31649
31601
31650
31651
41654
31603
31652
31604
31653
31605
31654
31606
31655
31607
31656
31608
31657
31609
31658
31610
31659
31611
31660
31612
31661
31613
31662
31614
31663
31615
31664
31616
31665
31617
31666
31618
31667
31619
31668
31620
31669
31621
31670
31622
31671
31623
31672
31624
31673
31625
31674
31626
31675
31627
31676
31628
31677
31629
31678
31630
31679
31631
31680
31632
31681
31633
31682
31634
31683
31635
31684
31636
31685
31637
31686
31638
31687
31639
31688
31640
31689
31641
31690
31642
31691
31643
31692
31644
31693
31645
31694
31646
31695
31647
31696
31648
31697
31649
31698
31650
31699
31651
31700
31701
41731
31653
31702
31654
31703
31655
31704
31656
31705
31657
31706
31658
31707
31659
31708
31660
31709
31661
31710
31662
31711
31663
31712
31664
31713
31665
31714
31666
31715
31667
31716
31668
31717
31669
31718
31670
31719
31671
31720
31672
31721
31673
31722
31674
31723
31675
31724
31676
31725
31677
31726
31678
31727
31679
31728
31680
31729
31681
31730
31682
31731
31683
31732
31684
31733
31685
31734
31686
31735
31687
31736
31688
31737
31689
31738
31690
31739
31691
31740
31692
31741
31693
31742
31694
31743
31695
31744
31696
31745
31697
31746
31698
31747
31699
31748
31700
31749
31701
31750
31751
41808
31703
31752
31704
31753
31705
31754
31706
31755
31707
31756
31708
31757
31709
31758
31710
31759
31711
31760
31712
31761
31713
31762
31714
31763
31715
31764
31716
31765
31717
31766
31718
31767
31719
31768
31720
31769
31721
31770
31722
31771
31723
31772
31724
31773
31725
31774
31726
31775
31727
31776
31728
31777
31729
31778
31730
31779
31731
31780
31732
31781
31733
31782
31734
31783
31735
31784
31736
31785
31737
31786
31738
31787
31739
31788
31740
31789
31741
31790
31742
31791
31743
31792
31744
31793
31745
31794
31746
31795
31747
31796
31748
31797
31749
31798
31750
31799
31751
31800
31801
41885
31753
31802
31754
31803
31755
31804
31756
31805
31757
31806
31758
31807
31759
31808
31760
31809
31761
31810
31762
31811
31763
31812
31764
31813
31765
31814
31766
31815
31767
31816
31768
31817
31769
31818
31770
31819
31771
31820
31772
31821
31773
31822
31774
31823
31775
31824
31776
31825
31777
31826
31778
31827
31779
31828
31780
31829
31781
31830
31782
31831
31783
31832
31784
31833
31785
31834
31786
31835
31787
31836
31788
31837
31789
31838
31790
31839
31791
31840
31792
31841
31793
31842
31794
31843
31795
31844
31796
31845
31797
31846
31798
31847
31799
31848
31800
31849
31801
31850
31851
41962
31803
31852
31804
31853
31805
31854
31806
31855
31807
31856
31808
31857
31809
31858
31810
31859
31811
31860
31812
31861
31813
31862
31814
31863
31815
31864
31816
31865
31817
31866
31818
31867
31819
31868
31820
31869
31821
31870
31822
31871
31823
31872
31824
31873
31825
31874
31826
31875
31827
31876
31828
31877
31829
31878
31830
31879
31831
31880
31832
31881
31833
31882
31834
31883
31835
31884
31836
31885
31837
31886
31838
31887
31839
31888
31840
31889
31841
31890
31842
31891
31843
31892
31844
31893
31845
31894
31846
31895
31847
31896
31848
31897
31849
31898
31850
31899
31851
31900
31901
42039
31853
31902
31854
31903
31855
31904
31856
31905
31857
31906
31858
31907
31859
31908
31860
31909
31861
31910
31862
31911
31863
31912
31864
31913
31865
31914
31866
31915
31867
31916
31868
31917
31869
31918
31870
31919
31871
31920
31872
31921
31873
31922
31874
31923
31875
31924
31876
31925
31877
31926
31878
31927
31879
31928
31880
31929
31881
31930
31882
31931
31883
31932
31884
31933
31885
31934
31886
31935
31887
31936
31888
31937
31889
31938
31890
31939
31891
31940
31892
31941
31893
31942
31894
31943
31895
31944
31896
31945
31897
31946
31898
31947
31899
31948
31900
31949
31901
31950
31951
42116
31903
31904
31905
31906
31907
31908
31909
31910
31911
31912
31913
31914
31915
31916
31917
31918
31919
31920
31921
31922
31923
31924
31925
31926
31927
31928
31929
31930
31931
31932
31933
31934
31935
31936
31937
31938
31939
31940
31941
31942
31943
31944
31945
31946
31947
31948
31949
31950
31951
42193
31953
32029
35235
31954
32030
35285
31955
32031
35335
31956
32032
35385
31957
32033
35435
31958
32034
35485
31959
32035
35535
31960
32036
35585
31961
32037
35635
31962
32038
35685
31963
32039
35735
31964
32040
35785
31965
32041
35835
31966
32042
35885
31967
32043
35935
31968
32044
35985
31969
32045
36035
31970
32046
36085
31971
32047
36135
31972
32048
36185
31973
32049
36235
31974
32050
36285
31975
32051
36335
31976
32052
36385
31977
32053
36435
31978
32054
36485
31979
32055
36535
31980
32056
36585
31981
32057
36635
31982
32058
36685
31983
32059
36735
31984
32060
36785
31985
32061
36835
31986
32062
36885
31987
32063
36935
31988
32064
36985
31989
32065
37035
31990
32066
37085
31991
32067
37135
31992
32068
37185
31993
32069
37235
31994
32070
37285
31995
32071
37335
31996
32072
37385
31997
32073
37435
31998
32074
37485
31999
32075
37535
32000
32076
37585
32001
32077
37635
32002
32078
37685
32003
32079
37735
32004
32080
37785
32005
32081
37835
32006
32082
37885
32007
32083
37935
32008
32084
37985
32009
32085
38035
32010
32086
38085
32011
32087
38135
32012
32088
38185
32013
32089
38235
32014
32090
38285
32015
32091
38335
32016
32092
38385
32017
32093
38435
32018
32094
38485
32019
32095
38535
32020
32096
38585
32021
32097
38635
32022
32098
38685
32023
32099
38735
32024
32100
38785
32025
32101
38835
32026
32102
38885
32027
32103
38935
32028
32104
38985
32105
39035
42270
32030
32106
32031
32107
32032
32108
32033
32109
32034
32110
32035
32111
32036
32112
32037
32113
32038
32114
32039
32115
32040
32116
32041
32117
32042
32118
32043
32119
32044
32120
32045
32121
32046
32122
32047
32123
32048
32124
32049
32125
32050
32126
32051
32127
32052
32128
32053
32129
32054
32130
32055
32131
32056
32132
32057
32133
32058
32134
32059
32135
32060
32136
32061
32137
32062
32138
32063
32139
32064
32140
32065
32141
32066
32142
32067
32143
32068
32144
32069
32145
32070
32146
32071
32147
32072
32148
32073
32149
32074
32150
32075
32151
32076
32152
32077
32153
32078
32154
32079
32155
32080
32156
32081
32157
32082
32158
32083
32159
32084
32160
32085
32161
32086
32162
32087
32163
32088
32164
32089
32165
32090
32166
32091
32167
32092
32168
32093
32169
32094
32170
32095
32171
32096
32172
32097
32173
32098
32174
32099
32175
32100
32176
32101
32177
32102
32178
32103
32179
32104
32180
32105
32181
32182
42304
32107
32183
32108
32184
32109
32185
32110
32186
32111
32187
32112
32188
32113
32189
32114
32190
32115
32191
32116
32192
32117
32193
32118
32194
32119
32195
32120
32196
32121
32197
32122
32198
32123
32199
32124
32200
32125
32201
32126
32202
32127
32203
32128
32204
32129
32205
32130
32206
32131
32207
32132
32208
32133
32209
32134
32210
32135
32211
32136
32212
32137
32213
32138
32214
32139
32215
32140
32216
32141
32217
32142
32218
32143
32219
32144
32220
32145
32221
32146
32222
32147
32223
32148
32224
32149
32225
32150
32226
32151
32227
32152
32228
32153
32229
32154
32230
32155
32231
32156
32232
32157
32233
32158
32234
32159
32235
32160
32236
32161
32237
32162
32238
32163
32239
32164
32240
32165
32241
32166
32242
32167
32243
32168
32244
32169
32245
32170
32246
32171
32247
32172
32248
32173
32249
32174
32250
32175
32251
32176
32252
32177
32253
32178
32254
32179
32255
32180
32256
32181
32257
32182
32258
32259
42338
32184
32260
32185
32261
32186
32262
32187
32263
32188
32264
32189
32265
32190
32266
32191
32267
32192
32268
32193
32269
32194
32270
32195
32271
32196
32272
32197
32273
32198
32274
32199
32275
32200
32276
32201
32277
32202
32278
32203
32279
32204
32280
32205
32281
32206
32282
32207
32283
32208
32284
32209
32285
32210
32286
32211
32287
32212
32288
32213
32289
32214
32290
32215
32291
32216
32292
32217
32293
32218
32294
32219
32295
32220
32296
32221
32297
32222
32298
32223
32299
32224
32300
32225
32301
32226
32302
32227
32303
32228
32304
32229
32305
32230
32306
32231
32307
32232
32308
32233
32309
32234
32310
32235
32311
32236
32312
32237
32313
32238
32314
32239
32315
32240
32316
32241
32317
32242
32318
32243
32319
32244
32320
32245
32321
32246
32322
32247
32323
32248
32324
32249
32325
32250
32326
32251
32327
32252
32328
32253
32329
32254
32330
32255
32331
32256
32332
32257
32333
32258
32334
32259
32335
32336
42372
32261
32337
32262
32338
32263
32339
32264
32340
32265
32341
32266
32342
32267
32343
32268
32344
32269
32345
32270
32346
32271
32347
32272
32348
32273
32349
32274
32350
32275
32351
32276
32352
32277
32353
32278
32354
32279
32355
32280
32356
32281
32357
32282
32358
32283
32359
32284
32360
32285
32361
32286
32362
32287
32363
32288
32364
32289
32365
32290
32366
32291
32367
32292
32368
32293
32369
32294
32370
32295
32371
32296
32372
32297
32373
32298
32374
32299
32375
32300
32376
32301
32377
32302
32378
32303
32379
32304
32380
32305
32381
32306
32382
32307
32383
32308
32384
32309
32385
32310
32386
32311
32387
32312
32388
32313
32389
32314
32390
32315
32391
32316
32392
32317
32393
32318
32394
32319
32395
32320
32396
32321
32397
32322
32398
32323
32399
32324
32400
32325
32401
32326
32402
32327
32403
32328
32404
32329
32405
32330
32406
32331
32407
32332
32408
32333
32409
32334
32410
32335
32411
32336
32412
32413
42406
32338
32414
32339
32415
32340
32416
32341
32417
32342
32418
32343
32419
32344
32420
32345
32421
32346
32422
32347
32423
32348
32424
32349
32425
32350
32426
32351
32427
32352
32428
32353
32429
32354
32430
32355
32431
32356
32432
32357
32433
32358
32434
32359
32435
32360
32436
32361
32437
32362
32438
32363
32439
32364
32440
32365
32441
32366
32442
32367
32443
32368
32444
32369
32445
32370
32446
32371
32447
32372
32448
32373
32449
32374
32450
32375
32451
32376
32452
32377
32453
32378
32454
32379
32455
32380
32456
32381
32457
32382
32458
32383
32459
32384
32460
32385
32461
32386
32462
32387
32463
32388
32464
32389
32465
32390
32466
32391
32467
32392
32468
32393
32469
32394
32470
32395
32471
32396
32472
32397
32473
32398
32474
32399
32475
32400
32476
32401
32477
32402
32478
32403
32479
32404
32480
32405
32481
32406
32482
32407
32483
32408
32484
32409
32485
32410
32486
32411
32487
32412
32488
32413
32489
32490
42440
32415
32491
32416
32492
32417
32493
32418
32494
32419
32495
32420
32496
32421
32497
32422
32498
32423
32499
32424
32500
32425
32501
32426
32502
32427
32503
32428
32504
32429
32505
32430
32506
32431
32507
32432
32508
32433
32509
32434
32510
32435
32511
32436
32512
32437
32513
32438
32514
32439
32515
32440
32516
32441
32517
32442
32518
32443
32519
32444
32520
32445
32521
32446
32522
32447
32523
32448
32524
32449
32525
32450
32526
32451
32527
32452
32528
32453
32529
32454
32530
32455
32531
32456
32532
32457
32533
32458
32534
32459
32535
32460
32536
32461
32537
32462
32538
32463
32539
32464
32540
32465
32541
32466
32542
32467
32543
32468
32544
32469
32545
32470
32546
32471
32547
32472
32548
32473
32549
32474
32550
32475
32551
32476
32552
32477
32553
32478
32554
32479
32555
32480
32556
32481
32557
32482
32558
32483
32559
32484
32560
32485
32561
32486
32562
32487
32563
32488
32564
32489
32565
32490
32566
32567
42474
32492
32568
32493
32569
32494
32570
32495
32571
32496
32572
32497
32573
32498
32574
32499
32575
32500
32576
32501
32577
32502
32578
32503
32579
32504
32580
32505
32581
32506
32582
32507
32583
32508
32584
32509
32585
32510
32586
32511
32587
32512
32588
32513
32589
32514
32590
32515
32591
32516
32592
32517
32593
32518
32594
32519
32595
32520
32596
32521
32597
32522
32598
32523
32599
32524
32600
32525
32601
32526
32602
32527
32603
32528
32604
32529
32605
32530
32606
32531
32607
32532
32608
32533
32609
32534
32610
32535
32611
32536
32612
32537
32613
32538
32614
32539
32615
32540
32616
32541
32617
32542
32618
32543
32619
32544
32620
32545
32621
32546
32622
32547
32623
32548
32624
32549
32625
32550
32626
32551
32627
32552
32628
32553
32629
32554
32630
32555
32631
32556
32632
32557
32633
32558
32634
32559
32635
32560
32636
32561
32637
32562
32638
32563
32639
32564
32640
32565
32641
32566
32642
32567
32643
32644
42508
32569
32645
32570
32646
32571
32647
32572
32648
32573
32649
32574
32650
32575
32651
32576
32652
32577
32653
32578
32654
32579
32655
32580
32656
32581
32657
32582
32658
32583
32659
32584
32660
32585
32661
32586
32662
32587
32663
32588
32664
32589
32665
32590
32666
32591
32667
32592
32668
32593
32669
32594
32670
32595
32671
32596
32672
32597
32673
32598
32674
32599
32675
32600
32676
32601
32677
32602
32678
32603
32679
32604
32680
32605
32681
32606
32682
32607
32683
32608
32684
32609
32685
32610
32686
32611
32687
32612
32688
32613
32689
32614
32690
32615
32691
32616
32692
32617
32693
32618
32694
32619
32695
32620
32696
32621
32697
32622
32698
32623
32699
32624
32700
32625
32701
32626
32702
32627
32703
32628
32704
32629
32705
32630
32706
32631
32707
32632
32708
32633
32709
32634
32710
32635
32711
32636
32712
32637
32713
32638
32714
32639
32715
32640
32716
32641
32717
32642
32718
32643
32719
32644
32720
32721
42542
32646
32722
32647
32723
32648
32724
32649
32725
32650
32726
32651
32727
32652
32728
32653
32729
32654
32730
32655
32731
32656
32732
32657
32733
32658
32734
32659
32735
32660
32736
32661
32737
32662
32738
32663
32739
32664
32740
32665
32741
32666
32742
32667
32743
32668
32744
32669
32745
32670
32746
32671
32747
32672
32748
32673
32749
32674
32750
32675
32751
32676
32752
32677
32753
32678
32754
32679
32755
32680
32756
32681
32757
32682
32758
32683
32759
32684
32760
32685
32761
32686
32762
32687
32763
32688
32764
32689
32765
32690
32766
32691
32767
32692
32768
32693
32769
32694
32770
32695
32771
32696
32772
32697
32773
32698
32774
32699
32775
32700
32776
32701
32777
32702
32778
32703
32779
32704
32780
32705
32781
32706
32782
32707
32783
32708
32784
32709
32785
32710
32786
32711
32787
32712
32788
32713
32789
32714
32790
32715
32791
32716
32792
32717
32793
32718
32794
32719
32795
32720
32796
32721
32797
32798
42576
32723
32799
32724
32800
32725
32801
32726
32802
32727
32803
32728
32804
32729
32805
32730
32806
32731
32807
32732
32808
32733
32809
32734
32810
32735
32811
32736
32812
32737
32813
32738
32814
32739
32815
32740
32816
32741
32817
32742
32818
32743
32819
32744
32820
32745
32821
32746
32822
32747
32823
32748
32824
32749
32825
32750
32826
32751
32827
32752
32828
32753
32829
32754
32830
32755
32831
32756
32832
32757
32833
32758
32834
32759
32835
32760
32836
32761
32837
32762
32838
32763
32839
32764
32840
32765
32841
32766
32842
32767
32843
32768
32844
32769
32845
32770
32846
32771
32847
32772
32848
32773
32849
32774
32850
32775
32851
32776
32852
32777
32853
32778
32854
32779
32855
32780
32856
32781
32857
32782
32858
32783
32859
32784
32860
32785
32861
32786
32862
32787
32863
32788
32864
32789
32865
32790
32866
32791
32867
32792
32868
32793
32869
32794
32870
32795
32871
32796
32872
32797
32873
32798
32874
32875
42610
32800
32876
32801
32877
32802
32878
32803
32879
32804
32880
32805
32881
32806
32882
32807
32883
32808
32884
32809
32885
32810
32886
32811
32887
32812
32888
32813
32889
32814
32890
32815
32891
32816
32892
32817
32893
32818
32894
32819
32895
32820
32896
32821
32897
32822
32898
32823
32899
32824
32900
32825
32901
32826
32902
32827
32903
32828
32904
32829
32905
32830
32906
32831
32907
32832
32908
32833
32909
32834
32910
32835
32911
32836
32912
32837
32913
32838
32914
32839
32915
32840
32916
32841
32917
32842
32918
32843
32919
32844
32920
32845
32921
32846
32922
32847
32923
32848
32924
32849
32925
32850
32926
32851
32927
32852
32928
32853
32929
32854
32930
32855
32931
32856
32932
32857
32933
32858
32934
32859
32935
32860
32936
32861
32937
32862
32938
32863
32939
32864
32940
32865
32941
32866
32942
32867
32943
32868
32944
32869
32945
32870
32946
32871
32947
32872
32948
32873
32949
32874
32950
32875
32951
32952
42644
32877
32953
32878
32954
32879
32955
32880
32956
32881
32957
32882
32958
32883
32959
32884
32960
32885
32961
32886
32962
32887
32963
32888
32964
32889
32965
32890
32966
32891
32967
32892
32968
32893
32969
32894
32970
32895
32971
32896
32972
32897
32973
32898
32974
32899
32975
32900
32976
32901
32977
32902
32978
32903
32979
32904
32980
32905
32981
32906
32982
32907
32983
32908
32984
32909
32985
32910
32986
32911
32987
32912
32988
32913
32989
32914
32990
32915
32991
32916
32992
32917
32993
32918
32994
32919
32995
32920
32996
32921
32997
32922
32998
32923
32999
32924
33000
32925
33001
32926
33002
32927
33003
32928
33004
32929
33005
32930
33006
32931
33007
32932
33008
32933
33009
32934
33010
32935
33011
32936
33012
32937
33013
32938
33014
32939
33015
32940
33016
32941
33017
32942
33018
32943
33019
32944
33020
32945
33021
32946
33022
32947
33023
32948
33024
32949
33025
32950
33026
32951
33027
32952
33028
33029
42678
32954
33030
32955
33031
32956
33032
32957
33033
32958
33034
32959
33035
32960
33036
32961
33037
32962
33038
32963
33039
32964
33040
32965
33041
32966
33042
32967
33043
32968
33044
32969
33045
32970
33046
32971
33047
32972
33048
32973
33049
32974
33050
32975
33051
32976
33052
32977
33053
32978
33054
32979
33055
32980
33056
32981
33057
32982
33058
32983
33059
32984
33060
32985
33061
32986
33062
32987
33063
32988
33064
32989
33065
32990
33066
32991
33067
32992
33068
32993
33069
32994
33070
32995
33071
32996
33072
32997
33073
32998
33074
32999
33075
33000
33076
33001
33077
33002
33078
33003
33079
33004
33080
33005
33081
33006
33082
33007
33083
33008
33084
33009
33085
33010
33086
33011
33087
33012
33088
33013
33089
33014
33090
33015
33091
33016
33092
33017
33093
33018
33094
33019
33095
33020
33096
33021
33097
33022
33098
33023
33099
33024
33100
33025
33101
33026
33102
33027
33103
33028
33104
33029
33105
33106
42712
33031
33107
33032
33108
33033
33109
33034
33110
33035
33111
33036
33112
33037
33113
33038
33114
33039
33115
33040
33116
33041
33117
33042
33118
33043
33119
33044
33120
33045
33121
33046
33122
33047
33123
33048
33124
33049
33125
33050
33126
33051
33127
33052
33128
33053
33129
33054
33130
33055
33131
33056
33132
33057
33133
33058
33134
33059
33135
33060
33136
33061
33137
33062
33138
33063
33139
33064
33140
33065
33141
33066
33142
33067
33143
33068
33144
33069
33145
33070
33146
33071
33147
33072
33148
33073
33149
33074
33150
33075
33151
33076
33152
33077
33153
33078
33154
33079
33155
33080
33156
33081
33157
33082
33158
33083
33159
33084
33160
33085
33161
33086
33162
33087
33163
33088
33164
33089
33165
33090
33166
33091
33167
33092
33168
33093
33169
33094
33170
33095
33171
33096
33172
33097
33173
33098
33174
33099
33175
33100
33176
33101
33177
33102
33178
33103
33179
33104
33180
33105
33181
33106
33182
33183
42746
33108
33184
33109
33185
33110
33186
33111
33187
33112
33188
33113
33189
33114
33190
33115
33191
33116
33192
33117
33193
33118
33194
33119
33195
33120
33196
33121
33197
33122
33198
33123
33199
33124
33200
33125
33201
33126
33202
33127
33203
33128
33204
33129
33205
33130
33206
33131
33207
33132
33208
33133
33209
33134
33210
33135
33211
33136
33212
33137
33213
33138
33214
33139
33215
33140
33216
33141
33217
33142
33218
33143
33219
33144
33220
33145
33221
33146
33222
33147
33223
33148
33224
33149
33225
33150
33226
33151
33227
33152
33228
33153
33229
33154
33230
33155
33231
33156
33232
33157
33233
33158
33234
33159
33235
33160
33236
33161
33237
33162
33238
33163
33239
33164
33240
33165
33241
33166
33242
33167
33243
33168
33244
33169
33245
33170
33246
33171
33247
33172
33248
33173
33249
33174
33250
33175
33251
33176
33252
33177
33253
33178
33254
33179
33255
33180
33256
33181
33257
33182
33258
33183
33259
33260
42780
33185
33261
33186
33262
33187
33263
33188
33264
33189
33265
33190
33266
33191
33267
33192
33268
33193
33269
33194
33270
33195
33271
33196
33272
33197
33273
33198
33274
33199
33275
33200
33276
33201
33277
33202
33278
33203
33279
33204
33280
33205
33281
33206
33282
33207
33283
33208
33284
33209
33285
33210
33286
33211
33287
33212
33288
33213
33289
33214
33290
33215
33291
33216
33292
33217
33293
33218
33294
33219
33295
33220
33296
33221
33297
33222
33298
33223
33299
33224
33300
33225
33301
33226
33302
33227
33303
33228
33304
33229
33305
33230
33306
33231
33307
33232
33308
33233
33309
33234
33310
33235
33311
33236
33312
33237
33313
33238
33314
33239
33315
33240
33316
33241
33317
33242
33318
33243
33319
33244
33320
33245
33321
33246
33322
33247
33323
33248
33324
33249
33325
33250
33326
33251
33327
33252
33328
33253
33329
33254
33330
33255
33331
33256
33332
33257
33333
33258
33334
33259
33335
33260
33336
33337
42814
33262
33338
33263
33339
33264
33340
33265
33341
33266
33342
33267
33343
33268
33344
33269
33345
33270
33346
33271
33347
33272
33348
33273
33349
33274
33350
33275
33351
33276
33352
33277
33353
33278
33354
33279
33355
33280
33356
33281
33357
33282
33358
33283
33359
33284
33360
33285
33361
33286
33362
33287
33363
33288
33364
33289
33365
33290
33366
33291
33367
33292
33368
33293
33369
33294
33370
33295
33371
33296
33372
33297
33373
33298
33374
33299
33375
33300
33376
33301
33377
33302
33378
33303
33379
33304
33380
33305
33381
33306
33382
33307
33383
33308
33384
33309
33385
33310
33386
33311
33387
33312
33388
33313
33389
33314
33390
33315
33391
33316
33392
33317
33393
33318
33394
33319
33395
33320
33396
33321
33397
33322
33398
33323
33399
33324
33400
33325
33401
33326
33402
33327
33403
33328
33404
33329
33405
33330
33406
33331
33407
33332
33408
33333
33409
33334
33410
33335
33411
33336
33412
33337
33413
33414
42848
33339
33415
33340
33416
33341
33417
33342
33418
33343
33419
33344
33420
33345
33421
33346
33422
33347
33423
33348
33424
33349
33425
33350
33426
33351
33427
33352
33428
33353
33429
33354
33430
33355
33431
33356
33432
33357
33433
33358
33434
33359
33435
33360
33436
33361
33437
33362
33438
33363
33439
33364
33440
33365
33441
33366
33442
33367
33443
33368
33444
33369
33445
33370
33446
33371
33447
33372
33448
33373
33449
33374
33450
33375
33451
33376
33452
33377
33453
33378
33454
33379
33455
33380
33456
33381
33457
33382
33458
33383
33459
33384
33460
33385
33461
33386
33462
33387
33463
33388
33464
33389
33465
33390
33466
33391
33467
33392
33468
33393
33469
33394
33470
33395
33471
33396
33472
33397
33473
33398
33474
33399
33475
33400
33476
33401
33477
33402
33478
33403
33479
33404
33480
33405
33481
33406
33482
33407
33483
33408
33484
33409
33485
33410
33486
33411
33487
33412
33488
33413
33489
33414
33490
33491
42882
33416
33492
33417
33493
33418
33494
33419
33495
33420
33496
33421
33497
33422
33498
33423
33499
33424
33500
33425
33501
33426
33502
33427
33503
33428
33504
33429
33505
33430
33506
33431
33507
33432
33508
33433
33509
33434
33510
33435
33511
33436
33512
33437
33513
33438
33514
33439
33515
33440
33516
33441
33517
33442
33518
33443
33519
33444
33520
33445
33521
33446
33522
33447
33523
33448
33524
33449
33525
33450
33526
33451
33527
33452
33528
33453
33529
33454
33530
33455
33531
33456
33532
33457
33533
33458
33534
33459
33535
33460
33536
33461
33537
33462
33538
33463
33539
33464
33540
33465
33541
33466
33542
33467
33543
33468
33544
33469
33545
33470
33546
33471
33547
33472
33548
33473
33549
33474
33550
33475
33551
33476
33552
33477
33553
33478
33554
33479
33555
33480
33556
33481
33557
33482
33558
33483
33559
33484
33560
33485
33561
33486
33562
33487
33563
33488
33564
33489
33565
33490
33566
33491
33567
33568
42916
33493
33569
33494
33570
33495
33571
33496
33572
33497
33573
33498
33574
33499
33575
33500
33576
33501
33577
33502
33578
33503
33579
33504
33580
33505
33581
33506
33582
33507
33583
33508
33584
33509
33585
33510
33586
33511
33587
33512
33588
33513
33589
33514
33590
33515
33591
33516
33592
33517
33593
33518
33594
33519
33595
33520
33596
33521
33597
33522
33598
33523
33599
33524
33600
33525
33601
33526
33602
33527
33603
33528
33604
33529
33605
33530
33606
33531
33607
33532
33608
33533
33609
33534
33610
33535
33611
33536
33612
33537
33613
33538
33614
33539
33615
33540
33616
33541
33617
33542
33618
33543
33619
33544
33620
33545
33621
33546
33622
33547
33623
33548
33624
33549
33625
33550
33626
33551
33627
33552
33628
33553
33629
33554
33630
33555
33631
33556
33632
33557
33633
33558
33634
33559
33635
33560
33636
33561
33637
33562
33638
33563
33639
33564
33640
33565
33641
33566
33642
33567
33643
33568
33644
33645
42950
33570
33646
33571
33647
33572
33648
33573
33649
33574
33650
33575
33651
33576
33652
33577
33653
33578
33654
33579
33655
33580
33656
33581
33657
33582
33658
33583
33659
33584
33660
33585
33661
33586
33662
33587
33663
33588
33664
33589
33665
33590
33666
33591
33667
33592
33668
33593
33669
33594
33670
33595
33671
33596
33672
33597
33673
33598
33674
33599
33675
33600
33676
33601
33677
33602
33678
33603
33679
33604
33680
33605
33681
33606
33682
33607
33683
33608
33684
33609
33685
33610
33686
33611
33687
33612
33688
33613
33689
33614
33690
33615
33691
33616
33692
33617
33693
33618
33694
33619
33695
33620
33696
33621
33697
33622
33698
33623
33699
33624
33700
33625
33701
33626
33702
33627
33703
33628
33704
33629
33705
33630
33706
33631
33707
33632
33708
33633
33709
33634
33710
33635
33711
33636
33712
33637
33713
33638
33714
33639
33715
33640
33716
33641
33717
33642
33718
33643
33719
33644
33720
33645
33721
33722
42984
33647
33723
33648
33724
33649
33725
33650
33726
33651
33727
33652
33728
33653
33729
33654
33730
33655
33731
33656
33732
33657
33733
33658
33734
33659
33735
33660
33736
33661
33737
33662
33738
33663
33739
33664
33740
33665
33741
33666
33742
33667
33743
33668
33744
33669
33745
33670
33746
33671
33747
33672
33748
33673
33749
33674
33750
33675
33751
33676
33752
33677
33753
33678
33754
33679
33755
33680
33756
33681
33757
33682
33758
33683
33759
33684
33760
33685
33761
33686
33762
33687
33763
33688
33764
33689
33765
33690
33766
33691
33767
33692
33768
33693
33769
33694
33770
33695
33771
33696
33772
33697
33773
33698
33774
33699
33775
33700
33776
33701
33777
33702
33778
33703
33779
33704
33780
33705
33781
33706
33782
33707
33783
33708
33784
33709
33785
33710
33786
33711
33787
33712
33788
33713
33789
33714
33790
33715
33791
33716
33792
33717
33793
33718
33794
33719
33795
33720
33796
33721
33797
33722
33798
33799
43018
33724
33800
33725
33801
33726
33802
33727
33803
33728
33804
33729
33805
33730
33806
33731
33807
33732
33808
33733
33809
33734
33810
33735
33811
33736
33812
33737
33813
33738
33814
33739
33815
33740
33816
33741
33817
33742
33818
33743
33819
33744
33820
33745
33821
33746
33822
33747
33823
33748
33824
33749
33825
33750
33826
33751
33827
33752
33828
33753
33829
33754
33830
33755
33831
33756
33832
33757
33833
33758
33834
33759
33835
33760
33836
33761
33837
33762
33838
33763
33839
33764
33840
33765
33841
33766
33842
33767
33843
33768
33844
33769
33845
33770
33846
33771
33847
33772
33848
33773
33849
33774
33850
33775
33851
33776
33852
33777
33853
33778
33854
33779
33855
33780
33856
33781
33857
33782
33858
33783
33859
33784
33860
33785
33861
33786
33862
33787
33863
33788
33864
33789
33865
33790
33866
33791
33867
33792
33868
33793
33869
33794
33870
33795
33871
33796
33872
33797
33873
33798
33874
33799
33875
33876
43052
33801
33877
33802
33878
33803
33879
33804
33880
33805
33881
33806
33882
33807
33883
33808
33884
33809
33885
33810
33886
33811
33887
33812
33888
33813
33889
33814
33890
33815
33891
33816
33892
33817
33893
33818
33894
33819
33895
33820
33896
33821
33897
33822
33898
33823
33899
33824
33900
33825
33901
33826
33902
33827
33903
33828
33904
33829
33905
33830
33906
33831
33907
33832
33908
33833
33909
33834
33910
33835
33911
33836
33912
33837
33913
33838
33914
33839
33915
33840
33916
33841
33917
33842
33918
33843
33919
33844
33920
33845
33921
33846
33922
33847
33923
33848
33924
33849
33925
33850
33926
33851
33927
33852
33928
33853
33929
33854
33930
33855
33931
33856
33932
33857
33933
33858
33934
33859
33935
33860
33936
33861
33937
33862
33938
33863
33939
33864
33940
33865
33941
33866
33942
33867
33943
33868
33944
33869
33945
33870
33946
33871
33947
33872
33948
33873
33949
33874
33950
33875
33951
33876
33952
33953
43086
33878
33954
33879
33955
33880
33956
33881
33957
33882
33958
33883
33959
33884
33960
33885
33961
33886
33962
33887
33963
33888
33964
33889
33965
33890
33966
33891
33967
33892
33968
33893
33969
33894
33970
33895
33971
33896
33972
33897
33973
33898
33974
33899
33975
33900
33976
33901
33977
33902
33978
33903
33979
33904
33980
33905
33981
33906
33982
33907
33983
33908
33984
33909
33985
33910
33986
33911
33987
33912
33988
33913
33989
33914
33990
33915
33991
33916
33992
33917
33993
33918
33994
33919
33995
33920
33996
33921
33997
33922
33998
33923
33999
33924
34000
33925
34001
33926
34002
33927
34003
33928
34004
33929
34005
33930
34006
33931
34007
33932
34008
33933
34009
33934
34010
33935
34011
33936
34012
33937
34013
33938
34014
33939
34015
33940
34016
33941
34017
33942
34018
33943
34019
33944
34020
33945
34021
33946
34022
33947
34023
33948
34024
33949
34025
33950
34026
33951
34027
33952
34028
33953
34029
34030
43120
33955
34031
33956
34032
33957
34033
33958
34034
33959
34035
33960
34036
33961
34037
33962
34038
33963
34039
33964
34040
33965
34041
33966
34042
33967
34043
33968
34044
33969
34045
33970
34046
33971
34047
33972
34048
33973
34049
33974
34050
33975
34051
33976
34052
33977
34053
33978
34054
33979
34055
33980
34056
33981
34057
33982
34058
33983
34059
33984
34060
33985
34061
33986
34062
33987
34063
33988
34064
33989
34065
33990
34066
33991
34067
33992
34068
33993
34069
33994
34070
33995
34071
33996
34072
33997
34073
33998
34074
33999
34075
34000
34076
34001
34077
34002
34078
34003
34079
34004
34080
34005
34081
34006
34082
34007
34083
34008
34084
34009
34085
34010
34086
34011
34087
34012
34088
34013
34089
34014
34090
34015
34091
34016
34092
34017
34093
34018
34094
34019
34095
34020
34096
34021
34097
34022
34098
34023
34099
34024
34100
34025
34101
34026
34102
34027
34103
34028
34104
34029
34105
34030
34106
34107
43154
34032
34108
34033
34109
34034
34110
34035
34111
34036
34112
34037
34113
34038
34114
34039
34115
34040
34116
34041
34117
34042
34118
34043
34119
34044
34120
34045
34121
34046
34122
34047
34123
34048
34124
34049
34125
34050
34126
34051
34127
34052
34128
34053
34129
34054
34130
34055
34131
34056
34132
34057
34133
34058
34134
34059
34135
34060
34136
34061
34137
34062
34138
34063
34139
34064
34140
34065
34141
34066
34142
34067
34143
34068
34144
34069
34145
34070
34146
34071
34147
34072
34148
34073
34149
34074
34150
34075
34151
34076
34152
34077
34153
34078
34154
34079
34155
34080
34156
34081
34157
34082
34158
34083
34159
34084
34160
34085
34161
34086
34162
34087
34163
34088
34164
34089
34165
34090
34166
34091
34167
34092
34168
34093
34169
34094
34170
34095
34171
34096
34172
34097
34173
34098
34174
34099
34175
34100
34176
34101
34177
34102
34178
34103
34179
34104
34180
34105
34181
34106
34182
34107
34183
34184
43188
34109
34185
34110
34186
34111
34187
34112
34188
34113
34189
34114
34190
34115
34191
34116
34192
34117
34193
34118
34194
34119
34195
34120
34196
34121
34197
34122
34198
34123
34199
34124
34200
34125
34201
34126
34202
34127
34203
34128
34204
34129
34205
34130
34206
34131
34207
34132
34208
34133
34209
34134
34210
34135
34211
34136
34212
34137
34213
34138
34214
34139
34215
34140
34216
34141
34217
34142
34218
34143
34219
34144
34220
34145
34221
34146
34222
34147
34223
34148
34224
34149
34225
34150
34226
34151
34227
34152
34228
34153
34229
34154
34230
34155
34231
34156
34232
34157
34233
34158
34234
34159
34235
34160
34236
34161
34237
34162
34238
34163
34239
34164
34240
34165
34241
34166
34242
34167
34243
34168
34244
34169
34245
34170
34246
34171
34247
34172
34248
34173
34249
34174
34250
34175
34251
34176
34252
34177
34253
34178
34254
34179
34255
34180
34256
34181
34257
34182
34258
34183
34259
34184
34260
34261
43222
34186
34262
34187
34263
34188
34264
34189
34265
34190
34266
34191
34267
34192
34268
34193
34269
34194
34270
34195
34271
34196
34272
34197
34273
34198
34274
34199
34275
34200
34276
34201
34277
34202
34278
34203
34279
34204
34280
34205
34281
34206
34282
34207
34283
34208
34284
34209
34285
34210
34286
34211
34287
34212
34288
34213
34289
34214
34290
34215
34291
34216
34292
34217
34293
34218
34294
34219
34295
34220
34296
34221
34297
34222
34298
34223
34299
34224
34300
34225
34301
34226
34302
34227
34303
34228
34304
34229
34305
34230
34306
34231
34307
34232
34308
34233
34309
34234
34310
34235
34311
34236
34312
34237
34313
34238
34314
34239
34315
34240
34316
34241
34317
34242
34318
34243
34319
34244
34320
34245
34321
34246
34322
34247
34323
34248
34324
34249
34325
34250
34326
34251
34327
34252
34328
34253
34329
34254
34330
34255
34331
34256
34332
34257
34333
34258
34334
34259
34335
34260
34336
34261
34337
34338
43256
34263
34339
34264
34340
34265
34341
34266
34342
34267
34343
34268
34344
34269
34345
34270
34346
34271
34347
34272
34348
34273
34349
34274
34350
34275
34351
34276
34352
34277
34353
34278
34354
34279
34355
34280
34356
34281
34357
34282
34358
34283
34359
34284
34360
34285
34361
34286
34362
34287
34363
34288
34364
34289
34365
34290
34366
34291
34367
34292
34368
34293
34369
34294
34370
34295
34371
34296
34372
34297
34373
34298
34374
34299
34375
34300
34376
34301
34377
34302
34378
34303
34379
34304
34380
34305
34381
34306
34382
34307
34383
34308
34384
34309
34385
34310
34386
34311
34387
34312
34388
34313
34389
34314
34390
34315
34391
34316
34392
34317
34393
34318
34394
34319
34395
34320
34396
34321
34397
34322
34398
34323
34399
34324
34400
34325
34401
34326
34402
34327
34403
34328
34404
34329
34405
34330
34406
34331
34407
34332
34408
34333
34409
34334
34410
34335
34411
34336
34412
34337
34413
34338
34414
34415
43290
34340
34416
34341
34417
34342
34418
34343
34419
34344
34420
34345
34421
34346
34422
34347
34423
34348
34424
34349
34425
34350
34426
34351
34427
34352
34428
34353
34429
34354
34430
34355
34431
34356
34432
34357
34433
34358
34434
34359
34435
34360
34436
34361
34437
34362
34438
34363
34439
34364
34440
34365
34441
34366
34442
34367
34443
34368
34444
34369
34445
34370
34446
34371
34447
34372
34448
34373
34449
34374
34450
34375
34451
34376
34452
34377
34453
34378
34454
34379
34455
34380
34456
34381
34457
34382
34458
34383
34459
34384
34460
34385
34461
34386
34462
34387
34463
34388
34464
34389
34465
34390
34466
34391
34467
34392
34468
34393
34469
34394
34470
34395
34471
34396
34472
34397
34473
34398
34474
34399
34475
34400
34476
34401
34477
34402
34478
34403
34479
34404
34480
34405
34481
34406
34482
34407
34483
34408
34484
34409
34485
34410
34486
34411
34487
34412
34488
34413
34489
34414
34490
34415
34491
34492
43324
34417
34493
34418
34494
34419
34495
34420
34496
34421
34497
34422
34498
34423
34499
34424
34500
34425
34501
34426
34502
34427
34503
34428
34504
34429
34505
34430
34506
34431
34507
34432
34508
34433
34509
34434
34510
34435
34511
34436
34512
34437
34513
34438
34514
34439
34515
34440
34516
34441
34517
34442
34518
34443
34519
34444
34520
34445
34521
34446
34522
34447
34523
34448
34524
34449
34525
34450
34526
34451
34527
34452
34528
34453
34529
34454
34530
34455
34531
34456
34532
34457
34533
34458
34534
34459
34535
34460
34536
34461
34537
34462
34538
34463
34539
34464
34540
34465
34541
34466
34542
34467
34543
34468
34544
34469
34545
34470
34546
34471
34547
34472
34548
34473
34549
34474
34550
34475
34551
34476
34552
34477
34553
34478
34554
34479
34555
34480
34556
34481
34557
34482
34558
34483
34559
34484
34560
34485
34561
34486
34562
34487
34563
34488
34564
34489
34565
34490
34566
34491
34567
34492
34568
34569
43358
34494
34570
34495
34571
34496
34572
34497
34573
34498
34574
34499
34575
34500
34576
34501
34577
34502
34578
34503
34579
34504
34580
34505
34581
34506
34582
34507
34583
34508
34584
34509
34585
34510
34586
34511
34587
34512
34588
34513
34589
34514
34590
34515
34591
34516
34592
34517
34593
34518
34594
34519
34595
34520
34596
34521
34597
34522
34598
34523
34599
34524
34600
34525
34601
34526
34602
34527
34603
34528
34604
34529
34605
34530
34606
34531
34607
34532
34608
34533
34609
34534
34610
34535
34611
34536
34612
34537
34613
34538
34614
34539
34615
34540
34616
34541
34617
34542
34618
34543
34619
34544
34620
34545
34621
34546
34622
34547
34623
34548
34624
34549
34625
34550
34626
34551
34627
34552
34628
34553
34629
34554
34630
34555
34631
34556
34632
34557
34633
34558
34634
34559
34635
34560
34636
34561
34637
34562
34638
34563
34639
34564
34640
34565
34641
34566
34642
34567
34643
34568
34644
34569
34645
34646
43392
34571
34647
34572
34648
34573
34649
34574
34650
34575
34651
34576
34652
34577
34653
34578
34654
34579
34655
34580
34656
34581
34657
34582
34658
34583
34659
34584
34660
34585
34661
34586
34662
34587
34663
34588
34664
34589
34665
34590
34666
34591
34667
34592
34668
34593
34669
34594
34670
34595
34671
34596
34672
34597
34673
34598
34674
34599
34675
34600
34676
34601
34677
34602
34678
34603
34679
34604
34680
34605
34681
34606
34682
34607
34683
34608
34684
34609
34685
34610
34686
34611
34687
34612
34688
34613
34689
34614
34690
34615
34691
34616
34692
34617
34693
34618
34694
34619
34695
34620
34696
34621
34697
34622
34698
34623
34699
34624
34700
34625
34701
34626
34702
34627
34703
34628
34704
34629
34705
34630
34706
34631
34707
34632
34708
34633
34709
34634
34710
34635
34711
34636
34712
34637
34713
34638
34714
34639
34715
34640
34716
34641
34717
34642
34718
34643
34719
34644
34720
34645
34721
34646
34722
34723
43426
34648
34724
34649
34725
34650
34726
34651
34727
34652
34728
34653
34729
34654
34730
34655
34731
34656
34732
34657
34733
34658
34734
34659
34735
34660
34736
34661
34737
34662
34738
34663
34739
34664
34740
34665
34741
34666
34742
34667
34743
34668
34744
34669
34745
34670
34746
34671
34747
34672
34748
34673
34749
34674
34750
34675
34751
34676
34752
34677
34753
34678
34754
34679
34755
34680
34756
34681
34757
34682
34758
34683
34759
34684
34760
34685
34761
34686
34762
34687
34763
34688
34764
34689
34765
34690
34766
34691
34767
34692
34768
34693
34769
34694
34770
34695
34771
34696
34772
34697
34773
34698
34774
34699
34775
34700
34776
34701
34777
34702
34778
34703
34779
34704
34780
34705
34781
34706
34782
34707
34783
34708
34784
34709
34785
34710
34786
34711
34787
34712
34788
34713
34789
34714
34790
34715
34791
34716
34792
34717
34793
34718
34794
34719
34795
34720
34796
34721
34797
34722
34798
34723
34799
34800
43460
34725
34801
34726
34802
34727
34803
34728
34804
34729
34805
34730
34806
34731
34807
34732
34808
34733
34809
34734
34810
34735
34811
34736
34812
34737
34813
34738
34814
34739
34815
34740
34816
34741
34817
34742
34818
34743
34819
34744
34820
34745
34821
34746
34822
34747
34823
34748
34824
34749
34825
34750
34826
34751
34827
34752
34828
34753
34829
34754
34830
34755
34831
34756
34832
34757
34833
34758
34834
34759
34835
34760
34836
34761
34837
34762
34838
34763
34839
34764
34840
34765
34841
34766
34842
34767
34843
34768
34844
34769
34845
34770
34846
34771
34847
34772
34848
34773
34849
34774
34850
34775
34851
34776
34852
34777
34853
34778
34854
34779
34855
34780
34856
34781
34857
34782
34858
34783
34859
34784
34860
34785
34861
34786
34862
34787
34863
34788
34864
34789
34865
34790
34866
34791
34867
34792
34868
34793
34869
34794
34870
34795
34871
34796
34872
34797
34873
34798
34874
34799
34875
34800
34876
34877
43494
34802
34878
34803
34879
34804
34880
34805
34881
34806
34882
34807
34883
34808
34884
34809
34885
34810
34886
34811
34887
34812
34888
34813
34889
34814
34890
34815
34891
34816
34892
34817
34893
34818
34894
34819
34895
34820
34896
34821
34897
34822
34898
34823
34899
34824
34900
34825
34901
34826
34902
34827
34903
34828
34904
34829
34905
34830
34906
34831
34907
34832
34908
34833
34909
34834
34910
34835
34911
34836
34912
34837
34913
34838
34914
34839
34915
34840
34916
34841
34917
34842
34918
34843
34919
34844
34920
34845
34921
34846
34922
34847
34923
34848
34924
34849
34925
34850
34926
34851
34927
34852
34928
34853
34929
34854
34930
34855
34931
34856
34932
34857
34933
34858
34934
34859
34935
34860
34936
34861
34937
34862
34938
34863
34939
34864
34940
34865
34941
34866
34942
34867
34943
34868
34944
34869
34945
34870
34946
34871
34947
34872
34948
34873
34949
34874
34950
34875
34951
34876
34952
34877
34953
34954
43528
34879
34955
34880
34956
34881
34957
34882
34958
34883
34959
34884
34960
34885
34961
34886
34962
34887
34963
34888
34964
34889
34965
34890
34966
34891
34967
34892
34968
34893
34969
34894
34970
34895
34971
34896
34972
34897
34973
34898
34974
34899
34975
34900
34976
34901
34977
34902
34978
34903
34979
34904
34980
34905
34981
34906
34982
34907
34983
34908
34984
34909
34985
34910
34986
34911
34987
34912
34988
34913
34989
34914
34990
34915
34991
34916
34992
34917
34993
34918
34994
34919
34995
34920
34996
34921
34997
34922
34998
34923
34999
34924
35000
34925
35001
34926
35002
34927
35003
34928
35004
34929
35005
34930
35006
34931
35007
34932
35008
34933
35009
34934
35010
34935
35011
34936
35012
34937
35013
34938
35014
34939
35015
34940
35016
34941
35017
34942
35018
34943
35019
34944
35020
34945
35021
34946
35022
34947
35023
34948
35024
34949
35025
34950
35026
34951
35027
34952
35028
34953
35029
34954
35030
35031
43562
34956
35032
34957
35033
34958
35034
34959
35035
34960
35036
34961
35037
34962
35038
34963
35039
34964
35040
34965
35041
34966
35042
34967
35043
34968
35044
34969
35045
34970
35046
34971
35047
34972
35048
34973
35049
34974
35050
34975
35051
34976
35052
34977
35053
34978
35054
34979
35055
34980
35056
34981
35057
34982
35058
34983
35059
34984
35060
34985
35061
34986
35062
34987
35063
34988
35064
34989
35065
34990
35066
34991
35067
34992
35068
34993
35069
34994
35070
34995
35071
34996
35072
34997
35073
34998
35074
34999
35075
35000
35076
35001
35077
35002
35078
35003
35079
35004
35080
35005
35081
35006
35082
35007
35083
35008
35084
35009
35085
35010
35086
35011
35087
35012
35088
35013
35089
35014
35090
35015
35091
35016
35092
35017
35093
35018
35094
35019
35095
35020
35096
35021
35097
35022
35098
35023
35099
35024
35100
35025
35101
35026
35102
35027
35103
35028
35104
35029
35105
35030
35106
35031
35107
35108
43596
35033
35109
35034
35110
35035
35111
35036
35112
35037
35113
35038
35114
35039
35115
35040
35116
35041
35117
35042
35118
35043
35119
35044
35120
35045
35121
35046
35122
35047
35123
35048
35124
35049
35125
35050
35126
35051
35127
35052
35128
35053
35129
35054
35130
35055
35131
35056
35132
35057
35133
35058
35134
35059
35135
35060
35136
35061
35137
35062
35138
35063
35139
35064
35140
35065
35141
35066
35142
35067
35143
35068
35144
35069
35145
35070
35146
35071
35147
35072
35148
35073
35149
35074
35150
35075
35151
35076
35152
35077
35153
35078
35154
35079
35155
35080
35156
35081
35157
35082
35158
35083
35159
35084
35160
35085
35161
35086
35162
35087
35163
35088
35164
35089
35165
35090
35166
35091
35167
35092
35168
35093
35169
35094
35170
35095
35171
35096
35172
35097
35173
35098
35174
35099
35175
35100
35176
35101
35177
35102
35178
35103
35179
35104
35180
35105
35181
35106
35182
35107
35183
35108
35184
35185
43630
35110
35111
35112
35113
35114
35115
35116
35117
35118
35119
35120
35121
35122
35123
35124
35125
35126
35127
35128
35129
35130
35131
35132
35133
35134
35135
35136
35137
35138
35139
35140
35141
35142
35143
35144
35145
35146
35147
35148
35149
35150
35151
35152
35153
35154
35155
35156
35157
35158
35159
35160
35161
35162
35163
35164
35165
35166
35167
35168
35169
35170
35171
35172
35173
35174
35175
35176
35177
35178
35179
35180
35181
35182
35183
35184
35185
43664
35187
35236
39036
35188
35237
35189
35238
35190
35239
35191
35240
35192
35241
35193
35242
35194
35243
35195
35244
35196
35245
35197
35246
35198
35247
35199
35248
35200
35249
35201
35250
35202
35251
35203
35252
35204
35253
35205
35254
35206
35255
35207
35256
35208
35257
35209
35258
35210
35259
35211
35260
35212
35261
35213
35262
35214
35263
35215
35264
35216
35265
35217
35266
35218
35267
35219
35268
35220
35269
35221
35270
35222
35271
35223
35272
35224
35273
35225
35274
35226
35275
35227
35276
35228
35277
35229
35278
35230
35279
35231
35280
35232
35281
35233
35282
35234
35283
35235
35284
35285
35237
35286
39037
35238
35287
35239
35288
35240
35289
35241
35290
35242
35291
35243
35292
35244
35293
35245
35294
35246
35295
35247
35296
35248
35297
35249
35298
35250
35299
35251
35300
35252
35301
35253
35302
35254
35303
35255
35304
35256
35305
35257
35306
35258
35307
35259
35308
35260
35309
35261
35310
35262
35311
35263
35312
35264
35313
35265
35314
35266
35315
35267
35316
35268
35317
35269
35318
35270
35319
35271
35320
35272
35321
35273
35322
35274
35323
35275
35324
35276
35325
35277
35326
35278
35327
35279
35328
35280
35329
35281
35330
35282
35331
35283
35332
35284
35333
35285
35334
35335
35287
35336
39038
35288
35337
35289
35338
35290
35339
35291
35340
35292
35341
35293
35342
35294
35343
35295
35344
35296
35345
35297
35346
35298
35347
35299
35348
35300
35349
35301
35350
35302
35351
35303
35352
35304
35353
35305
35354
35306
35355
35307
35356
35308
35357
35309
35358
35310
35359
35311
35360
35312
35361
35313
35362
35314
35363
35315
35364
35316
35365
35317
35366
35318
35367
35319
35368
35320
35369
35321
35370
35322
35371
35323
35372
35324
35373
35325
35374
35326
35375
35327
35376
35328
35377
35329
35378
35330
35379
35331
35380
35332
35381
35333
35382
35334
35383
35335
35384
35385
35337
35386
39039
35338
35387
35339
35388
35340
35389
35341
35390
35342
35391
35343
35392
35344
35393
35345
35394
35346
35395
35347
35396
35348
35397
35349
35398
35350
35399
35351
35400
35352
35401
35353
35402
35354
35403
35355
35404
35356
35405
35357
35406
35358
35407
35359
35408
35360
35409
35361
35410
35362
35411
35363
35412
35364
35413
35365
35414
35366
35415
35367
35416
35368
35417
35369
35418
35370
35419
35371
35420
35372
35421
35373
35422
35374
35423
35375
35424
35376
35425
35377
35426
35378
35427
35379
35428
35380
35429
35381
35430
35382
35431
35383
35432
35384
35433
35385
35434
35435
35387
35436
39040
35388
35437
35389
35438
35390
35439
35391
35440
35392
35441
35393
35442
35394
35443
35395
35444
35396
35445
35397
35446
35398
35447
35399
35448
35400
35449
35401
35450
35402
35451
35403
35452
35404
35453
35405
35454
35406
35455
35407
35456
35408
35457
35409
35458
35410
35459
35411
35460
35412
35461
35413
35462
35414
35463
35415
35464
35416
35465
35417
35466
35418
35467
35419
35468
35420
35469
35421
35470
35422
35471
35423
35472
35424
35473
35425
35474
35426
35475
35427
35476
35428
35477
35429
35478
35430
35479
35431
35480
35432
35481
35433
35482
35434
35483
35435
35484
35485
35437
35486
39041
35438
35487
35439
35488
35440
35489
35441
35490
35442
35491
35443
35492
35444
35493
35445
35494
35446
35495
35447
35496
35448
35497
35449
35498
35450
35499
35451
35500
35452
35501
35453
35502
35454
35503
35455
35504
35456
35505
35457
35506
35458
35507
35459
35508
35460
35509
35461
35510
35462
35511
35463
35512
35464
35513
35465
35514
35466
35515
35467
35516
35468
35517
35469
35518
35470
35519
35471
35520
35472
35521
35473
35522
35474
35523
35475
35524
35476
35525
35477
35526
35478
35527
35479
35528
35480
35529
35481
35530
35482
35531
35483
35532
35484
35533
35485
35534
35535
35487
35536
39042
35488
35537
35489
35538
35490
35539
35491
35540
35492
35541
35493
35542
35494
35543
35495
35544
35496
35545
35497
35546
35498
35547
35499
35548
35500
35549
35501
35550
35502
35551
35503
35552
35504
35553
35505
35554
35506
35555
35507
35556
35508
35557
35509
35558
35510
35559
35511
35560
35512
35561
35513
35562
35514
35563
35515
35564
35516
35565
35517
35566
35518
35567
35519
35568
35520
35569
35521
35570
35522
35571
35523
35572
35524
35573
35525
35574
35526
35575
35527
35576
35528
35577
35529
35578
35530
35579
35531
35580
35532
35581
35533
35582
35534
35583
35535
35584
35585
35537
35586
39043
35538
35587
35539
35588
35540
35589
35541
35590
35542
35591
35543
35592
35544
35593
35545
35594
35546
35595
35547
35596
35548
35597
35549
35598
35550
35599
35551
35600
35552
35601
35553
35602
35554
35603
35555
35604
35556
35605
35557
35606
35558
35607
35559
35608
35560
35609
35561
35610
35562
35611
35563
35612
35564
35613
35565
35614
35566
35615
35567
35616
35568
35617
35569
35618
35570
35619
35571
35620
35572
35621
35573
35622
35574
35623
35575
35624
35576
35625
35577
35626
35578
35627
35579
35628
35580
35629
35581
35630
35582
35631
35583
35632
35584
35633
35585
35634
35635
35587
35636
39044
35588
35637
35589
35638
35590
35639
35591
35640
35592
35641
35593
35642
35594
35643
35595
35644
35596
35645
35597
35646
35598
35647
35599
35648
35600
35649
35601
35650
35602
35651
35603
35652
35604
35653
35605
35654
35606
35655
35607
35656
35608
35657
35609
35658
35610
35659
35611
35660
35612
35661
35613
35662
35614
35663
35615
35664
35616
35665
35617
35666
35618
35667
35619
35668
35620
35669
35621
35670
35622
35671
35623
35672
35624
35673
35625
35674
35626
35675
35627
35676
35628
35677
35629
35678
35630
35679
35631
35680
35632
35681
35633
35682
35634
35683
35635
35684
35685
35637
35686
39045
35638
35687
35639
35688
35640
35689
35641
35690
35642
35691
35643
35692
35644
35693
35645
35694
35646
35695
35647
35696
35648
35697
35649
35698
35650
35699
35651
35700
35652
35701
35653
35702
35654
35703
35655
35704
35656
35705
35657
35706
35658
35707
35659
35708
35660
35709
35661
35710
35662
35711
35663
35712
35664
35713
35665
35714
35666
35715
35667
35716
35668
35717
35669
35718
35670
35719
35671
35720
35672
35721
35673
35722
35674
35723
35675
35724
35676
35725
35677
35726
35678
35727
35679
35728
35680
35729
35681
35730
35682
35731
35683
35732
35684
35733
35685
35734
35735
35687
35736
39046
35688
35737
35689
35738
35690
35739
35691
35740
35692
35741
35693
35742
35694
35743
35695
35744
35696
35745
35697
35746
35698
35747
35699
35748
35700
35749
35701
35750
35702
35751
35703
35752
35704
35753
35705
35754
35706
35755
35707
35756
35708
35757
35709
35758
35710
35759
35711
35760
35712
35761
35713
35762
35714
35763
35715
35764
35716
35765
35717
35766
35718
35767
35719
35768
35720
35769
35721
35770
35722
35771
35723
35772
35724
35773
35725
35774
35726
35775
35727
35776
35728
35777
35729
35778
35730
35779
35731
35780
35732
35781
35733
35782
35734
35783
35735
35784
35785
35737
35786
39047
35738
35787
35739
35788
35740
35789
35741
35790
35742
35791
35743
35792
35744
35793
35745
35794
35746
35795
35747
35796
35748
35797
35749
35798
35750
35799
35751
35800
35752
35801
35753
35802
35754
35803
35755
35804
35756
35805
35757
35806
35758
35807
35759
35808
35760
35809
35761
35810
35762
35811
35763
35812
35764
35813
35765
35814
35766
35815
35767
35816
35768
35817
35769
35818
35770
35819
35771
35820
35772
35821
35773
35822
35774
35823
35775
35824
35776
35825
35777
35826
35778
35827
35779
35828
35780
35829
35781
35830
35782
35831
35783
35832
35784
35833
35785
35834
35835
35787
35836
39048
35788
35837
35789
35838
35790
35839
35791
35840
35792
35841
35793
35842
35794
35843
35795
35844
35796
35845
35797
35846
35798
35847
35799
35848
35800
35849
35801
35850
35802
35851
35803
35852
35804
35853
35805
35854
35806
35855
35807
35856
35808
35857
35809
35858
35810
35859
35811
35860
35812
35861
35813
35862
35814
35863
35815
35864
35816
35865
35817
35866
35818
35867
35819
35868
35820
35869
35821
35870
35822
35871
35823
35872
35824
35873
35825
35874
35826
35875
35827
35876
35828
35877
35829
35878
35830
35879
35831
35880
35832
35881
35833
35882
35834
35883
35835
35884
35885
35837
35886
39049
35838
35887
35839
35888
35840
35889
35841
35890
35842
35891
35843
35892
35844
35893
35845
35894
35846
35895
35847
35896
35848
35897
35849
35898
35850
35899
35851
35900
35852
35901
35853
35902
35854
35903
35855
35904
35856
35905
35857
35906
35858
35907
35859
35908
35860
35909
35861
35910
35862
35911
35863
35912
35864
35913
35865
35914
35866
35915
35867
35916
35868
35917
35869
35918
35870
35919
35871
35920
35872
35921
35873
35922
35874
35923
35875
35924
35876
35925
35877
35926
35878
35927
35879
35928
35880
35929
35881
35930
35882
35931
35883
35932
35884
35933
35885
35934
35935
35887
35936
39050
35888
35937
35889
35938
35890
35939
35891
35940
35892
35941
35893
35942
35894
35943
35895
35944
35896
35945
35897
35946
35898
35947
35899
35948
35900
35949
35901
35950
35902
35951
35903
35952
35904
35953
35905
35954
35906
35955
35907
35956
35908
35957
35909
35958
35910
35959
35911
35960
35912
35961
35913
35962
35914
35963
35915
35964
35916
35965
35917
35966
35918
35967
35919
35968
35920
35969
35921
35970
35922
35971
35923
35972
35924
35973
35925
35974
35926
35975
35927
35976
35928
35977
35929
35978
35930
35979
35931
35980
35932
35981
35933
35982
35934
35983
35935
35984
35985
35937
35986
39051
35938
35987
35939
35988
35940
35989
35941
35990
35942
35991
35943
35992
35944
35993
35945
35994
35946
35995
35947
35996
35948
35997
35949
35998
35950
35999
35951
36000
35952
36001
35953
36002
35954
36003
35955
36004
35956
36005
35957
36006
35958
36007
35959
36008
35960
36009
35961
36010
35962
36011
35963
36012
35964
36013
35965
36014
35966
36015
35967
36016
35968
36017
35969
36018
35970
36019
35971
36020
35972
36021
35973
36022
35974
36023
35975
36024
35976
36025
35977
36026
35978
36027
35979
36028
35980
36029
35981
36030
35982
36031
35983
36032
35984
36033
35985
36034
36035
35987
36036
39052
35988
36037
35989
36038
35990
36039
35991
36040
35992
36041
35993
36042
35994
36043
35995
36044
35996
36045
35997
36046
35998
36047
35999
36048
36000
36049
36001
36050
36002
36051
36003
36052
36004
36053
36005
36054
36006
36055
36007
36056
36008
36057
36009
36058
36010
36059
36011
36060
36012
36061
36013
36062
36014
36063
36015
36064
36016
36065
36017
36066
36018
36067
36019
36068
36020
36069
36021
36070
36022
36071
36023
36072
36024
36073
36025
36074
36026
36075
36027
36076
36028
36077
36029
36078
36030
36079
36031
36080
36032
36081
36033
36082
36034
36083
36035
36084
36085
36037
36086
39053
36038
36087
36039
36088
36040
36089
36041
36090
36042
36091
36043
36092
36044
36093
36045
36094
36046
36095
36047
36096
36048
36097
36049
36098
36050
36099
36051
36100
36052
36101
36053
36102
36054
36103
36055
36104
36056
36105
36057
36106
36058
36107
36059
36108
36060
36109
36061
36110
36062
36111
36063
36112
36064
36113
36065
36114
36066
36115
36067
36116
36068
36117
36069
36118
36070
36119
36071
36120
36072
36121
36073
36122
36074
36123
36075
36124
36076
36125
36077
36126
36078
36127
36079
36128
36080
36129
36081
36130
36082
36131
36083
36132
36084
36133
36085
36134
36135
36087
36136
39054
36088
36137
36089
36138
36090
36139
36091
36140
36092
36141
36093
36142
36094
36143
36095
36144
36096
36145
36097
36146
36098
36147
36099
36148
36100
36149
36101
36150
36102
36151
36103
36152
36104
36153
36105
36154
36106
36155
36107
36156
36108
36157
36109
36158
36110
36159
36111
36160
36112
36161
36113
36162
36114
36163
36115
36164
36116
36165
36117
36166
36118
36167
36119
36168
36120
36169
36121
36170
36122
36171
36123
36172
36124
36173
36125
36174
36126
36175
36127
36176
36128
36177
36129
36178
36130
36179
36131
36180
36132
36181
36133
36182
36134
36183
36135
36184
36185
36137
36186
39055
36138
36187
36139
36188
36140
36189
36141
36190
36142
36191
36143
36192
36144
36193
36145
36194
36146
36195
36147
36196
36148
36197
36149
36198
36150
36199
36151
36200
36152
36201
36153
36202
36154
36203
36155
36204
36156
36205
36157
36206
36158
36207
36159
36208
36160
36209
36161
36210
36162
36211
36163
36212
36164
36213
36165
36214
36166
36215
36167
36216
36168
36217
36169
36218
36170
36219
36171
36220
36172
36221
36173
36222
36174
36223
36175
36224
36176
36225
36177
36226
36178
36227
36179
36228
36180
36229
36181
36230
36182
36231
36183
36232
36184
36233
36185
36234
36235
36187
36236
39056
36188
36237
36189
36238
36190
36239
36191
36240
36192
36241
36193
36242
36194
36243
36195
36244
36196
36245
36197
36246
36198
36247
36199
36248
36200
36249
36201
36250
36202
36251
36203
36252
36204
36253
36205
36254
36206
36255
36207
36256
36208
36257
36209
36258
36210
36259
36211
36260
36212
36261
36213
36262
36214
36263
36215
36264
36216
36265
36217
36266
36218
36267
36219
36268
36220
36269
36221
36270
36222
36271
36223
36272
36224
36273
36225
36274
36226
36275
36227
36276
36228
36277
36229
36278
36230
36279
36231
36280
36232
36281
36233
36282
36234
36283
36235
36284
36285
36237
36286
39057
36238
36287
36239
36288
36240
36289
36241
36290
36242
36291
36243
36292
36244
36293
36245
36294
36246
36295
36247
36296
36248
36297
36249
36298
36250
36299
36251
36300
36252
36301
36253
36302
36254
36303
36255
36304
36256
36305
36257
36306
36258
36307
36259
36308
36260
36309
36261
36310
36262
36311
36263
36312
36264
36313
36265
36314
36266
36315
36267
36316
36268
36317
36269
36318
36270
36319
36271
36320
36272
36321
36273
36322
36274
36323
36275
36324
36276
36325
36277
36326
36278
36327
36279
36328
36280
36329
36281
36330
36282
36331
36283
36332
36284
36333
36285
36334
36335
36287
36336
39058
36288
36337
36289
36338
36290
36339
36291
36340
36292
36341
36293
36342
36294
36343
36295
36344
36296
36345
36297
36346
36298
36347
36299
36348
36300
36349
36301
36350
36302
36351
36303
36352
36304
36353
36305
36354
36306
36355
36307
36356
36308
36357
36309
36358
36310
36359
36311
36360
36312
36361
36313
36362
36314
36363
36315
36364
36316
36365
36317
36366
36318
36367
36319
36368
36320
36369
36321
36370
36322
36371
36323
36372
36324
36373
36325
36374
36326
36375
36327
36376
36328
36377
36329
36378
36330
36379
36331
36380
36332
36381
36333
36382
36334
36383
36335
36384
36385
36337
36386
39059
36338
36387
36339
36388
36340
36389
36341
36390
36342
36391
36343
36392
36344
36393
36345
36394
36346
36395
36347
36396
36348
36397
36349
36398
36350
36399
36351
36400
36352
36401
36353
36402
36354
36403
36355
36404
36356
36405
36357
36406
36358
36407
36359
36408
36360
36409
36361
36410
36362
36411
36363
36412
36364
36413
36365
36414
36366
36415
36367
36416
36368
36417
36369
36418
36370
36419
36371
36420
36372
36421
36373
36422
36374
36423
36375
36424
36376
36425
36377
36426
36378
36427
36379
36428
36380
36429
36381
36430
36382
36431
36383
36432
36384
36433
36385
36434
36435
36387
36436
39060
36388
36437
36389
36438
36390
36439
36391
36440
36392
36441
36393
36442
36394
36443
36395
36444
36396
36445
36397
36446
36398
36447
36399
36448
36400
36449
36401
36450
36402
36451
36403
36452
36404
36453
36405
36454
36406
36455
36407
36456
36408
36457
36409
36458
36410
36459
36411
36460
36412
36461
36413
36462
36414
36463
36415
36464
36416
36465
36417
36466
36418
36467
36419
36468
36420
36469
36421
36470
36422
36471
36423
36472
36424
36473
36425
36474
36426
36475
36427
36476
36428
36477
36429
36478
36430
36479
36431
36480
36432
36481
36433
36482
36434
36483
36435
36484
36485
36437
36486
39061
36438
36487
36439
36488
36440
36489
36441
36490
36442
36491
36443
36492
36444
36493
36445
36494
36446
36495
36447
36496
36448
36497
36449
36498
36450
36499
36451
36500
36452
36501
36453
36502
36454
36503
36455
36504
36456
36505
36457
36506
36458
36507
36459
36508
36460
36509
36461
36510
36462
36511
36463
36512
36464
36513
36465
36514
36466
36515
36467
36516
36468
36517
36469
36518
36470
36519
36471
36520
36472
36521
36473
36522
36474
36523
36475
36524
36476
36525
36477
36526
36478
36527
36479
36528
36480
36529
36481
36530
36482
36531
36483
36532
36484
36533
36485
36534
36535
36487
36536
39062
36488
36537
36489
36538
36490
36539
36491
36540
36492
36541
36493
36542
36494
36543
36495
36544
36496
36545
36497
36546
36498
36547
36499
36548
36500
36549
36501
36550
36502
36551
36503
36552
36504
36553
36505
36554
36506
36555
36507
36556
36508
36557
36509
36558
36510
36559
36511
36560
36512
36561
36513
36562
36514
36563
36515
36564
36516
36565
36517
36566
36518
36567
36519
36568
36520
36569
36521
36570
36522
36571
36523
36572
36524
36573
36525
36574
36526
36575
36527
36576
36528
36577
36529
36578
36530
36579
36531
36580
36532
36581
36533
36582
36534
36583
36535
36584
36585
36537
36586
39063
36538
36587
36539
36588
36540
36589
36541
36590
36542
36591
36543
36592
36544
36593
36545
36594
36546
36595
36547
36596
36548
36597
36549
36598
36550
36599
36551
36600
36552
36601
36553
36602
36554
36603
36555
36604
36556
36605
36557
36606
36558
36607
36559
36608
36560
36609
36561
36610
36562
36611
36563
36612
36564
36613
36565
36614
36566
36615
36567
36616
36568
36617
36569
36618
36570
36619
36571
36620
36572
36621
36573
36622
36574
36623
36575
36624
36576
36625
36577
36626
36578
36627
36579
36628
36580
36629
36581
36630
36582
36631
36583
36632
36584
36633
36585
36634
36635
36587
36636
39064
36588
36637
36589
36638
36590
36639
36591
36640
36592
36641
36593
36642
36594
36643
36595
36644
36596
36645
36597
36646
36598
36647
36599
36648
36600
36649
36601
36650
36602
36651
36603
36652
36604
36653
36605
36654
36606
36655
36607
36656
36608
36657
36609
36658
36610
36659
36611
36660
36612
36661
36613
36662
36614
36663
36615
36664
36616
36665
36617
36666
36618
36667
36619
36668
36620
36669
36621
36670
36622
36671
36623
36672
36624
36673
36625
36674
36626
36675
36627
36676
36628
36677
36629
36678
36630
36679
36631
36680
36632
36681
36633
36682
36634
36683
36635
36684
36685
36637
36686
39065
36638
36687
36639
36688
36640
36689
36641
36690
36642
36691
36643
36692
36644
36693
36645
36694
36646
36695
36647
36696
36648
36697
36649
36698
36650
36699
36651
36700
36652
36701
36653
36702
36654
36703
36655
36704
36656
36705
36657
36706
36658
36707
36659
36708
36660
36709
36661
36710
36662
36711
36663
36712
36664
36713
36665
36714
36666
36715
36667
36716
36668
36717
36669
36718
36670
36719
36671
36720
36672
36721
36673
36722
36674
36723
36675
36724
36676
36725
36677
36726
36678
36727
36679
36728
36680
36729
36681
36730
36682
36731
36683
36732
36684
36733
36685
36734
36735
36687
36736
39066
36688
36737
36689
36738
36690
36739
36691
36740
36692
36741
36693
36742
36694
36743
36695
36744
36696
36745
36697
36746
36698
36747
36699
36748
36700
36749
36701
36750
36702
36751
36703
36752
36704
36753
36705
36754
36706
36755
36707
36756
36708
36757
36709
36758
36710
36759
36711
36760
36712
36761
36713
36762
36714
36763
36715
36764
36716
36765
36717
36766
36718
36767
36719
36768
36720
36769
36721
36770
36722
36771
36723
36772
36724
36773
36725
36774
36726
36775
36727
36776
36728
36777
36729
36778
36730
36779
36731
36780
36732
36781
36733
36782
36734
36783
36735
36784
36785
36737
36786
39067
36738
36787
36739
36788
36740
36789
36741
36790
36742
36791
36743
36792
36744
36793
36745
36794
36746
36795
36747
36796
36748
36797
36749
36798
36750
36799
36751
36800
36752
36801
36753
36802
36754
36803
36755
36804
36756
36805
36757
36806
36758
36807
36759
36808
36760
36809
36761
36810
36762
36811
36763
36812
36764
36813
36765
36814
36766
36815
36767
36816
36768
36817
36769
36818
36770
36819
36771
36820
36772
36821
36773
36822
36774
36823
36775
36824
36776
36825
36777
36826
36778
36827
36779
36828
36780
36829
36781
36830
36782
36831
36783
36832
36784
36833
36785
36834
36835
36787
36836
39068
36788
36837
36789
36838
36790
36839
36791
36840
36792
36841
36793
36842
36794
36843
36795
36844
36796
36845
36797
36846
36798
36847
36799
36848
36800
36849
36801
36850
36802
36851
36803
36852
36804
36853
36805
36854
36806
36855
36807
36856
36808
36857
36809
36858
36810
36859
36811
36860
36812
36861
36813
36862
36814
36863
36815
36864
36816
36865
36817
36866
36818
36867
36819
36868
36820
36869
36821
36870
36822
36871
36823
36872
36824
36873
36825
36874
36826
36875
36827
36876
36828
36877
36829
36878
36830
36879
36831
36880
36832
36881
36833
36882
36834
36883
36835
36884
36885
36837
36886
39069
36838
36887
36839
36888
36840
36889
36841
36890
36842
36891
36843
36892
36844
36893
36845
36894
36846
36895
36847
36896
36848
36897
36849
36898
36850
36899
36851
36900
36852
36901
36853
36902
36854
36903
36855
36904
36856
36905
36857
36906
36858
36907
36859
36908
36860
36909
36861
36910
36862
36911
36863
36912
36864
36913
36865
36914
36866
36915
36867
36916
36868
36917
36869
36918
36870
36919
36871
36920
36872
36921
36873
36922
36874
36923
36875
36924
36876
36925
36877
36926
36878
36927
36879
36928
36880
36929
36881
36930
36882
36931
36883
36932
36884
36933
36885
36934
36935
36887
36936
39070
36888
36937
36889
36938
36890
36939
36891
36940
36892
36941
36893
36942
36894
36943
36895
36944
36896
36945
36897
36946
36898
36947
36899
36948
36900
36949
36901
36950
36902
36951
36903
36952
36904
36953
36905
36954
36906
36955
36907
36956
36908
36957
36909
36958
36910
36959
36911
36960
36912
36961
36913
36962
36914
36963
36915
36964
36916
36965
36917
36966
36918
36967
36919
36968
36920
36969
36921
36970
36922
36971
36923
36972
36924
36973
36925
36974
36926
36975
36927
36976
36928
36977
36929
36978
36930
36979
36931
36980
36932
36981
36933
36982
36934
36983
36935
36984
36985
36937
36986
39071
36938
36987
36939
36988
36940
36989
36941
36990
36942
36991
36943
36992
36944
36993
36945
36994
36946
36995
36947
36996
36948
36997
36949
36998
36950
36999
36951
37000
36952
37001
36953
37002
36954
37003
36955
37004
36956
37005
36957
37006
36958
37007
36959
37008
36960
37009
36961
37010
36962
37011
36963
37012
36964
37013
36965
37014
36966
37015
36967
37016
36968
37017
36969
37018
36970
37019
36971
37020
36972
37021
36973
37022
36974
37023
36975
37024
36976
37025
36977
37026
36978
37027
36979
37028
36980
37029
36981
37030
36982
37031
36983
37032
36984
37033
36985
37034
37035
36987
37036
39072
36988
37037
36989
37038
36990
37039
36991
37040
36992
37041
36993
37042
36994
37043
36995
37044
36996
37045
36997
37046
36998
37047
36999
37048
37000
37049
37001
37050
37002
37051
37003
37052
37004
37053
37005
37054
37006
37055
37007
37056
37008
37057
37009
37058
37010
37059
37011
37060
37012
37061
37013
37062
37014
37063
37015
37064
37016
37065
37017
37066
37018
37067
37019
37068
37020
37069
37021
37070
37022
37071
37023
37072
37024
37073
37025
37074
37026
37075
37027
37076
37028
37077
37029
37078
37030
37079
37031
37080
37032
37081
37033
37082
37034
37083
37035
37084
37085
37037
37086
39073
37038
37087
37039
37088
37040
37089
37041
37090
37042
37091
37043
37092
37044
37093
37045
37094
37046
37095
37047
37096
37048
37097
37049
37098
37050
37099
37051
37100
37052
37101
37053
37102
37054
37103
37055
37104
37056
37105
37057
37106
37058
37107
37059
37108
37060
37109
37061
37110
37062
37111
37063
37112
37064
37113
37065
37114
37066
37115
37067
37116
37068
37117
37069
37118
37070
37119
37071
37120
37072
37121
37073
37122
37074
37123
37075
37124
37076
37125
37077
37126
37078
37127
37079
37128
37080
37129
37081
37130
37082
37131
37083
37132
37084
37133
37085
37134
37135
37087
37136
39074
37088
37137
37089
37138
37090
37139
37091
37140
37092
37141
37093
37142
37094
37143
37095
37144
37096
37145
37097
37146
37098
37147
37099
37148
37100
37149
37101
37150
37102
37151
37103
37152
37104
37153
37105
37154
37106
37155
37107
37156
37108
37157
37109
37158
37110
37159
37111
37160
37112
37161
37113
37162
37114
37163
37115
37164
37116
37165
37117
37166
37118
37167
37119
37168
37120
37169
37121
37170
37122
37171
37123
37172
37124
37173
37125
37174
37126
37175
37127
37176
37128
37177
37129
37178
37130
37179
37131
37180
37132
37181
37133
37182
37134
37183
37135
37184
37185
37137
37186
39075
37138
37187
37139
37188
37140
37189
37141
37190
37142
37191
37143
37192
37144
37193
37145
37194
37146
37195
37147
37196
37148
37197
37149
37198
37150
37199
37151
37200
37152
37201
37153
37202
37154
37203
37155
37204
37156
37205
37157
37206
37158
37207
37159
37208
37160
37209
37161
37210
37162
37211
37163
37212
37164
37213
37165
37214
37166
37215
37167
37216
37168
37217
37169
37218
37170
37219
37171
37220
37172
37221
37173
37222
37174
37223
37175
37224
37176
37225
37177
37226
37178
37227
37179
37228
37180
37229
37181
37230
37182
37231
37183
37232
37184
37233
37185
37234
37235
37187
37236
39076
37188
37237
37189
37238
37190
37239
37191
37240
37192
37241
37193
37242
37194
37243
37195
37244
37196
37245
37197
37246
37198
37247
37199
37248
37200
37249
37201
37250
37202
37251
37203
37252
37204
37253
37205
37254
37206
37255
37207
37256
37208
37257
37209
37258
37210
37259
37211
37260
37212
37261
37213
37262
37214
37263
37215
37264
37216
37265
37217
37266
37218
37267
37219
37268
37220
37269
37221
37270
37222
37271
37223
37272
37224
37273
37225
37274
37226
37275
37227
37276
37228
37277
37229
37278
37230
37279
37231
37280
37232
37281
37233
37282
37234
37283
37235
37284
37285
37237
37286
39077
37238
37287
37239
37288
37240
37289
37241
37290
37242
37291
37243
37292
37244
37293
37245
37294
37246
37295
37247
37296
37248
37297
37249
37298
37250
37299
37251
37300
37252
37301
37253
37302
37254
37303
37255
37304
37256
37305
37257
37306
37258
37307
37259
37308
37260
37309
37261
37310
37262
37311
37263
37312
37264
37313
37265
37314
37266
37315
37267
37316
37268
37317
37269
37318
37270
37319
37271
37320
37272
37321
37273
37322
37274
37323
37275
37324
37276
37325
37277
37326
37278
37327
37279
37328
37280
37329
37281
37330
37282
37331
37283
37332
37284
37333
37285
37334
37335
37287
37336
39078
37288
37337
37289
37338
37290
37339
37291
37340
37292
37341
37293
37342
37294
37343
37295
37344
37296
37345
37297
37346
37298
37347
37299
37348
37300
37349
37301
37350
37302
37351
37303
37352
37304
37353
37305
37354
37306
37355
37307
37356
37308
37357
37309
37358
37310
37359
37311
37360
37312
37361
37313
37362
37314
37363
37315
37364
37316
37365
37317
37366
37318
37367
37319
37368
37320
37369
37321
37370
37322
37371
37323
37372
37324
37373
37325
37374
37326
37375
37327
37376
37328
37377
37329
37378
37330
37379
37331
37380
37332
37381
37333
37382
37334
37383
37335
37384
37385
37337
37386
39079
37338
37387
37339
37388
37340
37389
37341
37390
37342
37391
37343
37392
37344
37393
37345
37394
37346
37395
37347
37396
37348
37397
37349
37398
37350
37399
37351
37400
37352
37401
37353
37402
37354
37403
37355
37404
37356
37405
37357
37406
37358
37407
37359
37408
37360
37409
37361
37410
37362
37411
37363
37412
37364
37413
37365
37414
37366
37415
37367
37416
37368
37417
37369
37418
37370
37419
37371
37420
37372
37421
37373
37422
37374
37423
37375
37424
37376
37425
37377
37426
37378
37427
37379
37428
37380
37429
37381
37430
37382
37431
37383
37432
37384
37433
37385
37434
37435
37387
37436
39080
37388
37437
37389
37438
37390
37439
37391
37440
37392
37441
37393
37442
37394
37443
37395
37444
37396
37445
37397
37446
37398
37447
37399
37448
37400
37449
37401
37450
37402
37451
37403
37452
37404
37453
37405
37454
37406
37455
37407
37456
37408
37457
37409
37458
37410
37459
37411
37460
37412
37461
37413
37462
37414
37463
37415
37464
37416
37465
37417
37466
37418
37467
37419
37468
37420
37469
37421
37470
37422
37471
37423
37472
37424
37473
37425
37474
37426
37475
37427
37476
37428
37477
37429
37478
37430
37479
37431
37480
37432
37481
37433
37482
37434
37483
37435
37484
37485
37437
37486
39081
37438
37487
37439
37488
37440
37489
37441
37490
37442
37491
37443
37492
37444
37493
37445
37494
37446
37495
37447
37496
37448
37497
37449
37498
37450
37499
37451
37500
37452
37501
37453
37502
37454
37503
37455
37504
37456
37505
37457
37506
37458
37507
37459
37508
37460
37509
37461
37510
37462
37511
37463
37512
37464
37513
37465
37514
37466
37515
37467
37516
37468
37517
37469
37518
37470
37519
37471
37520
37472
37521
37473
37522
37474
37523
37475
37524
37476
37525
37477
37526
37478
37527
37479
37528
37480
37529
37481
37530
37482
37531
37483
37532
37484
37533
37485
37534
37535
37487
37536
39082
37488
37537
37489
37538
37490
37539
37491
37540
37492
37541
37493
37542
37494
37543
37495
37544
37496
37545
37497
37546
37498
37547
37499
37548
37500
37549
37501
37550
37502
37551
37503
37552
37504
37553
37505
37554
37506
37555
37507
37556
37508
37557
37509
37558
37510
37559
37511
37560
37512
37561
37513
37562
37514
37563
37515
37564
37516
37565
37517
37566
37518
37567
37519
37568
37520
37569
37521
37570
37522
37571
37523
37572
37524
37573
37525
37574
37526
37575
37527
37576
37528
37577
37529
37578
37530
37579
37531
37580
37532
37581
37533
37582
37534
37583
37535
37584
37585
37537
37586
39083
37538
37587
37539
37588
37540
37589
37541
37590
37542
37591
37543
37592
37544
37593
37545
37594
37546
37595
37547
37596
37548
37597
37549
37598
37550
37599
37551
37600
37552
37601
37553
37602
37554
37603
37555
37604
37556
37605
37557
37606
37558
37607
37559
37608
37560
37609
37561
37610
37562
37611
37563
37612
37564
37613
37565
37614
37566
37615
37567
37616
37568
37617
37569
37618
37570
37619
37571
37620
37572
37621
37573
37622
37574
37623
37575
37624
37576
37625
37577
37626
37578
37627
37579
37628
37580
37629
37581
37630
37582
37631
37583
37632
37584
37633
37585
37634
37635
37587
37636
39084
37588
37637
37589
37638
37590
37639
37591
37640
37592
37641
37593
37642
37594
37643
37595
37644
37596
37645
37597
37646
37598
37647
37599
37648
37600
37649
37601
37650
37602
37651
37603
37652
37604
37653
37605
37654
37606
37655
37607
37656
37608
37657
37609
37658
37610
37659
37611
37660
37612
37661
37613
37662
37614
37663
37615
37664
37616
37665
37617
37666
37618
37667
37619
37668
37620
37669
37621
37670
37622
37671
37623
37672
37624
37673
37625
37674
37626
37675
37627
37676
37628
37677
37629
37678
37630
37679
37631
37680
37632
37681
37633
37682
37634
37683
37635
37684
37685
37637
37686
39085
37638
37687
37639
37688
37640
37689
37641
37690
37642
37691
37643
37692
37644
37693
37645
37694
37646
37695
37647
37696
37648
37697
37649
37698
37650
37699
37651
37700
37652
37701
37653
37702
37654
37703
37655
37704
37656
37705
37657
37706
37658
37707
37659
37708
37660
37709
37661
37710
37662
37711
37663
37712
37664
37713
37665
37714
37666
37715
37667
37716
37668
37717
37669
37718
37670
37719
37671
37720
37672
37721
37673
37722
37674
37723
37675
37724
37676
37725
37677
37726
37678
37727
37679
37728
37680
37729
37681
37730
37682
37731
37683
37732
37684
37733
37685
37734
37735
37687
37736
39086
37688
37737
37689
37738
37690
37739
37691
37740
37692
37741
37693
37742
37694
37743
37695
37744
37696
37745
37697
37746
37698
37747
37699
37748
37700
37749
37701
37750
37702
37751
37703
37752
37704
37753
37705
37754
37706
37755
37707
37756
37708
37757
37709
37758
37710
37759
37711
37760
37712
37761
37713
37762
37714
37763
37715
37764
37716
37765
37717
37766
37718
37767
37719
37768
37720
37769
37721
37770
37722
37771
37723
37772
37724
37773
37725
37774
37726
37775
37727
37776
37728
37777
37729
37778
37730
37779
37731
37780
37732
37781
37733
37782
37734
37783
37735
37784
37785
37737
37786
39087
37738
37787
37739
37788
37740
37789
37741
37790
37742
37791
37743
37792
37744
37793
37745
37794
37746
37795
37747
37796
37748
37797
37749
37798
37750
37799
37751
37800
37752
37801
37753
37802
37754
37803
37755
37804
37756
37805
37757
37806
37758
37807
37759
37808
37760
37809
37761
37810
37762
37811
37763
37812
37764
37813
37765
37814
37766
37815
37767
37816
37768
37817
37769
37818
37770
37819
37771
37820
37772
37821
37773
37822
37774
37823
37775
37824
37776
37825
37777
37826
37778
37827
37779
37828
37780
37829
37781
37830
37782
37831
37783
37832
37784
37833
37785
37834
37835
37787
37836
39088
37788
37837
37789
37838
37790
37839
37791
37840
37792
37841
37793
37842
37794
37843
37795
37844
37796
37845
37797
37846
37798
37847
37799
37848
37800
37849
37801
37850
37802
37851
37803
37852
37804
37853
37805
37854
37806
37855
37807
37856
37808
37857
37809
37858
37810
37859
37811
37860
37812
37861
37813
37862
37814
37863
37815
37864
37816
37865
37817
37866
37818
37867
37819
37868
37820
37869
37821
37870
37822
37871
37823
37872
37824
37873
37825
37874
37826
37875
37827
37876
37828
37877
37829
37878
37830
37879
37831
37880
37832
37881
37833
37882
37834
37883
37835
37884
37885
37837
37886
39089
37838
37887
37839
37888
37840
37889
37841
37890
37842
37891
37843
37892
37844
37893
37845
37894
37846
37895
37847
37896
37848
37897
37849
37898
37850
37899
37851
37900
37852
37901
37853
37902
37854
37903
37855
37904
37856
37905
37857
37906
37858
37907
37859
37908
37860
37909
37861
37910
37862
37911
37863
37912
37864
37913
37865
37914
37866
37915
37867
37916
37868
37917
37869
37918
37870
37919
37871
37920
37872
37921
37873
37922
37874
37923
37875
37924
37876
37925
37877
37926
37878
37927
37879
37928
37880
37929
37881
37930
37882
37931
37883
37932
37884
37933
37885
37934
37935
37887
37936
39090
37888
37937
37889
37938
37890
37939
37891
37940
37892
37941
37893
37942
37894
37943
37895
37944
37896
37945
37897
37946
37898
37947
37899
37948
37900
37949
37901
37950
37902
37951
37903
37952
37904
37953
37905
37954
37906
37955
37907
37956
37908
37957
37909
37958
37910
37959
37911
37960
37912
37961
37913
37962
37914
37963
37915
37964
37916
37965
37917
37966
37918
37967
37919
37968
37920
37969
37921
37970
37922
37971
37923
37972
37924
37973
37925
37974
37926
37975
37927
37976
37928
37977
37929
37978
37930
37979
37931
37980
37932
37981
37933
37982
37934
37983
37935
37984
37985
37937
37986
39091
37938
37987
37939
37988
37940
37989
37941
37990
37942
37991
37943
37992
37944
37993
37945
37994
37946
37995
37947
37996
37948
37997
37949
37998
37950
37999
37951
38000
37952
38001
37953
38002
37954
38003
37955
38004
37956
38005
37957
38006
37958
38007
37959
38008
37960
38009
37961
38010
37962
38011
37963
38012
37964
38013
37965
38014
37966
38015
37967
38016
37968
38017
37969
38018
37970
38019
37971
38020
37972
38021
37973
38022
37974
38023
37975
38024
37976
38025
37977
38026
37978
38027
37979
38028
37980
38029
37981
38030
37982
38031
37983
38032
37984
38033
37985
38034
38035
37987
38036
39092
37988
38037
37989
38038
37990
38039
37991
38040
37992
38041
37993
38042
37994
38043
37995
38044
37996
38045
37997
38046
37998
38047
37999
38048
38000
38049
38001
38050
38002
38051
38003
38052
38004
38053
38005
38054
38006
38055
38007
38056
38008
38057
38009
38058
38010
38059
38011
38060
38012
38061
38013
38062
38014
38063
38015
38064
38016
38065
38017
38066
38018
38067
38019
38068
38020
38069
38021
38070
38022
38071
38023
38072
38024
38073
38025
38074
38026
38075
38027
38076
38028
38077
38029
38078
38030
38079
38031
38080
38032
38081
38033
38082
38034
38083
38035
38084
38085
38037
38086
39093
38038
38087
38039
38088
38040
38089
38041
38090
38042
38091
38043
38092
38044
38093
38045
38094
38046
38095
38047
38096
38048
38097
38049
38098
38050
38099
38051
38100
38052
38101
38053
38102
38054
38103
38055
38104
38056
38105
38057
38106
38058
38107
38059
38108
38060
38109
38061
38110
38062
38111
38063
38112
38064
38113
38065
38114
38066
38115
38067
38116
38068
38117
38069
38118
38070
38119
38071
38120
38072
38121
38073
38122
38074
38123
38075
38124
38076
38125
38077
38126
38078
38127
38079
38128
38080
38129
38081
38130
38082
38131
38083
38132
38084
38133
38085
38134
38135
38087
38136
39094
38088
38137
38089
38138
38090
38139
38091
38140
38092
38141
38093
38142
38094
38143
38095
38144
38096
38145
38097
38146
38098
38147
38099
38148
38100
38149
38101
38150
38102
38151
38103
38152
38104
38153
38105
38154
38106
38155
38107
38156
38108
38157
38109
38158
38110
38159
38111
38160
38112
38161
38113
38162
38114
38163
38115
38164
38116
38165
38117
38166
38118
38167
38119
38168
38120
38169
38121
38170
38122
38171
38123
38172
38124
38173
38125
38174
38126
38175
38127
38176
38128
38177
38129
38178
38130
38179
38131
38180
38132
38181
38133
38182
38134
38183
38135
38184
38185
38137
38186
39095
38138
38187
38139
38188
38140
38189
38141
38190
38142
38191
38143
38192
38144
38193
38145
38194
38146
38195
38147
38196
38148
38197
38149
38198
38150
38199
38151
38200
38152
38201
38153
38202
38154
38203
38155
38204
38156
38205
38157
38206
38158
38207
38159
38208
38160
38209
38161
38210
38162
38211
38163
38212
38164
38213
38165
38214
38166
38215
38167
38216
38168
38217
38169
38218
38170
38219
38171
38220
38172
38221
38173
38222
38174
38223
38175
38224
38176
38225
38177
38226
38178
38227
38179
38228
38180
38229
38181
38230
38182
38231
38183
38232
38184
38233
38185
38234
38235
38187
38236
39096
38188
38237
38189
38238
38190
38239
38191
38240
38192
38241
38193
38242
38194
38243
38195
38244
38196
38245
38197
38246
38198
38247
38199
38248
38200
38249
38201
38250
38202
38251
38203
38252
38204
38253
38205
38254
38206
38255
38207
38256
38208
38257
38209
38258
38210
38259
38211
38260
38212
38261
38213
38262
38214
38263
38215
38264
38216
38265
38217
38266
38218
38267
38219
38268
38220
38269
38221
38270
38222
38271
38223
38272
38224
38273
38225
38274
38226
38275
38227
38276
38228
38277
38229
38278
38230
38279
38231
38280
38232
38281
38233
38282
38234
38283
38235
38284
38285
38237
38286
39097
38238
38287
38239
38288
38240
38289
38241
38290
38242
38291
38243
38292
38244
38293
38245
38294
38246
38295
38247
38296
38248
38297
38249
38298
38250
38299
38251
38300
38252
38301
38253
38302
38254
38303
38255
38304
38256
38305
38257
38306
38258
38307
38259
38308
38260
38309
38261
38310
38262
38311
38263
38312
38264
38313
38265
38314
38266
38315
38267
38316
38268
38317
38269
38318
38270
38319
38271
38320
38272
38321
38273
38322
38274
38323
38275
38324
38276
38325
38277
38326
38278
38327
38279
38328
38280
38329
38281
38330
38282
38331
38283
38332
38284
38333
38285
38334
38335
38287
38336
39098
38288
38337
38289
38338
38290
38339
38291
38340
38292
38341
38293
38342
38294
38343
38295
38344
38296
38345
38297
38346
38298
38347
38299
38348
38300
38349
38301
38350
38302
38351
38303
38352
38304
38353
38305
38354
38306
38355
38307
38356
38308
38357
38309
38358
38310
38359
38311
38360
38312
38361
38313
38362
38314
38363
38315
38364
38316
38365
38317
38366
38318
38367
38319
38368
38320
38369
38321
38370
38322
38371
38323
38372
38324
38373
38325
38374
38326
38375
38327
38376
38328
38377
38329
38378
38330
38379
38331
38380
38332
38381
38333
38382
38334
38383
38335
38384
38385
38337
38386
39099
38338
38387
38339
38388
38340
38389
38341
38390
38342
38391
38343
38392
38344
38393
38345
38394
38346
38395
38347
38396
38348
38397
38349
38398
38350
38399
38351
38400
38352
38401
38353
38402
38354
38403
38355
38404
38356
38405
38357
38406
38358
38407
38359
38408
38360
38409
38361
38410
38362
38411
38363
38412
38364
38413
38365
38414
38366
38415
38367
38416
38368
38417
38369
38418
38370
38419
38371
38420
38372
38421
38373
38422
38374
38423
38375
38424
38376
38425
38377
38426
38378
38427
38379
38428
38380
38429
38381
38430
38382
38431
38383
38432
38384
38433
38385
38434
38435
38387
38436
39100
38388
38437
38389
38438
38390
38439
38391
38440
38392
38441
38393
38442
38394
38443
38395
38444
38396
38445
38397
38446
38398
38447
38399
38448
38400
38449
38401
38450
38402
38451
38403
38452
38404
38453
38405
38454
38406
38455
38407
38456
38408
38457
38409
38458
38410
38459
38411
38460
38412
38461
38413
38462
38414
38463
38415
38464
38416
38465
38417
38466
38418
38467
38419
38468
38420
38469
38421
38470
38422
38471
38423
38472
38424
38473
38425
38474
38426
38475
38427
38476
38428
38477
38429
38478
38430
38479
38431
38480
38432
38481
38433
38482
38434
38483
38435
38484
38485
38437
38486
39101
38438
38487
38439
38488
38440
38489
38441
38490
38442
38491
38443
38492
38444
38493
38445
38494
38446
38495
38447
38496
38448
38497
38449
38498
38450
38499
38451
38500
38452
38501
38453
38502
38454
38503
38455
38504
38456
38505
38457
38506
38458
38507
38459
38508
38460
38509
38461
38510
38462
38511
38463
38512
38464
38513
38465
38514
38466
38515
38467
38516
38468
38517
38469
38518
38470
38519
38471
38520
38472
38521
38473
38522
38474
38523
38475
38524
38476
38525
38477
38526
38478
38527
38479
38528
38480
38529
38481
38530
38482
38531
38483
38532
38484
38533
38485
38534
38535
38487
38536
39102
38488
38537
38489
38538
38490
38539
38491
38540
38492
38541
38493
38542
38494
38543
38495
38544
38496
38545
38497
38546
38498
38547
38499
38548
38500
38549
38501
38550
38502
38551
38503
38552
38504
38553
38505
38554
38506
38555
38507
38556
38508
38557
38509
38558
38510
38559
38511
38560
38512
38561
38513
38562
38514
38563
38515
38564
38516
38565
38517
38566
38518
38567
38519
38568
38520
38569
38521
38570
38522
38571
38523
38572
38524
38573
38525
38574
38526
38575
38527
38576
38528
38577
38529
38578
38530
38579
38531
38580
38532
38581
38533
38582
38534
38583
38535
38584
38585
38537
38586
39103
38538
38587
38539
38588
38540
38589
38541
38590
38542
38591
38543
38592
38544
38593
38545
38594
38546
38595
38547
38596
38548
38597
38549
38598
38550
38599
38551
38600
38552
38601
38553
38602
38554
38603
38555
38604
38556
38605
38557
38606
38558
38607
38559
38608
38560
38609
38561
38610
38562
38611
38563
38612
38564
38613
38565
38614
38566
38615
38567
38616
38568
38617
38569
38618
38570
38619
38571
38620
38572
38621
38573
38622
38574
38623
38575
38624
38576
38625
38577
38626
38578
38627
38579
38628
38580
38629
38581
38630
38582
38631
38583
38632
38584
38633
38585
38634
38635
38587
38636
39104
38588
38637
38589
38638
38590
38639
38591
38640
38592
38641
38593
38642
38594
38643
38595
38644
38596
38645
38597
38646
38598
38647
38599
38648
38600
38649
38601
38650
38602
38651
38603
38652
38604
38653
38605
38654
38606
38655
38607
38656
38608
38657
38609
38658
38610
38659
38611
38660
38612
38661
38613
38662
38614
38663
38615
38664
38616
38665
38617
38666
38618
38667
38619
38668
38620
38669
38621
38670
38622
38671
38623
38672
38624
38673
38625
38674
38626
38675
38627
38676
38628
38677
38629
38678
38630
38679
38631
38680
38632
38681
38633
38682
38634
38683
38635
38684
38685
38637
38686
39105
38638
38687
38639
38688
38640
38689
38641
38690
38642
38691
38643
38692
38644
38693
38645
38694
38646
38695
38647
38696
38648
38697
38649
38698
38650
38699
38651
38700
38652
38701
38653
38702
38654
38703
38655
38704
38656
38705
38657
38706
38658
38707
38659
38708
38660
38709
38661
38710
38662
38711
38663
38712
38664
38713
38665
38714
38666
38715
38667
38716
38668
38717
38669
38718
38670
38719
38671
38720
38672
38721
38673
38722
38674
38723
38675
38724
38676
38725
38677
38726
38678
38727
38679
38728
38680
38729
38681
38730
38682
38731
38683
38732
38684
38733
38685
38734
38735
38687
38736
39106
38688
38737
38689
38738
38690
38739
38691
38740
38692
38741
38693
38742
38694
38743
38695
38744
38696
38745
38697
38746
38698
38747
38699
38748
38700
38749
38701
38750
38702
38751
38703
38752
38704
38753
38705
38754
38706
38755
38707
38756
38708
38757
38709
38758
38710
38759
38711
38760
38712
38761
38713
38762
38714
38763
38715
38764
38716
38765
38717
38766
38718
38767
38719
38768
38720
38769
38721
38770
38722
38771
38723
38772
38724
38773
38725
38774
38726
38775
38727
38776
38728
38777
38729
38778
38730
38779
38731
38780
38732
38781
38733
38782
38734
38783
38735
38784
38785
38737
38786
39107
38738
38787
38739
38788
38740
38789
38741
38790
38742
38791
38743
38792
38744
38793
38745
38794
38746
38795
38747
38796
38748
38797
38749
38798
38750
38799
38751
38800
38752
38801
38753
38802
38754
38803
38755
38804
38756
38805
38757
38806
38758
38807
38759
38808
38760
38809
38761
38810
38762
38811
38763
38812
38764
38813
38765
38814
38766
38815
38767
38816
38768
38817
38769
38818
38770
38819
38771
38820
38772
38821
38773
38822
38774
38823
38775
38824
38776
38825
38777
38826
38778
38827
38779
38828
38780
38829
38781
38830
38782
38831
38783
38832
38784
38833
38785
38834
38835
38787
38836
39108
38788
38837
38789
38838
38790
38839
38791
38840
38792
38841
38793
38842
38794
38843
38795
38844
38796
38845
38797
38846
38798
38847
38799
38848
38800
38849
38801
38850
38802
38851
38803
38852
38804
38853
38805
38854
38806
38855
38807
38856
38808
38857
38809
38858
38810
38859
38811
38860
38812
38861
38813
38862
38814
38863
38815
38864
38816
38865
38817
38866
38818
38867
38819
38868
38820
38869
38821
38870
38822
38871
38823
38872
38824
38873
38825
38874
38826
38875
38827
38876
38828
38877
38829
38878
38830
38879
38831
38880
38832
38881
38833
38882
38834
38883
38835
38884
38885
38837
38886
39109
38838
38887
38839
38888
38840
38889
38841
38890
38842
38891
38843
38892
38844
38893
38845
38894
38846
38895
38847
38896
38848
38897
38849
38898
38850
38899
38851
38900
38852
38901
38853
38902
38854
38903
38855
38904
38856
38905
38857
38906
38858
38907
38859
38908
38860
38909
38861
38910
38862
38911
38863
38912
38864
38913
38865
38914
38866
38915
38867
38916
38868
38917
38869
38918
38870
38919
38871
38920
38872
38921
38873
38922
38874
38923
38875
38924
38876
38925
38877
38926
38878
38927
38879
38928
38880
38929
38881
38930
38882
38931
38883
38932
38884
38933
38885
38934
38935
38887
38936
39110
38888
38937
38889
38938
38890
38939
38891
38940
38892
38941
38893
38942
38894
38943
38895
38944
38896
38945
38897
38946
38898
38947
38899
38948
38900
38949
38901
38950
38902
38951
38903
38952
38904
38953
38905
38954
38906
38955
38907
38956
38908
38957
38909
38958
38910
38959
38911
38960
38912
38961
38913
38962
38914
38963
38915
38964
38916
38965
38917
38966
38918
38967
38919
38968
38920
38969
38921
38970
38922
38971
38923
38972
38924
38973
38925
38974
38926
38975
38927
38976
38928
38977
38929
38978
38930
38979
38931
38980
38932
38981
38933
38982
38934
38983
38935
38984
38985
38937
38986
39111
38938
38987
38939
38988
38940
38989
38941
38990
38942
38991
38943
38992
38944
38993
38945
38994
38946
38995
38947
38996
38948
38997
38949
38998
38950
38999
38951
39000
38952
39001
38953
39002
38954
39003
38955
39004
38956
39005
38957
39006
38958
39007
38959
39008
38960
39009
38961
39010
38962
39011
38963
39012
38964
39013
38965
39014
38966
39015
38967
39016
38968
39017
38969
39018
38970
39019
38971
39020
38972
39021
38973
39022
38974
39023
38975
39024
38976
39025
38977
39026
38978
39027
38979
39028
38980
39029
38981
39030
38982
39031
38983
39032
38984
39033
38985
39034
39035
38987
39112
43698
38988
43699
38989
43700
38990
43701
38991
43702
38992
43703
38993
43704
38994
43705
38995
43706
38996
43707
38997
43708
38998
43709
38999
43710
39000
43711
39001
43712
39002
43713
39003
43714
39004
43715
39005
43716
39006
43717
39007
43718
39008
43719
39009
43720
39010
43721
39011
43722
39012
43723
39013
43724
39014
43725
39015
43726
39016
43727
39017
43728
39018
43729
39019
43730
39020
43731
39021
43732
39022
43733
39023
43734
39024
43735
39025
43736
39026
43737
39027
43738
39028
43739
39029
43740
39030
43741
39031
43742
39032
43743
39033
43744
39034
43745
39035
43746
43747
39037
39113
39038
39114
39039
39115
39040
39116
39041
39117
39042
39118
39043
39119
39044
39120
39045
39121
39046
39122
39047
39123
39048
39124
39049
39125
39050
39126
39051
39127
39052
39128
39053
39129
39054
39130
39055
39131
39056
39132
39057
39133
39058
39134
39059
39135
39060
39136
39061
39137
39062
39138
39063
39139
39064
39140
39065
39141
39066
39142
39067
39143
39068
39144
39069
39145
39070
39146
39071
39147
39072
39148
39073
39149
39074
39150
39075
39151
39076
39152
39077
39153
39078
39154
39079
39155
39080
39156
39081
39157
39082
39158
39083
39159
39084
39160
39085
39161
39086
39162
39087
39163
39088
39164
39089
39165
39090
39166
39091
39167
39092
39168
39093
39169
39094
39170
39095
39171
39096
39172
39097
39173
39098
39174
39099
39175
39100
39176
39101
39177
39102
39178
39103
39179
39104
39180
39105
39181
39106
39182
39107
39183
39108
39184
39109
39185
39110
39186
39111
39187
39112
39188
39189
45398
39114
39190
39115
39191
39116
39192
39117
39193
39118
39194
39119
39195
39120
39196
39121
39197
39122
39198
39123
39199
39124
39200
39125
39201
39126
39202
39127
39203
39128
39204
39129
39205
39130
39206
39131
39207
39132
39208
39133
39209
39134
39210
39135
39211
39136
39212
39137
39213
39138
39214
39139
39215
39140
39216
39141
39217
39142
39218
39143
39219
39144
39220
39145
39221
39146
39222
39147
39223
39148
39224
39149
39225
39150
39226
39151
39227
39152
39228
39153
39229
39154
39230
39155
39231
39156
39232
39157
39233
39158
39234
39159
39235
39160
39236
39161
39237
39162
39238
39163
39239
39164
39240
39165
39241
39166
39242
39167
39243
39168
39244
39169
39245
39170
39246
39171
39247
39172
39248
39173
39249
39174
39250
39175
39251
39176
39252
39177
39253
39178
39254
39179
39255
39180
39256
39181
39257
39182
39258
39183
39259
39184
39260
39185
39261
39186
39262
39187
39263
39188
39264
39189
39265
39266
45432
39191
39267
39192
39268
39193
39269
39194
39270
39195
39271
39196
39272
39197
39273
39198
39274
39199
39275
39200
39276
39201
39277
39202
39278
39203
39279
39204
39280
39205
39281
39206
39282
39207
39283
39208
39284
39209
39285
39210
39286
39211
39287
39212
39288
39213
39289
39214
39290
39215
39291
39216
39292
39217
39293
39218
39294
39219
39295
39220
39296
39221
39297
39222
39298
39223
39299
39224
39300
39225
39301
39226
39302
39227
39303
39228
39304
39229
39305
39230
39306
39231
39307
39232
39308
39233
39309
39234
39310
39235
39311
39236
39312
39237
39313
39238
39314
39239
39315
39240
39316
39241
39317
39242
39318
39243
39319
39244
39320
39245
39321
39246
39322
39247
39323
39248
39324
39249
39325
39250
39326
39251
39327
39252
39328
39253
39329
39254
39330
39255
39331
39256
39332
39257
39333
39258
39334
39259
39335
39260
39336
39261
39337
39262
39338
39263
39339
39264
39340
39265
39341
39266
39342
39343
45466
39268
39344
39269
39345
39270
39346
39271
39347
39272
39348
39273
39349
39274
39350
39275
39351
39276
39352
39277
39353
39278
39354
39279
39355
39280
39356
39281
39357
39282
39358
39283
39359
39284
39360
39285
39361
39286
39362
39287
39363
39288
39364
39289
39365
39290
39366
39291
39367
39292
39368
39293
39369
39294
39370
39295
39371
39296
39372
39297
39373
39298
39374
39299
39375
39300
39376
39301
39377
39302
39378
39303
39379
39304
39380
39305
39381
39306
39382
39307
39383
39308
39384
39309
39385
39310
39386
39311
39387
39312
39388
39313
39389
39314
39390
39315
39391
39316
39392
39317
39393
39318
39394
39319
39395
39320
39396
39321
39397
39322
39398
39323
39399
39324
39400
39325
39401
39326
39402
39327
39403
39328
39404
39329
39405
39330
39406
39331
39407
39332
39408
39333
39409
39334
39410
39335
39411
39336
39412
39337
39413
39338
39414
39339
39415
39340
39416
39341
39417
39342
39418
39343
39419
39420
45500
39345
39421
39346
39422
39347
39423
39348
39424
39349
39425
39350
39426
39351
39427
39352
39428
39353
39429
39354
39430
39355
39431
39356
39432
39357
39433
39358
39434
39359
39435
39360
39436
39361
39437
39362
39438
39363
39439
39364
39440
39365
39441
39366
39442
39367
39443
39368
39444
39369
39445
39370
39446
39371
39447
39372
39448
39373
39449
39374
39450
39375
39451
39376
39452
39377
39453
39378
39454
39379
39455
39380
39456
39381
39457
39382
39458
39383
39459
39384
39460
39385
39461
39386
39462
39387
39463
39388
39464
39389
39465
39390
39466
39391
39467
39392
39468
39393
39469
39394
39470
39395
39471
39396
39472
39397
39473
39398
39474
39399
39475
39400
39476
39401
39477
39402
39478
39403
39479
39404
39480
39405
39481
39406
39482
39407
39483
39408
39484
39409
39485
39410
39486
39411
39487
39412
39488
39413
39489
39414
39490
39415
39491
39416
39492
39417
39493
39418
39494
39419
39495
39420
39496
39497
45534
39422
39498
39423
39499
39424
39500
39425
39501
39426
39502
39427
39503
39428
39504
39429
39505
39430
39506
39431
39507
39432
39508
39433
39509
39434
39510
39435
39511
39436
39512
39437
39513
39438
39514
39439
39515
39440
39516
39441
39517
39442
39518
39443
39519
39444
39520
39445
39521
39446
39522
39447
39523
39448
39524
39449
39525
39450
39526
39451
39527
39452
39528
39453
39529
39454
39530
39455
39531
39456
39532
39457
39533
39458
39534
39459
39535
39460
39536
39461
39537
39462
39538
39463
39539
39464
39540
39465
39541
39466
39542
39467
39543
39468
39544
39469
39545
39470
39546
39471
39547
39472
39548
39473
39549
39474
39550
39475
39551
39476
39552
39477
39553
39478
39554
39479
39555
39480
39556
39481
39557
39482
39558
39483
39559
39484
39560
39485
39561
39486
39562
39487
39563
39488
39564
39489
39565
39490
39566
39491
39567
39492
39568
39493
39569
39494
39570
39495
39571
39496
39572
39497
39573
39574
45568
39499
39575
39500
39576
39501
39577
39502
39578
39503
39579
39504
39580
39505
39581
39506
39582
39507
39583
39508
39584
39509
39585
39510
39586
39511
39587
39512
39588
39513
39589
39514
39590
39515
39591
39516
39592
39517
39593
39518
39594
39519
39595
39520
39596
39521
39597
39522
39598
39523
39599
39524
39600
39525
39601
39526
39602
39527
39603
39528
39604
39529
39605
39530
39606
39531
39607
39532
39608
39533
39609
39534
39610
39535
39611
39536
39612
39537
39613
39538
39614
39539
39615
39540
39616
39541
39617
39542
39618
39543
39619
39544
39620
39545
39621
39546
39622
39547
39623
39548
39624
39549
39625
39550
39626
39551
39627
39552
39628
39553
39629
39554
39630
39555
39631
39556
39632
39557
39633
39558
39634
39559
39635
39560
39636
39561
39637
39562
39638
39563
39639
39564
39640
39565
39641
39566
39642
39567
39643
39568
39644
39569
39645
39570
39646
39571
39647
39572
39648
39573
39649
39574
39650
39651
45602
39576
39652
39577
39653
39578
39654
39579
39655
39580
39656
39581
39657
39582
39658
39583
39659
39584
39660
39585
39661
39586
39662
39587
39663
39588
39664
39589
39665
39590
39666
39591
39667
39592
39668
39593
39669
39594
39670
39595
39671
39596
39672
39597
39673
39598
39674
39599
39675
39600
39676
39601
39677
39602
39678
39603
39679
39604
39680
39605
39681
39606
39682
39607
39683
39608
39684
39609
39685
39610
39686
39611
39687
39612
39688
39613
39689
39614
39690
39615
39691
39616
39692
39617
39693
39618
39694
39619
39695
39620
39696
39621
39697
39622
39698
39623
39699
39624
39700
39625
39701
39626
39702
39627
39703
39628
39704
39629
39705
39630
39706
39631
39707
39632
39708
39633
39709
39634
39710
39635
39711
39636
39712
39637
39713
39638
39714
39639
39715
39640
39716
39641
39717
39642
39718
39643
39719
39644
39720
39645
39721
39646
39722
39647
39723
39648
39724
39649
39725
39650
39726
39651
39727
39728
45636
39653
39729
39654
39730
39655
39731
39656
39732
39657
39733
39658
39734
39659
39735
39660
39736
39661
39737
39662
39738
39663
39739
39664
39740
39665
39741
39666
39742
39667
39743
39668
39744
39669
39745
39670
39746
39671
39747
39672
39748
39673
39749
39674
39750
39675
39751
39676
39752
39677
39753
39678
39754
39679
39755
39680
39756
39681
39757
39682
39758
39683
39759
39684
39760
39685
39761
39686
39762
39687
39763
39688
39764
39689
39765
39690
39766
39691
39767
39692
39768
39693
39769
39694
39770
39695
39771
39696
39772
39697
39773
39698
39774
39699
39775
39700
39776
39701
39777
39702
39778
39703
39779
39704
39780
39705
39781
39706
39782
39707
39783
39708
39784
39709
39785
39710
39786
39711
39787
39712
39788
39713
39789
39714
39790
39715
39791
39716
39792
39717
39793
39718
39794
39719
39795
39720
39796
39721
39797
39722
39798
39723
39799
39724
39800
39725
39801
39726
39802
39727
39803
39728
39804
39805
45670
39730
39806
39731
39807
39732
39808
39733
39809
39734
39810
39735
39811
39736
39812
39737
39813
39738
39814
39739
39815
39740
39816
39741
39817
39742
39818
39743
39819
39744
39820
39745
39821
39746
39822
39747
39823
39748
39824
39749
39825
39750
39826
39751
39827
39752
39828
39753
39829
39754
39830
39755
39831
39756
39832
39757
39833
39758
39834
39759
39835
39760
39836
39761
39837
39762
39838
39763
39839
39764
39840
39765
39841
39766
39842
39767
39843
39768
39844
39769
39845
39770
39846
39771
39847
39772
39848
39773
39849
39774
39850
39775
39851
39776
39852
39777
39853
39778
39854
39779
39855
39780
39856
39781
39857
39782
39858
39783
39859
39784
39860
39785
39861
39786
39862
39787
39863
39788
39864
39789
39865
39790
39866
39791
39867
39792
39868
39793
39869
39794
39870
39795
39871
39796
39872
39797
39873
39798
39874
39799
39875
39800
39876
39801
39877
39802
39878
39803
39879
39804
39880
39805
39881
39882
45704
39807
39883
39808
39884
39809
39885
39810
39886
39811
39887
39812
39888
39813
39889
39814
39890
39815
39891
39816
39892
39817
39893
39818
39894
39819
39895
39820
39896
39821
39897
39822
39898
39823
39899
39824
39900
39825
39901
39826
39902
39827
39903
39828
39904
39829
39905
39830
39906
39831
39907
39832
39908
39833
39909
39834
39910
39835
39911
39836
39912
39837
39913
39838
39914
39839
39915
39840
39916
39841
39917
39842
39918
39843
39919
39844
39920
39845
39921
39846
39922
39847
39923
39848
39924
39849
39925
39850
39926
39851
39927
39852
39928
39853
39929
39854
39930
39855
39931
39856
39932
39857
39933
39858
39934
39859
39935
39860
39936
39861
39937
39862
39938
39863
39939
39864
39940
39865
39941
39866
39942
39867
39943
39868
39944
39869
39945
39870
39946
39871
39947
39872
39948
39873
39949
39874
39950
39875
39951
39876
39952
39877
39953
39878
39954
39879
39955
39880
39956
39881
39957
39882
39958
39959
45738
39884
39960
39885
39961
39886
39962
39887
39963
39888
39964
39889
39965
39890
39966
39891
39967
39892
39968
39893
39969
39894
39970
39895
39971
39896
39972
39897
39973
39898
39974
39899
39975
39900
39976
39901
39977
39902
39978
39903
39979
39904
39980
39905
39981
39906
39982
39907
39983
39908
39984
39909
39985
39910
39986
39911
39987
39912
39988
39913
39989
39914
39990
39915
39991
39916
39992
39917
39993
39918
39994
39919
39995
39920
39996
39921
39997
39922
39998
39923
39999
39924
40000
39925
40001
39926
40002
39927
40003
39928
40004
39929
40005
39930
40006
39931
40007
39932
40008
39933
40009
39934
40010
39935
40011
39936
40012
39937
40013
39938
40014
39939
40015
39940
40016
39941
40017
39942
40018
39943
40019
39944
40020
39945
40021
39946
40022
39947
40023
39948
40024
39949
40025
39950
40026
39951
40027
39952
40028
39953
40029
39954
40030
39955
40031
39956
40032
39957
40033
39958
40034
39959
40035
40036
45772
39961
40037
39962
40038
39963
40039
39964
40040
39965
40041
39966
40042
39967
40043
39968
40044
39969
40045
39970
40046
39971
40047
39972
40048
39973
40049
39974
40050
39975
40051
39976
40052
39977
40053
39978
40054
39979
40055
39980
40056
39981
40057
39982
40058
39983
40059
39984
40060
39985
40061
39986
40062
39987
40063
39988
40064
39989
40065
39990
40066
39991
40067
39992
40068
39993
40069
39994
40070
39995
40071
39996
40072
39997
40073
39998
40074
39999
40075
40000
40076
40001
40077
40002
40078
40003
40079
40004
40080
40005
40081
40006
40082
40007
40083
40008
40084
40009
40085
40010
40086
40011
40087
40012
40088
40013
40089
40014
40090
40015
40091
40016
40092
40017
40093
40018
40094
40019
40095
40020
40096
40021
40097
40022
40098
40023
40099
40024
40100
40025
40101
40026
40102
40027
40103
40028
40104
40029
40105
40030
40106
40031
40107
40032
40108
40033
40109
40034
40110
40035
40111
40036
40112
40113
45806
40038
40114
40039
40115
40040
40116
40041
40117
40042
40118
40043
40119
40044
40120
40045
40121
40046
40122
40047
40123
40048
40124
40049
40125
40050
40126
40051
40127
40052
40128
40053
40129
40054
40130
40055
40131
40056
40132
40057
40133
40058
40134
40059
40135
40060
40136
40061
40137
40062
40138
40063
40139
40064
40140
40065
40141
40066
40142
40067
40143
40068
40144
40069
40145
40070
40146
40071
40147
40072
40148
40073
40149
40074
40150
40075
40151
40076
40152
40077
40153
40078
40154
40079
40155
40080
40156
40081
40157
40082
40158
40083
40159
40084
40160
40085
40161
40086
40162
40087
40163
40088
40164
40089
40165
40090
40166
40091
40167
40092
40168
40093
40169
40094
40170
40095
40171
40096
40172
40097
40173
40098
40174
40099
40175
40100
40176
40101
40177
40102
40178
40103
40179
40104
40180
40105
40181
40106
40182
40107
40183
40108
40184
40109
40185
40110
40186
40111
40187
40112
40188
40113
40189
40190
45840
40115
40191
40116
40192
40117
40193
40118
40194
40119
40195
40120
40196
40121
40197
40122
40198
40123
40199
40124
40200
40125
40201
40126
40202
40127
40203
40128
40204
40129
40205
40130
40206
40131
40207
40132
40208
40133
40209
40134
40210
40135
40211
40136
40212
40137
40213
40138
40214
40139
40215
40140
40216
40141
40217
40142
40218
40143
40219
40144
40220
40145
40221
40146
40222
40147
40223
40148
40224
40149
40225
40150
40226
40151
40227
40152
40228
40153
40229
40154
40230
40155
40231
40156
40232
40157
40233
40158
40234
40159
40235
40160
40236
40161
40237
40162
40238
40163
40239
40164
40240
40165
40241
40166
40242
40167
40243
40168
40244
40169
40245
40170
40246
40171
40247
40172
40248
40173
40249
40174
40250
40175
40251
40176
40252
40177
40253
40178
40254
40179
40255
40180
40256
40181
40257
40182
40258
40183
40259
40184
40260
40185
40261
40186
40262
40187
40263
40188
40264
40189
40265
40190
40266
40267
45874
40192
40268
40193
40269
40194
40270
40195
40271
40196
40272
40197
40273
40198
40274
40199
40275
40200
40276
40201
40277
40202
40278
40203
40279
40204
40280
40205
40281
40206
40282
40207
40283
40208
40284
40209
40285
40210
40286
40211
40287
40212
40288
40213
40289
40214
40290
40215
40291
40216
40292
40217
40293
40218
40294
40219
40295
40220
40296
40221
40297
40222
40298
40223
40299
40224
40300
40225
40301
40226
40302
40227
40303
40228
40304
40229
40305
40230
40306
40231
40307
40232
40308
40233
40309
40234
40310
40235
40311
40236
40312
40237
40313
40238
40314
40239
40315
40240
40316
40241
40317
40242
40318
40243
40319
40244
40320
40245
40321
40246
40322
40247
40323
40248
40324
40249
40325
40250
40326
40251
40327
40252
40328
40253
40329
40254
40330
40255
40331
40256
40332
40257
40333
40258
40334
40259
40335
40260
40336
40261
40337
40262
40338
40263
40339
40264
40340
40265
40341
40266
40342
40267
40343
40344
45908
40269
40345
40270
40346
40271
40347
40272
40348
40273
40349
40274
40350
40275
40351
40276
40352
40277
40353
40278
40354
40279
40355
40280
40356
40281
40357
40282
40358
40283
40359
40284
40360
40285
40361
40286
40362
40287
40363
40288
40364
40289
40365
40290
40366
40291
40367
40292
40368
40293
40369
40294
40370
40295
40371
40296
40372
40297
40373
40298
40374
40299
40375
40300
40376
40301
40377
40302
40378
40303
40379
40304
40380
40305
40381
40306
40382
40307
40383
40308
40384
40309
40385
40310
40386
40311
40387
40312
40388
40313
40389
40314
40390
40315
40391
40316
40392
40317
40393
40318
40394
40319
40395
40320
40396
40321
40397
40322
40398
40323
40399
40324
40400
40325
40401
40326
40402
40327
40403
40328
40404
40329
40405
40330
40406
40331
40407
40332
40408
40333
40409
40334
40410
40335
40411
40336
40412
40337
40413
40338
40414
40339
40415
40340
40416
40341
40417
40342
40418
40343
40419
40344
40420
40421
45942
40346
40422
40347
40423
40348
40424
40349
40425
40350
40426
40351
40427
40352
40428
40353
40429
40354
40430
40355
40431
40356
40432
40357
40433
40358
40434
40359
40435
40360
40436
40361
40437
40362
40438
40363
40439
40364
40440
40365
40441
40366
40442
40367
40443
40368
40444
40369
40445
40370
40446
40371
40447
40372
40448
40373
40449
40374
40450
40375
40451
40376
40452
40377
40453
40378
40454
40379
40455
40380
40456
40381
40457
40382
40458
40383
40459
40384
40460
40385
40461
40386
40462
40387
40463
40388
40464
40389
40465
40390
40466
40391
40467
40392
40468
40393
40469
40394
40470
40395
40471
40396
40472
40397
40473
40398
40474
40399
40475
40400
40476
40401
40477
40402
40478
40403
40479
40404
40480
40405
40481
40406
40482
40407
40483
40408
40484
40409
40485
40410
40486
40411
40487
40412
40488
40413
40489
40414
40490
40415
40491
40416
40492
40417
40493
40418
40494
40419
40495
40420
40496
40421
40497
40498
45976
40423
40499
40424
40500
40425
40501
40426
40502
40427
40503
40428
40504
40429
40505
40430
40506
40431
40507
40432
40508
40433
40509
40434
40510
40435
40511
40436
40512
40437
40513
40438
40514
40439
40515
40440
40516
40441
40517
40442
40518
40443
40519
40444
40520
40445
40521
40446
40522
40447
40523
40448
40524
40449
40525
40450
40526
40451
40527
40452
40528
40453
40529
40454
40530
40455
40531
40456
40532
40457
40533
40458
40534
40459
40535
40460
40536
40461
40537
40462
40538
40463
40539
40464
40540
40465
40541
40466
40542
40467
40543
40468
40544
40469
40545
40470
40546
40471
40547
40472
40548
40473
40549
40474
40550
40475
40551
40476
40552
40477
40553
40478
40554
40479
40555
40480
40556
40481
40557
40482
40558
40483
40559
40484
40560
40485
40561
40486
40562
40487
40563
40488
40564
40489
40565
40490
40566
40491
40567
40492
40568
40493
40569
40494
40570
40495
40571
40496
40572
40497
40573
40498
40574
40575
46010
40500
40576
40501
40577
40502
40578
40503
40579
40504
40580
40505
40581
40506
40582
40507
40583
40508
40584
40509
40585
40510
40586
40511
40587
40512
40588
40513
40589
40514
40590
40515
40591
40516
40592
40517
40593
40518
40594
40519
40595
40520
40596
40521
40597
40522
40598
40523
40599
40524
40600
40525
40601
40526
40602
40527
40603
40528
40604
40529
40605
40530
40606
40531
40607
40532
40608
40533
40609
40534
40610
40535
40611
40536
40612
40537
40613
40538
40614
40539
40615
40540
40616
40541
40617
40542
40618
40543
40619
40544
40620
40545
40621
40546
40622
40547
40623
40548
40624
40549
40625
40550
40626
40551
40627
40552
40628
40553
40629
40554
40630
40555
40631
40556
40632
40557
40633
40558
40634
40559
40635
40560
40636
40561
40637
40562
40638
40563
40639
40564
40640
40565
40641
40566
40642
40567
40643
40568
40644
40569
40645
40570
40646
40571
40647
40572
40648
40573
40649
40574
40650
40575
40651
40652
46044
40577
40653
40578
40654
40579
40655
40580
40656
40581
40657
40582
40658
40583
40659
40584
40660
40585
40661
40586
40662
40587
40663
40588
40664
40589
40665
40590
40666
40591
40667
40592
40668
40593
40669
40594
40670
40595
40671
40596
40672
40597
40673
40598
40674
40599
40675
40600
40676
40601
40677
40602
40678
40603
40679
40604
40680
40605
40681
40606
40682
40607
40683
40608
40684
40609
40685
40610
40686
40611
40687
40612
40688
40613
40689
40614
40690
40615
40691
40616
40692
40617
40693
40618
40694
40619
40695
40620
40696
40621
40697
40622
40698
40623
40699
40624
40700
40625
40701
40626
40702
40627
40703
40628
40704
40629
40705
40630
40706
40631
40707
40632
40708
40633
40709
40634
40710
40635
40711
40636
40712
40637
40713
40638
40714
40639
40715
40640
40716
40641
40717
40642
40718
40643
40719
40644
40720
40645
40721
40646
40722
40647
40723
40648
40724
40649
40725
40650
40726
40651
40727
40652
40728
40729
46078
40654
40730
40655
40731
40656
40732
40657
40733
40658
40734
40659
40735
40660
40736
40661
40737
40662
40738
40663
40739
40664
40740
40665
40741
40666
40742
40667
40743
40668
40744
40669
40745
40670
40746
40671
40747
40672
40748
40673
40749
40674
40750
40675
40751
40676
40752
40677
40753
40678
40754
40679
40755
40680
40756
40681
40757
40682
40758
40683
40759
40684
40760
40685
40761
40686
40762
40687
40763
40688
40764
40689
40765
40690
40766
40691
40767
40692
40768
40693
40769
40694
40770
40695
40771
40696
40772
40697
40773
40698
40774
40699
40775
40700
40776
40701
40777
40702
40778
40703
40779
40704
40780
40705
40781
40706
40782
40707
40783
40708
40784
40709
40785
40710
40786
40711
40787
40712
40788
40713
40789
40714
40790
40715
40791
40716
40792
40717
40793
40718
40794
40719
40795
40720
40796
40721
40797
40722
40798
40723
40799
40724
40800
40725
40801
40726
40802
40727
40803
40728
40804
40729
40805
40806
46112
40731
40807
40732
40808
40733
40809
40734
40810
40735
40811
40736
40812
40737
40813
40738
40814
40739
40815
40740
40816
40741
40817
40742
40818
40743
40819
40744
40820
40745
40821
40746
40822
40747
40823
40748
40824
40749
40825
40750
40826
40751
40827
40752
40828
40753
40829
40754
40830
40755
40831
40756
40832
40757
40833
40758
40834
40759
40835
40760
40836
40761
40837
40762
40838
40763
40839
40764
40840
40765
40841
40766
40842
40767
40843
40768
40844
40769
40845
40770
40846
40771
40847
40772
40848
40773
40849
40774
40850
40775
40851
40776
40852
40777
40853
40778
40854
40779
40855
40780
40856
40781
40857
40782
40858
40783
40859
40784
40860
40785
40861
40786
40862
40787
40863
40788
40864
40789
40865
40790
40866
40791
40867
40792
40868
40793
40869
40794
40870
40795
40871
40796
40872
40797
40873
40798
40874
40799
40875
40800
40876
40801
40877
40802
40878
40803
40879
40804
40880
40805
40881
40806
40882
40883
46146
40808
40884
40809
40885
40810
40886
40811
40887
40812
40888
40813
40889
40814
40890
40815
40891
40816
40892
40817
40893
40818
40894
40819
40895
40820
40896
40821
40897
40822
40898
40823
40899
40824
40900
40825
40901
40826
40902
40827
40903
40828
40904
40829
40905
40830
40906
40831
40907
40832
40908
40833
40909
40834
40910
40835
40911
40836
40912
40837
40913
40838
40914
40839
40915
40840
40916
40841
40917
40842
40918
40843
40919
40844
40920
40845
40921
40846
40922
40847
40923
40848
40924
40849
40925
40850
40926
40851
40927
40852
40928
40853
40929
40854
40930
40855
40931
40856
40932
40857
40933
40858
40934
40859
40935
40860
40936
40861
40937
40862
40938
40863
40939
40864
40940
40865
40941
40866
40942
40867
40943
40868
40944
40869
40945
40870
40946
40871
40947
40872
40948
40873
40949
40874
40950
40875
40951
40876
40952
40877
40953
40878
40954
40879
40955
40880
40956
40881
40957
40882
40958
40883
40959
40960
46180
40885
40961
40886
40962
40887
40963
40888
40964
40889
40965
40890
40966
40891
40967
40892
40968
40893
40969
40894
40970
40895
40971
40896
40972
40897
40973
40898
40974
40899
40975
40900
40976
40901
40977
40902
40978
40903
40979
40904
40980
40905
40981
40906
40982
40907
40983
40908
40984
40909
40985
40910
40986
40911
40987
40912
40988
40913
40989
40914
40990
40915
40991
40916
40992
40917
40993
40918
40994
40919
40995
40920
40996
40921
40997
40922
40998
40923
40999
40924
41000
40925
41001
40926
41002
40927
41003
40928
41004
40929
41005
40930
41006
40931
41007
40932
41008
40933
41009
40934
41010
40935
41011
40936
41012
40937
41013
40938
41014
40939
41015
40940
41016
40941
41017
40942
41018
40943
41019
40944
41020
40945
41021
40946
41022
40947
41023
40948
41024
40949
41025
40950
41026
40951
41027
40952
41028
40953
41029
40954
41030
40955
41031
40956
41032
40957
41033
40958
41034
40959
41035
40960
41036
41037
46214
40962
41038
40963
41039
40964
41040
40965
41041
40966
41042
40967
41043
40968
41044
40969
41045
40970
41046
40971
41047
40972
41048
40973
41049
40974
41050
40975
41051
40976
41052
40977
41053
40978
41054
40979
41055
40980
41056
40981
41057
40982
41058
40983
41059
40984
41060
40985
41061
40986
41062
40987
41063
40988
41064
40989
41065
40990
41066
40991
41067
40992
41068
40993
41069
40994
41070
40995
41071
40996
41072
40997
41073
40998
41074
40999
41075
41000
41076
41001
41077
41002
41078
41003
41079
41004
41080
41005
41081
41006
41082
41007
41083
41008
41084
41009
41085
41010
41086
41011
41087
41012
41088
41013
41089
41014
41090
41015
41091
41016
41092
41017
41093
41018
41094
41019
41095
41020
41096
41021
41097
41022
41098
41023
41099
41024
41100
41025
41101
41026
41102
41027
41103
41028
41104
41029
41105
41030
41106
41031
41107
41032
41108
41033
41109
41034
41110
41035
41111
41036
41112
41037
41113
41114
46248
41039
41115
41040
41116
41041
41117
41042
41118
41043
41119
41044
41120
41045
41121
41046
41122
41047
41123
41048
41124
41049
41125
41050
41126
41051
41127
41052
41128
41053
41129
41054
41130
41055
41131
41056
41132
41057
41133
41058
41134
41059
41135
41060
41136
41061
41137
41062
41138
41063
41139
41064
41140
41065
41141
41066
41142
41067
41143
41068
41144
41069
41145
41070
41146
41071
41147
41072
41148
41073
41149
41074
41150
41075
41151
41076
41152
41077
41153
41078
41154
41079
41155
41080
41156
41081
41157
41082
41158
41083
41159
41084
41160
41085
41161
41086
41162
41087
41163
41088
41164
41089
41165
41090
41166
41091
41167
41092
41168
41093
41169
41094
41170
41095
41171
41096
41172
41097
41173
41098
41174
41099
41175
41100
41176
41101
41177
41102
41178
41103
41179
41104
41180
41105
41181
41106
41182
41107
41183
41108
41184
41109
41185
41110
41186
41111
41187
41112
41188
41113
41189
41114
41190
41191
46282
41116
41192
41117
41193
41118
41194
41119
41195
41120
41196
41121
41197
41122
41198
41123
41199
41124
41200
41125
41201
41126
41202
41127
41203
41128
41204
41129
41205
41130
41206
41131
41207
41132
41208
41133
41209
41134
41210
41135
41211
41136
41212
41137
41213
41138
41214
41139
41215
41140
41216
41141
41217
41142
41218
41143
41219
41144
41220
41145
41221
41146
41222
41147
41223
41148
41224
41149
41225
41150
41226
41151
41227
41152
41228
41153
41229
41154
41230
41155
41231
41156
41232
41157
41233
41158
41234
41159
41235
41160
41236
41161
41237
41162
41238
41163
41239
41164
41240
41165
41241
41166
41242
41167
41243
41168
41244
41169
41245
41170
41246
41171
41247
41172
41248
41173
41249
41174
41250
41175
41251
41176
41252
41177
41253
41178
41254
41179
41255
41180
41256
41181
41257
41182
41258
41183
41259
41184
41260
41185
41261
41186
41262
41187
41263
41188
41264
41189
41265
41190
41266
41191
41267
41268
46316
41193
41269
41194
41270
41195
41271
41196
41272
41197
41273
41198
41274
41199
41275
41200
41276
41201
41277
41202
41278
41203
41279
41204
41280
41205
41281
41206
41282
41207
41283
41208
41284
41209
41285
41210
41286
41211
41287
41212
41288
41213
41289
41214
41290
41215
41291
41216
41292
41217
41293
41218
41294
41219
41295
41220
41296
41221
41297
41222
41298
41223
41299
41224
41300
41225
41301
41226
41302
41227
41303
41228
41304
41229
41305
41230
41306
41231
41307
41232
41308
41233
41309
41234
41310
41235
41311
41236
41312
41237
41313
41238
41314
41239
41315
41240
41316
41241
41317
41242
41318
41243
41319
41244
41320
41245
41321
41246
41322
41247
41323
41248
41324
41249
41325
41250
41326
41251
41327
41252
41328
41253
41329
41254
41330
41255
41331
41256
41332
41257
41333
41258
41334
41259
41335
41260
41336
41261
41337
41262
41338
41263
41339
41264
41340
41265
41341
41266
41342
41267
41343
41268
41344
41345
46350
41270
41346
41271
41347
41272
41348
41273
41349
41274
41350
41275
41351
41276
41352
41277
41353
41278
41354
41279
41355
41280
41356
41281
41357
41282
41358
41283
41359
41284
41360
41285
41361
41286
41362
41287
41363
41288
41364
41289
41365
41290
41366
41291
41367
41292
41368
41293
41369
41294
41370
41295
41371
41296
41372
41297
41373
41298
41374
41299
41375
41300
41376
41301
41377
41302
41378
41303
41379
41304
41380
41305
41381
41306
41382
41307
41383
41308
41384
41309
41385
41310
41386
41311
41387
41312
41388
41313
41389
41314
41390
41315
41391
41316
41392
41317
41393
41318
41394
41319
41395
41320
41396
41321
41397
41322
41398
41323
41399
41324
41400
41325
41401
41326
41402
41327
41403
41328
41404
41329
41405
41330
41406
41331
41407
41332
41408
41333
41409
41334
41410
41335
41411
41336
41412
41337
41413
41338
41414
41339
41415
41340
41416
41341
41417
41342
41418
41343
41419
41344
41420
41345
41421
41422
46384
41347
41423
41348
41424
41349
41425
41350
41426
41351
41427
41352
41428
41353
41429
41354
41430
41355
41431
41356
41432
41357
41433
41358
41434
41359
41435
41360
41436
41361
41437
41362
41438
41363
41439
41364
41440
41365
41441
41366
41442
41367
41443
41368
41444
41369
41445
41370
41446
41371
41447
41372
41448
41373
41449
41374
41450
41375
41451
41376
41452
41377
41453
41378
41454
41379
41455
41380
41456
41381
41457
41382
41458
41383
41459
41384
41460
41385
41461
41386
41462
41387
41463
41388
41464
41389
41465
41390
41466
41391
41467
41392
41468
41393
41469
41394
41470
41395
41471
41396
41472
41397
41473
41398
41474
41399
41475
41400
41476
41401
41477
41402
41478
41403
41479
41404
41480
41405
41481
41406
41482
41407
41483
41408
41484
41409
41485
41410
41486
41411
41487
41412
41488
41413
41489
41414
41490
41415
41491
41416
41492
41417
41493
41418
41494
41419
41495
41420
41496
41421
41497
41422
41498
41499
46418
41424
41500
41425
41501
41426
41502
41427
41503
41428
41504
41429
41505
41430
41506
41431
41507
41432
41508
41433
41509
41434
41510
41435
41511
41436
41512
41437
41513
41438
41514
41439
41515
41440
41516
41441
41517
41442
41518
41443
41519
41444
41520
41445
41521
41446
41522
41447
41523
41448
41524
41449
41525
41450
41526
41451
41527
41452
41528
41453
41529
41454
41530
41455
41531
41456
41532
41457
41533
41458
41534
41459
41535
41460
41536
41461
41537
41462
41538
41463
41539
41464
41540
41465
41541
41466
41542
41467
41543
41468
41544
41469
41545
41470
41546
41471
41547
41472
41548
41473
41549
41474
41550
41475
41551
41476
41552
41477
41553
41478
41554
41479
41555
41480
41556
41481
41557
41482
41558
41483
41559
41484
41560
41485
41561
41486
41562
41487
41563
41488
41564
41489
41565
41490
41566
41491
41567
41492
41568
41493
41569
41494
41570
41495
41571
41496
41572
41497
41573
41498
41574
41499
41575
41576
46452
41501
41577
41502
41578
41503
41579
41504
41580
41505
41581
41506
41582
41507
41583
41508
41584
41509
41585
41510
41586
41511
41587
41512
41588
41513
41589
41514
41590
41515
41591
41516
41592
41517
41593
41518
41594
41519
41595
41520
41596
41521
41597
41522
41598
41523
41599
41524
41600
41525
41601
41526
41602
41527
41603
41528
41604
41529
41605
41530
41606
41531
41607
41532
41608
41533
41609
41534
41610
41535
41611
41536
41612
41537
41613
41538
41614
41539
41615
41540
41616
41541
41617
41542
41618
41543
41619
41544
41620
41545
41621
41546
41622
41547
41623
41548
41624
41549
41625
41550
41626
41551
41627
41552
41628
41553
41629
41554
41630
41555
41631
41556
41632
41557
41633
41558
41634
41559
41635
41560
41636
41561
41637
41562
41638
41563
41639
41564
41640
41565
41641
41566
41642
41567
41643
41568
41644
41569
41645
41570
41646
41571
41647
41572
41648
41573
41649
41574
41650
41575
41651
41576
41652
41653
46486
41578
41654
41579
41655
41580
41656
41581
41657
41582
41658
41583
41659
41584
41660
41585
41661
41586
41662
41587
41663
41588
41664
41589
41665
41590
41666
41591
41667
41592
41668
41593
41669
41594
41670
41595
41671
41596
41672
41597
41673
41598
41674
41599
41675
41600
41676
41601
41677
41602
41678
41603
41679
41604
41680
41605
41681
41606
41682
41607
41683
41608
41684
41609
41685
41610
41686
41611
41687
41612
41688
41613
41689
41614
41690
41615
41691
41616
41692
41617
41693
41618
41694
41619
41695
41620
41696
41621
41697
41622
41698
41623
41699
41624
41700
41625
41701
41626
41702
41627
41703
41628
41704
41629
41705
41630
41706
41631
41707
41632
41708
41633
41709
41634
41710
41635
41711
41636
41712
41637
41713
41638
41714
41639
41715
41640
41716
41641
41717
41642
41718
41643
41719
41644
41720
41645
41721
41646
41722
41647
41723
41648
41724
41649
41725
41650
41726
41651
41727
41652
41728
41653
41729
41730
46520
41655
41731
41656
41732
41657
41733
41658
41734
41659
41735
41660
41736
41661
41737
41662
41738
41663
41739
41664
41740
41665
41741
41666
41742
41667
41743
41668
41744
41669
41745
41670
41746
41671
41747
41672
41748
41673
41749
41674
41750
41675
41751
41676
41752
41677
41753
41678
41754
41679
41755
41680
41756
41681
41757
41682
41758
41683
41759
41684
41760
41685
41761
41686
41762
41687
41763
41688
41764
41689
41765
41690
41766
41691
41767
41692
41768
41693
41769
41694
41770
41695
41771
41696
41772
41697
41773
41698
41774
41699
41775
41700
41776
41701
41777
41702
41778
41703
41779
41704
41780
41705
41781
41706
41782
41707
41783
41708
41784
41709
41785
41710
41786
41711
41787
41712
41788
41713
41789
41714
41790
41715
41791
41716
41792
41717
41793
41718
41794
41719
41795
41720
41796
41721
41797
41722
41798
41723
41799
41724
41800
41725
41801
41726
41802
41727
41803
41728
41804
41729
41805
41730
41806
41807
46554
41732
41808
41733
41809
41734
41810
41735
41811
41736
41812
41737
41813
41738
41814
41739
41815
41740
41816
41741
41817
41742
41818
41743
41819
41744
41820
41745
41821
41746
41822
41747
41823
41748
41824
41749
41825
41750
41826
41751
41827
41752
41828
41753
41829
41754
41830
41755
41831
41756
41832
41757
41833
41758
41834
41759
41835
41760
41836
41761
41837
41762
41838
41763
41839
41764
41840
41765
41841
41766
41842
41767
41843
41768
41844
41769
41845
41770
41846
41771
41847
41772
41848
41773
41849
41774
41850
41775
41851
41776
41852
41777
41853
41778
41854
41779
41855
41780
41856
41781
41857
41782
41858
41783
41859
41784
41860
41785
41861
41786
41862
41787
41863
41788
41864
41789
41865
41790
41866
41791
41867
41792
41868
41793
41869
41794
41870
41795
41871
41796
41872
41797
41873
41798
41874
41799
41875
41800
41876
41801
41877
41802
41878
41803
41879
41804
41880
41805
41881
41806
41882
41807
41883
41884
46588
41809
41885
41810
41886
41811
41887
41812
41888
41813
41889
41814
41890
41815
41891
41816
41892
41817
41893
41818
41894
41819
41895
41820
41896
41821
41897
41822
41898
41823
41899
41824
41900
41825
41901
41826
41902
41827
41903
41828
41904
41829
41905
41830
41906
41831
41907
41832
41908
41833
41909
41834
41910
41835
41911
41836
41912
41837
41913
41838
41914
41839
41915
41840
41916
41841
41917
41842
41918
41843
41919
41844
41920
41845
41921
41846
41922
41847
41923
41848
41924
41849
41925
41850
41926
41851
41927
41852
41928
41853
41929
41854
41930
41855
41931
41856
41932
41857
41933
41858
41934
41859
41935
41860
41936
41861
41937
41862
41938
41863
41939
41864
41940
41865
41941
41866
41942
41867
41943
41868
41944
41869
41945
41870
41946
41871
41947
41872
41948
41873
41949
41874
41950
41875
41951
41876
41952
41877
41953
41878
41954
41879
41955
41880
41956
41881
41957
41882
41958
41883
41959
41884
41960
41961
46622
41886
41962
41887
41963
41888
41964
41889
41965
41890
41966
41891
41967
41892
41968
41893
41969
41894
41970
41895
41971
41896
41972
41897
41973
41898
41974
41899
41975
41900
41976
41901
41977
41902
41978
41903
41979
41904
41980
41905
41981
41906
41982
41907
41983
41908
41984
41909
41985
41910
41986
41911
41987
41912
41988
41913
41989
41914
41990
41915
41991
41916
41992
41917
41993
41918
41994
41919
41995
41920
41996
41921
41997
41922
41998
41923
41999
41924
42000
41925
42001
41926
42002
41927
42003
41928
42004
41929
42005
41930
42006
41931
42007
41932
42008
41933
42009
41934
42010
41935
42011
41936
42012
41937
42013
41938
42014
41939
42015
41940
42016
41941
42017
41942
42018
41943
42019
41944
42020
41945
42021
41946
42022
41947
42023
41948
42024
41949
42025
41950
42026
41951
42027
41952
42028
41953
42029
41954
42030
41955
42031
41956
42032
41957
42033
41958
42034
41959
42035
41960
42036
41961
42037
42038
46656
41963
42039
41964
42040
41965
42041
41966
42042
41967
42043
41968
42044
41969
42045
41970
42046
41971
42047
41972
42048
41973
42049
41974
42050
41975
42051
41976
42052
41977
42053
41978
42054
41979
42055
41980
42056
41981
42057
41982
42058
41983
42059
41984
42060
41985
42061
41986
42062
41987
42063
41988
42064
41989
42065
41990
42066
41991
42067
41992
42068
41993
42069
41994
42070
41995
42071
41996
42072
41997
42073
41998
42074
41999
42075
42000
42076
42001
42077
42002
42078
42003
42079
42004
42080
42005
42081
42006
42082
42007
42083
42008
42084
42009
42085
42010
42086
42011
42087
42012
42088
42013
42089
42014
42090
42015
42091
42016
42092
42017
42093
42018
42094
42019
42095
42020
42096
42021
42097
42022
42098
42023
42099
42024
42100
42025
42101
42026
42102
42027
42103
42028
42104
42029
42105
42030
42106
42031
42107
42032
42108
42033
42109
42034
42110
42035
42111
42036
42112
42037
42113
42038
42114
42115
46690
42040
42116
42041
42117
42042
42118
42043
42119
42044
42120
42045
42121
42046
42122
42047
42123
42048
42124
42049
42125
42050
42126
42051
42127
42052
42128
42053
42129
42054
42130
42055
42131
42056
42132
42057
42133
42058
42134
42059
42135
42060
42136
42061
42137
42062
42138
42063
42139
42064
42140
42065
42141
42066
42142
42067
42143
42068
42144
42069
42145
42070
42146
42071
42147
42072
42148
42073
42149
42074
42150
42075
42151
42076
42152
42077
42153
42078
42154
42079
42155
42080
42156
42081
42157
42082
42158
42083
42159
42084
42160
42085
42161
42086
42162
42087
42163
42088
42164
42089
42165
42090
42166
42091
42167
42092
42168
42093
42169
42094
42170
42095
42171
42096
42172
42097
42173
42098
42174
42099
42175
42100
42176
42101
42177
42102
42178
42103
42179
42104
42180
42105
42181
42106
42182
42107
42183
42108
42184
42109
42185
42110
42186
42111
42187
42112
42188
42113
42189
42114
42190
42115
42191
42192
46724
42117
42193
42118
42194
42119
42195
42120
42196
42121
42197
42122
42198
42123
42199
42124
42200
42125
42201
42126
42202
42127
42203
42128
42204
42129
42205
42130
42206
42131
42207
42132
42208
42133
42209
42134
42210
42135
42211
42136
42212
42137
42213
42138
42214
42139
42215
42140
42216
42141
42217
42142
42218
42143
42219
42144
42220
42145
42221
42146
42222
42147
42223
42148
42224
42149
42225
42150
42226
42151
42227
42152
42228
42153
42229
42154
42230
42155
42231
42156
42232
42157
42233
42158
42234
42159
42235
42160
42236
42161
42237
42162
42238
42163
42239
42164
42240
42165
42241
42166
42242
42167
42243
42168
42244
42169
42245
42170
42246
42171
42247
42172
42248
42173
42249
42174
42250
42175
42251
42176
42252
42177
42253
42178
42254
42179
42255
42180
42256
42181
42257
42182
42258
42183
42259
42184
42260
42185
42261
42186
42262
42187
42263
42188
42264
42189
42265
42190
42266
42191
42267
42192
42268
42269
46758
42194
42195
42196
42197
42198
42199
42200
42201
42202
42203
42204
42205
42206
42207
42208
42209
42210
42211
42212
42213
42214
42215
42216
42217
42218
42219
42220
42221
42222
42223
42224
42225
42226
42227
42228
42229
42230
42231
42232
42233
42234
42235
42236
42237
42238
42239
42240
42241
42242
42243
42244
42245
42246
42247
42248
42249
42250
42251
42252
42253
42254
42255
42256
42257
42258
42259
42260
42261
42262
42263
42264
42265
42266
42267
42268
42269
46792
42271
42304
43747
42272
42305
43797
42273
42306
43847
42274
42307
43897
42275
42308
43947
42276
42309
43997
42277
42310
44047
42278
42311
44097
42279
42312
44147
42280
42313
44197
42281
42314
44247
42282
42315
44297
42283
42316
44347
42284
42317
44397
42285
42318
44447
42286
42319
44497
42287
42320
44547
42288
42321
44597
42289
42322
44647
42290
42323
44697
42291
42324
44747
42292
42325
44797
42293
42326
44847
42294
42327
44897
42295
42328
44947
42296
42329
44997
42297
42330
45047
42298
42331
45097
42299
42332
45147
42300
42333
45197
42301
42334
45247
42302
42335
45297
42303
42336
45347
42337
45397
42305
42338
42306
42339
42307
42340
42308
42341
42309
42342
42310
42343
42311
42344
42312
42345
42313
42346
42314
42347
42315
42348
42316
42349
42317
42350
42318
42351
42319
42352
42320
42353
42321
42354
42322
42355
42323
42356
42324
42357
42325
42358
42326
42359
42327
42360
42328
42361
42329
42362
42330
42363
42331
42364
42332
42365
42333
42366
42334
42367
42335
42368
42336
42369
42337
42370
42371
42339
42372
42340
42373
42341
42374
42342
42375
42343
42376
42344
42377
42345
42378
42346
42379
42347
42380
42348
42381
42349
42382
42350
42383
42351
42384
42352
42385
42353
42386
42354
42387
42355
42388
42356
42389
42357
42390
42358
42391
42359
42392
42360
42393
42361
42394
42362
42395
42363
42396
42364
42397
42365
42398
42366
42399
42367
42400
42368
42401
42369
42402
42370
42403
42371
42404
42405
42373
42406
42374
42407
42375
42408
42376
42409
42377
42410
42378
42411
42379
42412
42380
42413
42381
42414
42382
42415
42383
42416
42384
42417
42385
42418
42386
42419
42387
42420
42388
42421
42389
42422
42390
42423
42391
42424
42392
42425
42393
42426
42394
42427
42395
42428
42396
42429
42397
42430
42398
42431
42399
42432
42400
42433
42401
42434
42402
42435
42403
42436
42404
42437
42405
42438
42439
42407
42440
42408
42441
42409
42442
42410
42443
42411
42444
42412
42445
42413
42446
42414
42447
42415
42448
42416
42449
42417
42450
42418
42451
42419
42452
42420
42453
42421
42454
42422
42455
42423
42456
42424
42457
42425
42458
42426
42459
42427
42460
42428
42461
42429
42462
42430
42463
42431
42464
42432
42465
42433
42466
42434
42467
42435
42468
42436
42469
42437
42470
42438
42471
42439
42472
42473
42441
42474
42442
42475
42443
42476
42444
42477
42445
42478
42446
42479
42447
42480
42448
42481
42449
42482
42450
42483
42451
42484
42452
42485
42453
42486
42454
42487
42455
42488
42456
42489
42457
42490
42458
42491
42459
42492
42460
42493
42461
42494
42462
42495
42463
42496
42464
42497
42465
42498
42466
42499
42467
42500
42468
42501
42469
42502
42470
42503
42471
42504
42472
42505
42473
42506
42507
42475
42508
42476
42509
42477
42510
42478
42511
42479
42512
42480
42513
42481
42514
42482
42515
42483
42516
42484
42517
42485
42518
42486
42519
42487
42520
42488
42521
42489
42522
42490
42523
42491
42524
42492
42525
42493
42526
42494
42527
42495
42528
42496
42529
42497
42530
42498
42531
42499
42532
42500
42533
42501
42534
42502
42535
42503
42536
42504
42537
42505
42538
42506
42539
42507
42540
42541
42509
42542
42510
42543
42511
42544
42512
42545
42513
42546
42514
42547
42515
42548
42516
42549
42517
42550
42518
42551
42519
42552
42520
42553
42521
42554
42522
42555
42523
42556
42524
42557
42525
42558
42526
42559
42527
42560
42528
42561
42529
42562
42530
42563
42531
42564
42532
42565
42533
42566
42534
42567
42535
42568
42536
42569
42537
42570
42538
42571
42539
42572
42540
42573
42541
42574
42575
42543
42576
42544
42577
42545
42578
42546
42579
42547
42580
42548
42581
42549
42582
42550
42583
42551
42584
42552
42585
42553
42586
42554
42587
42555
42588
42556
42589
42557
42590
42558
42591
42559
42592
42560
42593
42561
42594
42562
42595
42563
42596
42564
42597
42565
42598
42566
42599
42567
42600
42568
42601
42569
42602
42570
42603
42571
42604
42572
42605
42573
42606
42574
42607
42575
42608
42609
42577
42610
42578
42611
42579
42612
42580
42613
42581
42614
42582
42615
42583
42616
42584
42617
42585
42618
42586
42619
42587
42620
42588
42621
42589
42622
42590
42623
42591
42624
42592
42625
42593
42626
42594
42627
42595
42628
42596
42629
42597
42630
42598
42631
42599
42632
42600
42633
42601
42634
42602
42635
42603
42636
42604
42637
42605
42638
42606
42639
42607
42640
42608
42641
42609
42642
42643
42611
42644
42612
42645
42613
42646
42614
42647
42615
42648
42616
42649
42617
42650
42618
42651
42619
42652
42620
42653
42621
42654
42622
42655
42623
42656
42624
42657
42625
42658
42626
42659
42627
42660
42628
42661
42629
42662
42630
42663
42631
42664
42632
42665
42633
42666
42634
42667
42635
42668
42636
42669
42637
42670
42638
42671
42639
42672
42640
42673
42641
42674
42642
42675
42643
42676
42677
42645
42678
42646
42679
42647
42680
42648
42681
42649
42682
42650
42683
42651
42684
42652
42685
42653
42686
42654
42687
42655
42688
42656
42689
42657
42690
42658
42691
42659
42692
42660
42693
42661
42694
42662
42695
42663
42696
42664
42697
42665
42698
42666
42699
42667
42700
42668
42701
42669
42702
42670
42703
42671
42704
42672
42705
42673
42706
42674
42707
42675
42708
42676
42709
42677
42710
42711
42679
42712
42680
42713
42681
42714
42682
42715
42683
42716
42684
42717
42685
42718
42686
42719
42687
42720
42688
42721
42689
42722
42690
42723
42691
42724
42692
42725
42693
42726
42694
42727
42695
42728
42696
42729
42697
42730
42698
42731
42699
42732
42700
42733
42701
42734
42702
42735
42703
42736
42704
42737
42705
42738
42706
42739
42707
42740
42708
42741
42709
42742
42710
42743
42711
42744
42745
42713
42746
42714
42747
42715
42748
42716
42749
42717
42750
42718
42751
42719
42752
42720
42753
42721
42754
42722
42755
42723
42756
42724
42757
42725
42758
42726
42759
42727
42760
42728
42761
42729
42762
42730
42763
42731
42764
42732
42765
42733
42766
42734
42767
42735
42768
42736
42769
42737
42770
42738
42771
42739
42772
42740
42773
42741
42774
42742
42775
42743
42776
42744
42777
42745
42778
42779
42747
42780
42748
42781
42749
42782
42750
42783
42751
42784
42752
42785
42753
42786
42754
42787
42755
42788
42756
42789
42757
42790
42758
42791
42759
42792
42760
42793
42761
42794
42762
42795
42763
42796
42764
42797
42765
42798
42766
42799
42767
42800
42768
42801
42769
42802
42770
42803
42771
42804
42772
42805
42773
42806
42774
42807
42775
42808
42776
42809
42777
42810
42778
42811
42779
42812
42813
42781
42814
42782
42815
42783
42816
42784
42817
42785
42818
42786
42819
42787
42820
42788
42821
42789
42822
42790
42823
42791
42824
42792
42825
42793
42826
42794
42827
42795
42828
42796
42829
42797
42830
42798
42831
42799
42832
42800
42833
42801
42834
42802
42835
42803
42836
42804
42837
42805
42838
42806
42839
42807
42840
42808
42841
42809
42842
42810
42843
42811
42844
42812
42845
42813
42846
42847
42815
42848
42816
42849
42817
42850
42818
42851
42819
42852
42820
42853
42821
42854
42822
42855
42823
42856
42824
42857
42825
42858
42826
42859
42827
42860
42828
42861
42829
42862
42830
42863
42831
42864
42832
42865
42833
42866
42834
42867
42835
42868
42836
42869
42837
42870
42838
42871
42839
42872
42840
42873
42841
42874
42842
42875
42843
42876
42844
42877
42845
42878
42846
42879
42847
42880
42881
42849
42882
42850
42883
42851
42884
42852
42885
42853
42886
42854
42887
42855
42888
42856
42889
42857
42890
42858
42891
42859
42892
42860
42893
42861
42894
42862
42895
42863
42896
42864
42897
42865
42898
42866
42899
42867
42900
42868
42901
42869
42902
42870
42903
42871
42904
42872
42905
42873
42906
42874
42907
42875
42908
42876
42909
42877
42910
42878
42911
42879
42912
42880
42913
42881
42914
42915
42883
42916
42884
42917
42885
42918
42886
42919
42887
42920
42888
42921
42889
42922
42890
42923
42891
42924
42892
42925
42893
42926
42894
42927
42895
42928
42896
42929
42897
42930
42898
42931
42899
42932
42900
42933
42901
42934
42902
42935
42903
42936
42904
42937
42905
42938
42906
42939
42907
42940
42908
42941
42909
42942
42910
42943
42911
42944
42912
42945
42913
42946
42914
42947
42915
42948
42949
42917
42950
42918
42951
42919
42952
42920
42953
42921
42954
42922
42955
42923
42956
42924
42957
42925
42958
42926
42959
42927
42960
42928
42961
42929
42962
42930
42963
42931
42964
42932
42965
42933
42966
42934
42967
42935
42968
42936
42969
42937
42970
42938
42971
42939
42972
42940
42973
42941
42974
42942
42975
42943
42976
42944
42977
42945
42978
42946
42979
42947
42980
42948
42981
42949
42982
42983
42951
42984
42952
42985
42953
42986
42954
42987
42955
42988
42956
42989
42957
42990
42958
42991
42959
42992
42960
42993
42961
42994
42962
42995
42963
42996
42964
42997
42965
42998
42966
42999
42967
43000
42968
43001
42969
43002
42970
43003
42971
43004
42972
43005
42973
43006
42974
43007
42975
43008
42976
43009
42977
43010
42978
43011
42979
43012
42980
43013
42981
43014
42982
43015
42983
43016
43017
42985
43018
42986
43019
42987
43020
42988
43021
42989
43022
42990
43023
42991
43024
42992
43025
42993
43026
42994
43027
42995
43028
42996
43029
42997
43030
42998
43031
42999
43032
43000
43033
43001
43034
43002
43035
43003
43036
43004
43037
43005
43038
43006
43039
43007
43040
43008
43041
43009
43042
43010
43043
43011
43044
43012
43045
43013
43046
43014
43047
43015
43048
43016
43049
43017
43050
43051
43019
43052
43020
43053
43021
43054
43022
43055
43023
43056
43024
43057
43025
43058
43026
43059
43027
43060
43028
43061
43029
43062
43030
43063
43031
43064
43032
43065
43033
43066
43034
43067
43035
43068
43036
43069
43037
43070
43038
43071
43039
43072
43040
43073
43041
43074
43042
43075
43043
43076
43044
43077
43045
43078
43046
43079
43047
43080
43048
43081
43049
43082
43050
43083
43051
43084
43085
43053
43086
43054
43087
43055
43088
43056
43089
43057
43090
43058
43091
43059
43092
43060
43093
43061
43094
43062
43095
43063
43096
43064
43097
43065
43098
43066
43099
43067
43100
43068
43101
43069
43102
43070
43103
43071
43104
43072
43105
43073
43106
43074
43107
43075
43108
43076
43109
43077
43110
43078
43111
43079
43112
43080
43113
43081
43114
43082
43115
43083
43116
43084
43117
43085
43118
43119
43087
43120
43088
43121
43089
43122
43090
43123
43091
43124
43092
43125
43093
43126
43094
43127
43095
43128
43096
43129
43097
43130
43098
43131
43099
43132
43100
43133
43101
43134
43102
43135
43103
43136
43104
43137
43105
43138
43106
43139
43107
43140
43108
43141
43109
43142
43110
43143
43111
43144
43112
43145
43113
43146
43114
43147
43115
43148
43116
43149
43117
43150
43118
43151
43119
43152
43153
43121
43154
43122
43155
43123
43156
43124
43157
43125
43158
43126
43159
43127
43160
43128
43161
43129
43162
43130
43163
43131
43164
43132
43165
43133
43166
43134
43167
43135
43168
43136
43169
43137
43170
43138
43171
43139
43172
43140
43173
43141
43174
43142
43175
43143
43176
43144
43177
43145
43178
43146
43179
43147
43180
43148
43181
43149
43182
43150
43183
43151
43184
43152
43185
43153
43186
43187
43155
43188
43156
43189
43157
43190
43158
43191
43159
43192
43160
43193
43161
43194
43162
43195
43163
43196
43164
43197
43165
43198
43166
43199
43167
43200
43168
43201
43169
43202
43170
43203
43171
43204
43172
43205
43173
43206
43174
43207
43175
43208
43176
43209
43177
43210
43178
43211
43179
43212
43180
43213
43181
43214
43182
43215
43183
43216
43184
43217
43185
43218
43186
43219
43187
43220
43221
43189
43222
43190
43223
43191
43224
43192
43225
43193
43226
43194
43227
43195
43228
43196
43229
43197
43230
43198
43231
43199
43232
43200
43233
43201
43234
43202
43235
43203
43236
43204
43237
43205
43238
43206
43239
43207
43240
43208
43241
43209
43242
43210
43243
43211
43244
43212
43245
43213
43246
43214
43247
43215
43248
43216
43249
43217
43250
43218
43251
43219
43252
43220
43253
43221
43254
43255
43223
43256
43224
43257
43225
43258
43226
43259
43227
43260
43228
43261
43229
43262
43230
43263
43231
43264
43232
43265
43233
43266
43234
43267
43235
43268
43236
43269
43237
43270
43238
43271
43239
43272
43240
43273
43241
43274
43242
43275
43243
43276
43244
43277
43245
43278
43246
43279
43247
43280
43248
43281
43249
43282
43250
43283
43251
43284
43252
43285
43253
43286
43254
43287
43255
43288
43289
43257
43290
43258
43291
43259
43292
43260
43293
43261
43294
43262
43295
43263
43296
43264
43297
43265
43298
43266
43299
43267
43300
43268
43301
43269
43302
43270
43303
43271
43304
43272
43305
43273
43306
43274
43307
43275
43308
43276
43309
43277
43310
43278
43311
43279
43312
43280
43313
43281
43314
43282
43315
43283
43316
43284
43317
43285
43318
43286
43319
43287
43320
43288
43321
43289
43322
43323
43291
43324
43292
43325
43293
43326
43294
43327
43295
43328
43296
43329
43297
43330
43298
43331
43299
43332
43300
43333
43301
43334
43302
43335
43303
43336
43304
43337
43305
43338
43306
43339
43307
43340
43308
43341
43309
43342
43310
43343
43311
43344
43312
43345
43313
43346
43314
43347
43315
43348
43316
43349
43317
43350
43318
43351
43319
43352
43320
43353
43321
43354
43322
43355
43323
43356
43357
43325
43358
43326
43359
43327
43360
43328
43361
43329
43362
43330
43363
43331
43364
43332
43365
43333
43366
43334
43367
43335
43368
43336
43369
43337
43370
43338
43371
43339
43372
43340
43373
43341
43374
43342
43375
43343
43376
43344
43377
43345
43378
43346
43379
43347
43380
43348
43381
43349
43382
43350
43383
43351
43384
43352
43385
43353
43386
43354
43387
43355
43388
43356
43389
43357
43390
43391
43359
43392
43360
43393
43361
43394
43362
43395
43363
43396
43364
43397
43365
43398
43366
43399
43367
43400
43368
43401
43369
43402
43370
43403
43371
43404
43372
43405
43373
43406
43374
43407
43375
43408
43376
43409
43377
43410
43378
43411
43379
43412
43380
43413
43381
43414
43382
43415
43383
43416
43384
43417
43385
43418
43386
43419
43387
43420
43388
43421
43389
43422
43390
43423
43391
43424
43425
43393
43426
43394
43427
43395
43428
43396
43429
43397
43430
43398
43431
43399
43432
43400
43433
43401
43434
43402
43435
43403
43436
43404
43437
43405
43438
43406
43439
43407
43440
43408
43441
43409
43442
43410
43443
43411
43444
43412
43445
43413
43446
43414
43447
43415
43448
43416
43449
43417
43450
43418
43451
43419
43452
43420
43453
43421
43454
43422
43455
43423
43456
43424
43457
43425
43458
43459
43427
43460
43428
43461
43429
43462
43430
43463
43431
43464
43432
43465
43433
43466
43434
43467
43435
43468
43436
43469
43437
43470
43438
43471
43439
43472
43440
43473
43441
43474
43442
43475
43443
43476
43444
43477
43445
43478
43446
43479
43447
43480
43448
43481
43449
43482
43450
43483
43451
43484
43452
43485
43453
43486
43454
43487
43455
43488
43456
43489
43457
43490
43458
43491
43459
43492
43493
43461
43494
43462
43495
43463
43496
43464
43497
43465
43498
43466
43499
43467
43500
43468
43501
43469
43502
43470
43503
43471
43504
43472
43505
43473
43506
43474
43507
43475
43508
43476
43509
43477
43510
43478
43511
43479
43512
43480
43513
43481
43514
43482
43515
43483
43516
43484
43517
43485
43518
43486
43519
43487
43520
43488
43521
43489
43522
43490
43523
43491
43524
43492
43525
43493
43526
43527
43495
43528
43496
43529
43497
43530
43498
43531
43499
43532
43500
43533
43501
43534
43502
43535
43503
43536
43504
43537
43505
43538
43506
43539
43507
43540
43508
43541
43509
43542
43510
43543
43511
43544
43512
43545
43513
43546
43514
43547
43515
43548
43516
43549
43517
43550
43518
43551
43519
43552
43520
43553
43521
43554
43522
43555
43523
43556
43524
43557
43525
43558
43526
43559
43527
43560
43561
43529
43562
43530
43563
43531
43564
43532
43565
43533
43566
43534
43567
43535
43568
43536
43569
43537
43570
43538
43571
43539
43572
43540
43573
43541
43574
43542
43575
43543
43576
43544
43577
43545
43578
43546
43579
43547
43580
43548
43581
43549
43582
43550
43583
43551
43584
43552
43585
43553
43586
43554
43587
43555
43588
43556
43589
43557
43590
43558
43591
43559
43592
43560
43593
43561
43594
43595
43563
43596
43564
43597
43565
43598
43566
43599
43567
43600
43568
43601
43569
43602
43570
43603
43571
43604
43572
43605
43573
43606
43574
43607
43575
43608
43576
43609
43577
43610
43578
43611
43579
43612
43580
43613
43581
43614
43582
43615
43583
43616
43584
43617
43585
43618
43586
43619
43587
43620
43588
43621
43589
43622
43590
43623
43591
43624
43592
43625
43593
43626
43594
43627
43595
43628
43629
43597
43630
43598
43631
43599
43632
43600
43633
43601
43634
43602
43635
43603
43636
43604
43637
43605
43638
43606
43639
43607
43640
43608
43641
43609
43642
43610
43643
43611
43644
43612
43645
43613
43646
43614
43647
43615
43648
43616
43649
43617
43650
43618
43651
43619
43652
43620
43653
43621
43654
43622
43655
43623
43656
43624
43657
43625
43658
43626
43659
43627
43660
43628
43661
43629
43662
43663
43631
43664
43632
43665
43633
43666
43634
43667
43635
43668
43636
43669
43637
43670
43638
43671
43639
43672
43640
43673
43641
43674
43642
43675
43643
43676
43644
43677
43645
43678
43646
43679
43647
43680
43648
43681
43649
43682
43650
43683
43651
43684
43652
43685
43653
43686
43654
43687
43655
43688
43656
43689
43657
43690
43658
43691
43659
43692
43660
43693
43661
43694
43662
43695
43663
43696
43697
43665
43666
43667
43668
43669
43670
43671
43672
43673
43674
43675
43676
43677
43678
43679
43680
43681
43682
43683
43684
43685
43686
43687
43688
43689
43690
43691
43692
43693
43694
43695
43696
43697
43699
43748
45398
43700
43749
43701
43750
43702
43751
43703
43752
43704
43753
43705
43754
43706
43755
43707
43756
43708
43757
43709
43758
43710
43759
43711
43760
43712
43761
43713
43762
43714
43763
43715
43764
43716
43765
43717
43766
43718
43767
43719
43768
43720
43769
43721
43770
43722
43771
43723
43772
43724
43773
43725
43774
43726
43775
43727
43776
43728
43777
43729
43778
43730
43779
43731
43780
43732
43781
43733
43782
43734
43783
43735
43784
43736
43785
43737
43786
43738
43787
43739
43788
43740
43789
43741
43790
43742
43791
43743
43792
43744
43793
43745
43794
43746
43795
43747
43796
43797
43749
43798
45399
43750
43799
43751
43800
43752
43801
43753
43802
43754
43803
43755
43804
43756
43805
43757
43806
43758
43807
43759
43808
43760
43809
43761
43810
43762
43811
43763
43812
43764
43813
43765
43814
43766
43815
43767
43816
43768
43817
43769
43818
43770
43819
43771
43820
43772
43821
43773
43822
43774
43823
43775
43824
43776
43825
43777
43826
43778
43827
43779
43828
43780
43829
43781
43830
43782
43831
43783
43832
43784
43833
43785
43834
43786
43835
43787
43836
43788
43837
43789
43838
43790
43839
43791
43840
43792
43841
43793
43842
43794
43843
43795
43844
43796
43845
43797
43846
43847
43799
43848
45400
43800
43849
43801
43850
43802
43851
43803
43852
43804
43853
43805
43854
43806
43855
43807
43856
43808
43857
43809
43858
43810
43859
43811
43860
43812
43861
43813
43862
43814
43863
43815
43864
43816
43865
43817
43866
43818
43867
43819
43868
43820
43869
43821
43870
43822
43871
43823
43872
43824
43873
43825
43874
43826
43875
43827
43876
43828
43877
43829
43878
43830
43879
43831
43880
43832
43881
43833
43882
43834
43883
43835
43884
43836
43885
43837
43886
43838
43887
43839
43888
43840
43889
43841
43890
43842
43891
43843
43892
43844
43893
43845
43894
43846
43895
43847
43896
43897
43849
43898
45401
43850
43899
43851
43900
43852
43901
43853
43902
43854
43903
43855
43904
43856
43905
43857
43906
43858
43907
43859
43908
43860
43909
43861
43910
43862
43911
43863
43912
43864
43913
43865
43914
43866
43915
43867
43916
43868
43917
43869
43918
43870
43919
43871
43920
43872
43921
43873
43922
43874
43923
43875
43924
43876
43925
43877
43926
43878
43927
43879
43928
43880
43929
43881
43930
43882
43931
43883
43932
43884
43933
43885
43934
43886
43935
43887
43936
43888
43937
43889
43938
43890
43939
43891
43940
43892
43941
43893
43942
43894
43943
43895
43944
43896
43945
43897
43946
43947
43899
43948
45402
43900
43949
43901
43950
43902
43951
43903
43952
43904
43953
43905
43954
43906
43955
43907
43956
43908
43957
43909
43958
43910
43959
43911
43960
43912
43961
43913
43962
43914
43963
43915
43964
43916
43965
43917
43966
43918
43967
43919
43968
43920
43969
43921
43970
43922
43971
43923
43972
43924
43973
43925
43974
43926
43975
43927
43976
43928
43977
43929
43978
43930
43979
43931
43980
43932
43981
43933
43982
43934
43983
43935
43984
43936
43985
43937
43986
43938
43987
43939
43988
43940
43989
43941
43990
43942
43991
43943
43992
43944
43993
43945
43994
43946
43995
43947
43996
43997
43949
43998
45403
43950
43999
43951
44000
43952
44001
43953
44002
43954
44003
43955
44004
43956
44005
43957
44006
43958
44007
43959
44008
43960
44009
43961
44010
43962
44011
43963
44012
43964
44013
43965
44014
43966
44015
43967
44016
43968
44017
43969
44018
43970
44019
43971
44020
43972
44021
43973
44022
43974
44023
43975
44024
43976
44025
43977
44026
43978
44027
43979
44028
43980
44029
43981
44030
43982
44031
43983
44032
43984
44033
43985
44034
43986
44035
43987
44036
43988
44037
43989
44038
43990
44039
43991
44040
43992
44041
43993
44042
43994
44043
43995
44044
43996
44045
43997
44046
44047
43999
44048
45404
44000
44049
44001
44050
44002
44051
44003
44052
44004
44053
44005
44054
44006
44055
44007
44056
44008
44057
44009
44058
44010
44059
44011
44060
44012
44061
44013
44062
44014
44063
44015
44064
44016
44065
44017
44066
44018
44067
44019
44068
44020
44069
44021
44070
44022
44071
44023
44072
44024
44073
44025
44074
44026
44075
44027
44076
44028
44077
44029
44078
44030
44079
44031
44080
44032
44081
44033
44082
44034
44083
44035
44084
44036
44085
44037
44086
44038
44087
44039
44088
44040
44089
44041
44090
44042
44091
44043
44092
44044
44093
44045
44094
44046
44095
44047
44096
44097
44049
44098
45405
44050
44099
44051
44100
44052
44101
44053
44102
44054
44103
44055
44104
44056
44105
44057
44106
44058
44107
44059
44108
44060
44109
44061
44110
44062
44111
44063
44112
44064
44113
44065
44114
44066
44115
44067
44116
44068
44117
44069
44118
44070
44119
44071
44120
44072
44121
44073
44122
44074
44123
44075
44124
44076
44125
44077
44126
44078
44127
44079
44128
44080
44129
44081
44130
44082
44131
44083
44132
44084
44133
44085
44134
44086
44135
44087
44136
44088
44137
44089
44138
44090
44139
44091
44140
44092
44141
44093
44142
44094
44143
44095
44144
44096
44145
44097
44146
44147
44099
44148
45406
44100
44149
44101
44150
44102
44151
44103
44152
44104
44153
44105
44154
44106
44155
44107
44156
44108
44157
44109
44158
44110
44159
44111
44160
44112
44161
44113
44162
44114
44163
44115
44164
44116
44165
44117
44166
44118
44167
44119
44168
44120
44169
44121
44170
44122
44171
44123
44172
44124
44173
44125
44174
44126
44175
44127
44176
44128
44177
44129
44178
44130
44179
44131
44180
44132
44181
44133
44182
44134
44183
44135
44184
44136
44185
44137
44186
44138
44187
44139
44188
44140
44189
44141
44190
44142
44191
44143
44192
44144
44193
44145
44194
44146
44195
44147
44196
44197
44149
44198
45407
44150
44199
44151
44200
44152
44201
44153
44202
44154
44203
44155
44204
44156
44205
44157
44206
44158
44207
44159
44208
44160
44209
44161
44210
44162
44211
44163
44212
44164
44213
44165
44214
44166
44215
44167
44216
44168
44217
44169
44218
44170
44219
44171
44220
44172
44221
44173
44222
44174
44223
44175
44224
44176
44225
44177
44226
44178
44227
44179
44228
44180
44229
44181
44230
44182
44231
44183
44232
44184
44233
44185
44234
44186
44235
44187
44236
44188
44237
44189
44238
44190
44239
44191
44240
44192
44241
44193
44242
44194
44243
44195
44244
44196
44245
44197
44246
44247
44199
44248
45408
44200
44249
44201
44250
44202
44251
44203
44252
44204
44253
44205
44254
44206
44255
44207
44256
44208
44257
44209
44258
44210
44259
44211
44260
44212
44261
44213
44262
44214
44263
44215
44264
44216
44265
44217
44266
44218
44267
44219
44268
44220
44269
44221
44270
44222
44271
44223
44272
44224
44273
44225
44274
44226
44275
44227
44276
44228
44277
44229
44278
44230
44279
44231
44280
44232
44281
44233
44282
44234
44283
44235
44284
44236
44285
44237
44286
44238
44287
44239
44288
44240
44289
44241
44290
44242
44291
44243
44292
44244
44293
44245
44294
44246
44295
44247
44296
44297
44249
44298
45409
44250
44299
44251
44300
44252
44301
44253
44302
44254
44303
44255
44304
44256
44305
44257
44306
44258
44307
44259
44308
44260
44309
44261
44310
44262
44311
44263
44312
44264
44313
44265
44314
44266
44315
44267
44316
44268
44317
44269
44318
44270
44319
44271
44320
44272
44321
44273
44322
44274
44323
44275
44324
44276
44325
44277
44326
44278
44327
44279
44328
44280
44329
44281
44330
44282
44331
44283
44332
44284
44333
44285
44334
44286
44335
44287
44336
44288
44337
44289
44338
44290
44339
44291
44340
44292
44341
44293
44342
44294
44343
44295
44344
44296
44345
44297
44346
44347
44299
44348
45410
44300
44349
44301
44350
44302
44351
44303
44352
44304
44353
44305
44354
44306
44355
44307
44356
44308
44357
44309
44358
44310
44359
44311
44360
44312
44361
44313
44362
44314
44363
44315
44364
44316
44365
44317
44366
44318
44367
44319
44368
44320
44369
44321
44370
44322
44371
44323
44372
44324
44373
44325
44374
44326
44375
44327
44376
44328
44377
44329
44378
44330
44379
44331
44380
44332
44381
44333
44382
44334
44383
44335
44384
44336
44385
44337
44386
44338
44387
44339
44388
44340
44389
44341
44390
44342
44391
44343
44392
44344
44393
44345
44394
44346
44395
44347
44396
44397
44349
44398
45411
44350
44399
44351
44400
44352
44401
44353
44402
44354
44403
44355
44404
44356
44405
44357
44406
44358
44407
44359
44408
44360
44409
44361
44410
44362
44411
44363
44412
44364
44413
44365
44414
44366
44415
44367
44416
44368
44417
44369
44418
44370
44419
44371
44420
44372
44421
44373
44422
44374
44423
44375
44424
44376
44425
44377
44426
44378
44427
44379
44428
44380
44429
44381
44430
44382
44431
44383
44432
44384
44433
44385
44434
44386
44435
44387
44436
44388
44437
44389
44438
44390
44439
44391
44440
44392
44441
44393
44442
44394
44443
44395
44444
44396
44445
44397
44446
44447
44399
44448
45412
44400
44449
44401
44450
44402
44451
44403
44452
44404
44453
44405
44454
44406
44455
44407
44456
44408
44457
44409
44458
44410
44459
44411
44460
44412
44461
44413
44462
44414
44463
44415
44464
44416
44465
44417
44466
44418
44467
44419
44468
44420
44469
44421
44470
44422
44471
44423
44472
44424
44473
44425
44474
44426
44475
44427
44476
44428
44477
44429
44478
44430
44479
44431
44480
44432
44481
44433
44482
44434
44483
44435
44484
44436
44485
44437
44486
44438
44487
44439
44488
44440
44489
44441
44490
44442
44491
44443
44492
44444
44493
44445
44494
44446
44495
44447
44496
44497
44449
44498
45413
44450
44499
44451
44500
44452
44501
44453
44502
44454
44503
44455
44504
44456
44505
44457
44506
44458
44507
44459
44508
44460
44509
44461
44510
44462
44511
44463
44512
44464
44513
44465
44514
44466
44515
44467
44516
44468
44517
44469
44518
44470
44519
44471
44520
44472
44521
44473
44522
44474
44523
44475
44524
44476
44525
44477
44526
44478
44527
44479
44528
44480
44529
44481
44530
44482
44531
44483
44532
44484
44533
44485
44534
44486
44535
44487
44536
44488
44537
44489
44538
44490
44539
44491
44540
44492
44541
44493
44542
44494
44543
44495
44544
44496
44545
44497
44546
44547
44499
44548
45414
44500
44549
44501
44550
44502
44551
44503
44552
44504
44553
44505
44554
44506
44555
44507
44556
44508
44557
44509
44558
44510
44559
44511
44560
44512
44561
44513
44562
44514
44563
44515
44564
44516
44565
44517
44566
44518
44567
44519
44568
44520
44569
44521
44570
44522
44571
44523
44572
44524
44573
44525
44574
44526
44575
44527
44576
44528
44577
44529
44578
44530
44579
44531
44580
44532
44581
44533
44582
44534
44583
44535
44584
44536
44585
44537
44586
44538
44587
44539
44588
44540
44589
44541
44590
44542
44591
44543
44592
44544
44593
44545
44594
44546
44595
44547
44596
44597
44549
44598
45415
44550
44599
44551
44600
44552
44601
44553
44602
44554
44603
44555
44604
44556
44605
44557
44606
44558
44607
44559
44608
44560
44609
44561
44610
44562
44611
44563
44612
44564
44613
44565
44614
44566
44615
44567
44616
44568
44617
44569
44618
44570
44619
44571
44620
44572
44621
44573
44622
44574
44623
44575
44624
44576
44625
44577
44626
44578
44627
44579
44628
44580
44629
44581
44630
44582
44631
44583
44632
44584
44633
44585
44634
44586
44635
44587
44636
44588
44637
44589
44638
44590
44639
44591
44640
44592
44641
44593
44642
44594
44643
44595
44644
44596
44645
44597
44646
44647
44599
44648
45416
44600
44649
44601
44650
44602
44651
44603
44652
44604
44653
44605
44654
44606
44655
44607
44656
44608
44657
44609
44658
44610
44659
44611
44660
44612
44661
44613
44662
44614
44663
44615
44664
44616
44665
44617
44666
44618
44667
44619
44668
44620
44669
44621
44670
44622
44671
44623
44672
44624
44673
44625
44674
44626
44675
44627
44676
44628
44677
44629
44678
44630
44679
44631
44680
44632
44681
44633
44682
44634
44683
44635
44684
44636
44685
44637
44686
44638
44687
44639
44688
44640
44689
44641
44690
44642
44691
44643
44692
44644
44693
44645
44694
44646
44695
44647
44696
44697
44649
44698
45417
44650
44699
44651
44700
44652
44701
44653
44702
44654
44703
44655
44704
44656
44705
44657
44706
44658
44707
44659
44708
44660
44709
44661
44710
44662
44711
44663
44712
44664
44713
44665
44714
44666
44715
44667
44716
44668
44717
44669
44718
44670
44719
44671
44720
44672
44721
44673
44722
44674
44723
44675
44724
44676
44725
44677
44726
44678
44727
44679
44728
44680
44729
44681
44730
44682
44731
44683
44732
44684
44733
44685
44734
44686
44735
44687
44736
44688
44737
44689
44738
44690
44739
44691
44740
44692
44741
44693
44742
44694
44743
44695
44744
44696
44745
44697
44746
44747
44699
44748
45418
44700
44749
44701
44750
44702
44751
44703
44752
44704
44753
44705
44754
44706
44755
44707
44756
44708
44757
44709
44758
44710
44759
44711
44760
44712
44761
44713
44762
44714
44763
44715
44764
44716
44765
44717
44766
44718
44767
44719
44768
44720
44769
44721
44770
44722
44771
44723
44772
44724
44773
44725
44774
44726
44775
44727
44776
44728
44777
44729
44778
44730
44779
44731
44780
44732
44781
44733
44782
44734
44783
44735
44784
44736
44785
44737
44786
44738
44787
44739
44788
44740
44789
44741
44790
44742
44791
44743
44792
44744
44793
44745
44794
44746
44795
44747
44796
44797
44749
44798
45419
44750
44799
44751
44800
44752
44801
44753
44802
44754
44803
44755
44804
44756
44805
44757
44806
44758
44807
44759
44808
44760
44809
44761
44810
44762
44811
44763
44812
44764
44813
44765
44814
44766
44815
44767
44816
44768
44817
44769
44818
44770
44819
44771
44820
44772
44821
44773
44822
44774
44823
44775
44824
44776
44825
44777
44826
44778
44827
44779
44828
44780
44829
44781
44830
44782
44831
44783
44832
44784
44833
44785
44834
44786
44835
44787
44836
44788
44837
44789
44838
44790
44839
44791
44840
44792
44841
44793
44842
44794
44843
44795
44844
44796
44845
44797
44846
44847
44799
44848
45420
44800
44849
44801
44850
44802
44851
44803
44852
44804
44853
44805
44854
44806
44855
44807
44856
44808
44857
44809
44858
44810
44859
44811
44860
44812
44861
44813
44862
44814
44863
44815
44864
44816
44865
44817
44866
44818
44867
44819
44868
44820
44869
44821
44870
44822
44871
44823
44872
44824
44873
44825
44874
44826
44875
44827
44876
44828
44877
44829
44878
44830
44879
44831
44880
44832
44881
44833
44882
44834
44883
44835
44884
44836
44885
44837
44886
44838
44887
44839
44888
44840
44889
44841
44890
44842
44891
44843
44892
44844
44893
44845
44894
44846
44895
44847
44896
44897
44849
44898
45421
44850
44899
44851
44900
44852
44901
44853
44902
44854
44903
44855
44904
44856
44905
44857
44906
44858
44907
44859
44908
44860
44909
44861
44910
44862
44911
44863
44912
44864
44913
44865
44914
44866
44915
44867
44916
44868
44917
44869
44918
44870
44919
44871
44920
44872
44921
44873
44922
44874
44923
44875
44924
44876
44925
44877
44926
44878
44927
44879
44928
44880
44929
44881
44930
44882
44931
44883
44932
44884
44933
44885
44934
44886
44935
44887
44936
44888
44937
44889
44938
44890
44939
44891
44940
44892
44941
44893
44942
44894
44943
44895
44944
44896
44945
44897
44946
44947
44899
44948
45422
44900
44949
44901
44950
44902
44951
44903
44952
44904
44953
44905
44954
44906
44955
44907
44956
44908
44957
44909
44958
44910
44959
44911
44960
44912
44961
44913
44962
44914
44963
44915
44964
44916
44965
44917
44966
44918
44967
44919
44968
44920
44969
44921
44970
44922
44971
44923
44972
44924
44973
44925
44974
44926
44975
44927
44976
44928
44977
44929
44978
44930
44979
44931
44980
44932
44981
44933
44982
44934
44983
44935
44984
44936
44985
44937
44986
44938
44987
44939
44988
44940
44989
44941
44990
44942
44991
44943
44992
44944
44993
44945
44994
44946
44995
44947
44996
44997
44949
44998
45423
44950
44999
44951
45000
44952
45001
44953
45002
44954
45003
44955
45004
44956
45005
44957
45006
44958
45007
44959
45008
44960
45009
44961
45010
44962
45011
44963
45012
44964
45013
44965
45014
44966
45015
44967
45016
44968
45017
44969
45018
44970
45019
44971
45020
44972
45021
44973
45022
44974
45023
44975
45024
44976
45025
44977
45026
44978
45027
44979
45028
44980
45029
44981
45030
44982
45031
44983
45032
44984
45033
44985
45034
44986
45035
44987
45036
44988
45037
44989
45038
44990
45039
44991
45040
44992
45041
44993
45042
44994
45043
44995
45044
44996
45045
44997
45046
45047
44999
45048
45424
45000
45049
45001
45050
45002
45051
45003
45052
45004
45053
45005
45054
45006
45055
45007
45056
45008
45057
45009
45058
45010
45059
45011
45060
45012
45061
45013
45062
45014
45063
45015
45064
45016
45065
45017
45066
45018
45067
45019
45068
45020
45069
45021
45070
45022
45071
45023
45072
45024
45073
45025
45074
45026
45075
45027
45076
45028
45077
45029
45078
45030
45079
45031
45080
45032
45081
45033
45082
45034
45083
45035
45084
45036
45085
45037
45086
45038
45087
45039
45088
45040
45089
45041
45090
45042
45091
45043
45092
45044
45093
45045
45094
45046
45095
45047
45096
45097
45049
45098
45425
45050
45099
45051
45100
45052
45101
45053
45102
45054
45103
45055
45104
45056
45105
45057
45106
45058
45107
45059
45108
45060
45109
45061
45110
45062
45111
45063
45112
45064
45113
45065
45114
45066
45115
45067
45116
45068
45117
45069
45118
45070
45119
45071
45120
45072
45121
45073
45122
45074
45123
45075
45124
45076
45125
45077
45126
45078
45127
45079
45128
45080
45129
45081
45130
45082
45131
45083
45132
45084
45133
45085
45134
45086
45135
45087
45136
45088
45137
45089
45138
45090
45139
45091
45140
45092
45141
45093
45142
45094
45143
45095
45144
45096
45145
45097
45146
45147
45099
45148
45426
45100
45149
45101
45150
45102
45151
45103
45152
45104
45153
45105
45154
45106
45155
45107
45156
45108
45157
45109
45158
45110
45159
45111
45160
45112
45161
45113
45162
45114
45163
45115
45164
45116
45165
45117
45166
45118
45167
45119
45168
45120
45169
45121
45170
45122
45171
45123
45172
45124
45173
45125
45174
45126
45175
45127
45176
45128
45177
45129
45178
45130
45179
45131
45180
45132
45181
45133
45182
45134
45183
45135
45184
45136
45185
45137
45186
45138
45187
45139
45188
45140
45189
45141
45190
45142
45191
45143
45192
45144
45193
45145
45194
45146
45195
45147
45196
45197
45149
45198
45427
45150
45199
45151
45200
45152
45201
45153
45202
45154
45203
45155
45204
45156
45205
45157
45206
45158
45207
45159
45208
45160
45209
45161
45210
45162
45211
45163
45212
45164
45213
45165
45214
45166
45215
45167
45216
45168
45217
45169
45218
45170
45219
45171
45220
45172
45221
45173
45222
45174
45223
45175
45224
45176
45225
45177
45226
45178
45227
45179
45228
45180
45229
45181
45230
45182
45231
45183
45232
45184
45233
45185
45234
45186
45235
45187
45236
45188
45237
45189
45238
45190
45239
45191
45240
45192
45241
45193
45242
45194
45243
45195
45244
45196
45245
45197
45246
45247
45199
45248
45428
45200
45249
45201
45250
45202
45251
45203
45252
45204
45253
45205
45254
45206
45255
45207
45256
45208
45257
45209
45258
45210
45259
45211
45260
45212
45261
45213
45262
45214
45263
45215
45264
45216
45265
45217
45266
45218
45267
45219
45268
45220
45269
45221
45270
45222
45271
45223
45272
45224
45273
45225
45274
45226
45275
45227
45276
45228
45277
45229
45278
45230
45279
45231
45280
45232
45281
45233
45282
45234
45283
45235
45284
45236
45285
45237
45286
45238
45287
45239
45288
45240
45289
45241
45290
45242
45291
45243
45292
45244
45293
45245
45294
45246
45295
45247
45296
45297
45249
45298
45429
45250
45299
45251
45300
45252
45301
45253
45302
45254
45303
45255
45304
45256
45305
45257
45306
45258
45307
45259
45308
45260
45309
45261
45310
45262
45311
45263
45312
45264
45313
45265
45314
45266
45315
45267
45316
45268
45317
45269
45318
45270
45319
45271
45320
45272
45321
45273
45322
45274
45323
45275
45324
45276
45325
45277
45326
45278
45327
45279
45328
45280
45329
45281
45330
45282
45331
45283
45332
45284
45333
45285
45334
45286
45335
45287
45336
45288
45337
45289
45338
45290
45339
45291
45340
45292
45341
45293
45342
45294
45343
45295
45344
45296
45345
45297
45346
45347
45299
45348
45430
45300
45349
45301
45350
45302
45351
45303
45352
45304
45353
45305
45354
45306
45355
45307
45356
45308
45357
45309
45358
45310
45359
45311
45360
45312
45361
45313
45362
45314
45363
45315
45364
45316
45365
45317
45366
45318
45367
45319
45368
45320
45369
45321
45370
45322
45371
45323
45372
45324
45373
45325
45374
45326
45375
45327
45376
45328
45377
45329
45378
45330
45379
45331
45380
45332
45381
45333
45382
45334
45383
45335
45384
45336
45385
45337
45386
45338
45387
45339
45388
45340
45389
45341
45390
45342
45391
45343
45392
45344
45393
45345
45394
45346
45395
45347
45396
45397
45349
45431
45350
45351
45352
45353
45354
45355
45356
45357
45358
45359
45360
45361
45362
45363
45364
45365
45366
45367
45368
45369
45370
45371
45372
45373
45374
45375
45376
45377
45378
45379
45380
45381
45382
45383
45384
45385
45386
45387
45388
45389
45390
45391
45392
45393
45394
45395
45396
45397
45399
45432
45400
45433
45401
45434
45402
45435
45403
45436
45404
45437
45405
45438
45406
45439
45407
45440
45408
45441
45409
45442
45410
45443
45411
45444
45412
45445
45413
45446
45414
45447
45415
45448
45416
45449
45417
45450
45418
45451
45419
45452
45420
45453
45421
45454
45422
45455
45423
45456
45424
45457
45425
45458
45426
45459
45427
45460
45428
45461
45429
45462
45430
45463
45431
45464
45465
45433
45466
45434
45467
45435
45468
45436
45469
45437
45470
45438
45471
45439
45472
45440
45473
45441
45474
45442
45475
45443
45476
45444
45477
45445
45478
45446
45479
45447
45480
45448
45481
45449
45482
45450
45483
45451
45484
45452
45485
45453
45486
45454
45487
45455
45488
45456
45489
45457
45490
45458
45491
45459
45492
45460
45493
45461
45494
45462
45495
45463
45496
45464
45497
45465
45498
45499
45467
45500
45468
45501
45469
45502
45470
45503
45471
45504
45472
45505
45473
45506
45474
45507
45475
45508
45476
45509
45477
45510
45478
45511
45479
45512
45480
45513
45481
45514
45482
45515
45483
45516
45484
45517
45485
45518
45486
45519
45487
45520
45488
45521
45489
45522
45490
45523
45491
45524
45492
45525
45493
45526
45494
45527
45495
45528
45496
45529
45497
45530
45498
45531
45499
45532
45533
45501
45534
45502
45535
45503
45536
45504
45537
45505
45538
45506
45539
45507
45540
45508
45541
45509
45542
45510
45543
45511
45544
45512
45545
45513
45546
45514
45547
45515
45548
45516
45549
45517
45550
45518
45551
45519
45552
45520
45553
45521
45554
45522
45555
45523
45556
45524
45557
45525
45558
45526
45559
45527
45560
45528
45561
45529
45562
45530
45563
45531
45564
45532
45565
45533
45566
45567
45535
45568
45536
45569
45537
45570
45538
45571
45539
45572
45540
45573
45541
45574
45542
45575
45543
45576
45544
45577
45545
45578
45546
45579
45547
45580
45548
45581
45549
45582
45550
45583
45551
45584
45552
45585
45553
45586
45554
45587
45555
45588
45556
45589
45557
45590
45558
45591
45559
45592
45560
45593
45561
45594
45562
45595
45563
45596
45564
45597
45565
45598
45566
45599
45567
45600
45601
45569
45602
45570
45603
45571
45604
45572
45605
45573
45606
45574
45607
45575
45608
45576
45609
45577
45610
45578
45611
45579
45612
45580
45613
45581
45614
45582
45615
45583
45616
45584
45617
45585
45618
45586
45619
45587
45620
45588
45621
45589
45622
45590
45623
45591
45624
45592
45625
45593
45626
45594
45627
45595
45628
45596
45629
45597
45630
45598
45631
45599
45632
45600
45633
45601
45634
45635
45603
45636
45604
45637
45605
45638
45606
45639
45607
45640
45608
45641
45609
45642
45610
45643
45611
45644
45612
45645
45613
45646
45614
45647
45615
45648
45616
45649
45617
45650
45618
45651
45619
45652
45620
45653
45621
45654
45622
45655
45623
45656
45624
45657
45625
45658
45626
45659
45627
45660
45628
45661
45629
45662
45630
45663
45631
45664
45632
45665
45633
45666
45634
45667
45635
45668
45669
45637
45670
45638
45671
45639
45672
45640
45673
45641
45674
45642
45675
45643
45676
45644
45677
45645
45678
45646
45679
45647
45680
45648
45681
45649
45682
45650
45683
45651
45684
45652
45685
45653
45686
45654
45687
45655
45688
45656
45689
45657
45690
45658
45691
45659
45692
45660
45693
45661
45694
45662
45695
45663
45696
45664
45697
45665
45698
45666
45699
45667
45700
45668
45701
45669
45702
45703
45671
45704
45672
45705
45673
45706
45674
45707
45675
45708
45676
45709
45677
45710
45678
45711
45679
45712
45680
45713
45681
45714
45682
45715
45683
45716
45684
45717
45685
45718
45686
45719
45687
45720
45688
45721
45689
45722
45690
45723
45691
45724
45692
45725
45693
45726
45694
45727
45695
45728
45696
45729
45697
45730
45698
45731
45699
45732
45700
45733
45701
45734
45702
45735
45703
45736
45737
45705
45738
45706
45739
45707
45740
45708
45741
45709
45742
45710
45743
45711
45744
45712
45745
45713
45746
45714
45747
45715
45748
45716
45749
45717
45750
45718
45751
45719
45752
45720
45753
45721
45754
45722
45755
45723
45756
45724
45757
45725
45758
45726
45759
45727
45760
45728
45761
45729
45762
45730
45763
45731
45764
45732
45765
45733
45766
45734
45767
45735
45768
45736
45769
45737
45770
45771
45739
45772
45740
45773
45741
45774
45742
45775
45743
45776
45744
45777
45745
45778
45746
45779
45747
45780
45748
45781
45749
45782
45750
45783
45751
45784
45752
45785
45753
45786
45754
45787
45755
45788
45756
45789
45757
45790
45758
45791
45759
45792
45760
45793
45761
45794
45762
45795
45763
45796
45764
45797
45765
45798
45766
45799
45767
45800
45768
45801
45769
45802
45770
45803
45771
45804
45805
45773
45806
45774
45807
45775
45808
45776
45809
45777
45810
45778
45811
45779
45812
45780
45813
45781
45814
45782
45815
45783
45816
45784
45817
45785
45818
45786
45819
45787
45820
45788
45821
45789
45822
45790
45823
45791
45824
45792
45825
45793
45826
45794
45827
45795
45828
45796
45829
45797
45830
45798
45831
45799
45832
45800
45833
45801
45834
45802
45835
45803
45836
45804
45837
45805
45838
45839
45807
45840
45808
45841
45809
45842
45810
45843
45811
45844
45812
45845
45813
45846
45814
45847
45815
45848
45816
45849
45817
45850
45818
45851
45819
45852
45820
45853
45821
45854
45822
45855
45823
45856
45824
45857
45825
45858
45826
45859
45827
45860
45828
45861
45829
45862
45830
45863
45831
45864
45832
45865
45833
45866
45834
45867
45835
45868
45836
45869
45837
45870
45838
45871
45839
45872
45873
45841
45874
45842
45875
45843
45876
45844
45877
45845
45878
45846
45879
45847
45880
45848
45881
45849
45882
45850
45883
45851
45884
45852
45885
45853
45886
45854
45887
45855
45888
45856
45889
45857
45890
45858
45891
45859
45892
45860
45893
45861
45894
45862
45895
45863
45896
45864
45897
45865
45898
45866
45899
45867
45900
45868
45901
45869
45902
45870
45903
45871
45904
45872
45905
45873
45906
45907
45875
45908
45876
45909
45877
45910
45878
45911
45879
45912
45880
45913
45881
45914
45882
45915
45883
45916
45884
45917
45885
45918
45886
45919
45887
45920
45888
45921
45889
45922
45890
45923
45891
45924
45892
45925
45893
45926
45894
45927
45895
45928
45896
45929
45897
45930
45898
45931
45899
45932
45900
45933
45901
45934
45902
45935
45903
45936
45904
45937
45905
45938
45906
45939
45907
45940
45941
45909
45942
45910
45943
45911
45944
45912
45945
45913
45946
45914
45947
45915
45948
45916
45949
45917
45950
45918
45951
45919
45952
45920
45953
45921
45954
45922
45955
45923
45956
45924
45957
45925
45958
45926
45959
45927
45960
45928
45961
45929
45962
45930
45963
45931
45964
45932
45965
45933
45966
45934
45967
45935
45968
45936
45969
45937
45970
45938
45971
45939
45972
45940
45973
45941
45974
45975
45943
45976
45944
45977
45945
45978
45946
45979
45947
45980
45948
45981
45949
45982
45950
45983
45951
45984
45952
45985
45953
45986
45954
45987
45955
45988
45956
45989
45957
45990
45958
45991
45959
45992
45960
45993
45961
45994
45962
45995
45963
45996
45964
45997
45965
45998
45966
45999
45967
46000
45968
46001
45969
46002
45970
46003
45971
46004
45972
46005
45973
46006
45974
46007
45975
46008
46009
45977
46010
45978
46011
45979
46012
45980
46013
45981
46014
45982
46015
45983
46016
45984
46017
45985
46018
45986
46019
45987
46020
45988
46021
45989
46022
45990
46023
45991
46024
45992
46025
45993
46026
45994
46027
45995
46028
45996
46029
45997
46030
45998
46031
45999
46032
46000
46033
46001
46034
46002
46035
46003
46036
46004
46037
46005
46038
46006
46039
46007
46040
46008
46041
46009
46042
46043
46011
46044
46012
46045
46013
46046
46014
46047
46015
46048
46016
46049
46017
46050
46018
46051
46019
46052
46020
46053
46021
46054
46022
46055
46023
46056
46024
46057
46025
46058
46026
46059
46027
46060
46028
46061
46029
46062
46030
46063
46031
46064
46032
46065
46033
46066
46034
46067
46035
46068
46036
46069
46037
46070
46038
46071
46039
46072
46040
46073
46041
46074
46042
46075
46043
46076
46077
46045
46078
46046
46079
46047
46080
46048
46081
46049
46082
46050
46083
46051
46084
46052
46085
46053
46086
46054
46087
46055
46088
46056
46089
46057
46090
46058
46091
46059
46092
46060
46093
46061
46094
46062
46095
46063
46096
46064
46097
46065
46098
46066
46099
46067
46100
46068
46101
46069
46102
46070
46103
46071
46104
46072
46105
46073
46106
46074
46107
46075
46108
46076
46109
46077
46110
46111
46079
46112
46080
46113
46081
46114
46082
46115
46083
46116
46084
46117
46085
46118
46086
46119
46087
46120
46088
46121
46089
46122
46090
46123
46091
46124
46092
46125
46093
46126
46094
46127
46095
46128
46096
46129
46097
46130
46098
46131
46099
46132
46100
46133
46101
46134
46102
46135
46103
46136
46104
46137
46105
46138
46106
46139
46107
46140
46108
46141
46109
46142
46110
46143
46111
46144
46145
46113
46146
46114
46147
46115
46148
46116
46149
46117
46150
46118
46151
46119
46152
46120
46153
46121
46154
46122
46155
46123
46156
46124
46157
46125
46158
46126
46159
46127
46160
46128
46161
46129
46162
46130
46163
46131
46164
46132
46165
46133
46166
46134
46167
46135
46168
46136
46169
46137
46170
46138
46171
46139
46172
46140
46173
46141
46174
46142
46175
46143
46176
46144
46177
46145
46178
46179
46147
46180
46148
46181
46149
46182
46150
46183
46151
46184
46152
46185
46153
46186
46154
46187
46155
46188
46156
46189
46157
46190
46158
46191
46159
46192
46160
46193
46161
46194
46162
46195
46163
46196
46164
46197
46165
46198
46166
46199
46167
46200
46168
46201
46169
46202
46170
46203
46171
46204
46172
46205
46173
46206
46174
46207
46175
46208
46176
46209
46177
46210
46178
46211
46179
46212
46213
46181
46214
46182
46215
46183
46216
46184
46217
46185
46218
46186
46219
46187
46220
46188
46221
46189
46222
46190
46223
46191
46224
46192
46225
46193
46226
46194
46227
46195
46228
46196
46229
46197
46230
46198
46231
46199
46232
46200
46233
46201
46234
46202
46235
46203
46236
46204
46237
46205
46238
46206
46239
46207
46240
46208
46241
46209
46242
46210
46243
46211
46244
46212
46245
46213
46246
46247
46215
46248
46216
46249
46217
46250
46218
46251
46219
46252
46220
46253
46221
46254
46222
46255
46223
46256
46224
46257
46225
46258
46226
46259
46227
46260
46228
46261
46229
46262
46230
46263
46231
46264
46232
46265
46233
46266
46234
46267
46235
46268
46236
46269
46237
46270
46238
46271
46239
46272
46240
46273
46241
46274
46242
46275
46243
46276
46244
46277
46245
46278
46246
46279
46247
46280
46281
46249
46282
46250
46283
46251
46284
46252
46285
46253
46286
46254
46287
46255
46288
46256
46289
46257
46290
46258
46291
46259
46292
46260
46293
46261
46294
46262
46295
46263
46296
46264
46297
46265
46298
46266
46299
46267
46300
46268
46301
46269
46302
46270
46303
46271
46304
46272
46305
46273
46306
46274
46307
46275
46308
46276
46309
46277
46310
46278
46311
46279
46312
46280
46313
46281
46314
46315
46283
46316
46284
46317
46285
46318
46286
46319
46287
46320
46288
46321
46289
46322
46290
46323
46291
46324
46292
46325
46293
46326
46294
46327
46295
46328
46296
46329
46297
46330
46298
46331
46299
46332
46300
46333
46301
46334
46302
46335
46303
46336
46304
46337
46305
46338
46306
46339
46307
46340
46308
46341
46309
46342
46310
46343
46311
46344
46312
46345
46313
46346
46314
46347
46315
46348
46349
46317
46350
46318
46351
46319
46352
46320
46353
46321
46354
46322
46355
46323
46356
46324
46357
46325
46358
46326
46359
46327
46360
46328
46361
46329
46362
46330
46363
46331
46364
46332
46365
46333
46366
46334
46367
46335
46368
46336
46369
46337
46370
46338
46371
46339
46372
46340
46373
46341
46374
46342
46375
46343
46376
46344
46377
46345
46378
46346
46379
46347
46380
46348
46381
46349
46382
46383
46351
46384
46352
46385
46353
46386
46354
46387
46355
46388
46356
46389
46357
46390
46358
46391
46359
46392
46360
46393
46361
46394
46362
46395
46363
46396
46364
46397
46365
46398
46366
46399
46367
46400
46368
46401
46369
46402
46370
46403
46371
46404
46372
46405
46373
46406
46374
46407
46375
46408
46376
46409
46377
46410
46378
46411
46379
46412
46380
46413
46381
46414
46382
46415
46383
46416
46417
46385
46418
46386
46419
46387
46420
46388
46421
46389
46422
46390
46423
46391
46424
46392
46425
46393
46426
46394
46427
46395
46428
46396
46429
46397
46430
46398
46431
46399
46432
46400
46433
46401
46434
46402
46435
46403
46436
46404
46437
46405
46438
46406
46439
46407
46440
46408
46441
46409
46442
46410
46443
46411
46444
46412
46445
46413
46446
46414
46447
46415
46448
46416
46449
46417
46450
46451
46419
46452
46420
46453
46421
46454
46422
46455
46423
46456
46424
46457
46425
46458
46426
46459
46427
46460
46428
46461
46429
46462
46430
46463
46431
46464
46432
46465
46433
46466
46434
46467
46435
46468
46436
46469
46437
46470
46438
46471
46439
46472
46440
46473
46441
46474
46442
46475
46443
46476
46444
46477
46445
46478
46446
46479
46447
46480
46448
46481
46449
46482
46450
46483
46451
46484
46485
46453
46486
46454
46487
46455
46488
46456
46489
46457
46490
46458
46491
46459
46492
46460
46493
46461
46494
46462
46495
46463
46496
46464
46497
46465
46498
46466
46499
46467
46500
46468
46501
46469
46502
46470
46503
46471
46504
46472
46505
46473
46506
46474
46507
46475
46508
46476
46509
46477
46510
46478
46511
46479
46512
46480
46513
46481
46514
46482
46515
46483
46516
46484
46517
46485
46518
46519
46487
46520
46488
46521
46489
46522
46490
46523
46491
46524
46492
46525
46493
46526
46494
46527
46495
46528
46496
46529
46497
46530
46498
46531
46499
46532
46500
46533
46501
46534
46502
46535
46503
46536
46504
46537
46505
46538
46506
46539
46507
46540
46508
46541
46509
46542
46510
46543
46511
46544
46512
46545
46513
46546
46514
46547
46515
46548
46516
46549
46517
46550
46518
46551
46519
46552
46553
46521
46554
46522
46555
46523
46556
46524
46557
46525
46558
46526
46559
46527
46560
46528
46561
46529
46562
46530
46563
46531
46564
46532
46565
46533
46566
46534
46567
46535
46568
46536
46569
46537
46570
46538
46571
46539
46572
46540
46573
46541
46574
46542
46575
46543
46576
46544
46577
46545
46578
46546
46579
46547
46580
46548
46581
46549
46582
46550
46583
46551
46584
46552
46585
46553
46586
46587
46555
46588
46556
46589
46557
46590
46558
46591
46559
46592
46560
46593
46561
46594
46562
46595
46563
46596
46564
46597
46565
46598
46566
46599
46567
46600
46568
46601
46569
46602
46570
46603
46571
46604
46572
46605
46573
46606
46574
46607
46575
46608
46576
46609
46577
46610
46578
46611
46579
46612
46580
46613
46581
46614
46582
46615
46583
46616
46584
46617
46585
46618
46586
46619
46587
46620
46621
46589
46622
46590
46623
46591
46624
46592
46625
46593
46626
46594
46627
46595
46628
46596
46629
46597
46630
46598
46631
46599
46632
46600
46633
46601
46634
46602
46635
46603
46636
46604
46637
46605
46638
46606
46639
46607
46640
46608
46641
46609
46642
46610
46643
46611
46644
46612
46645
46613
46646
46614
46647
46615
46648
46616
46649
46617
46650
46618
46651
46619
46652
46620
46653
46621
46654
46655
46623
46656
46624
46657
46625
46658
46626
46659
46627
46660
46628
46661
46629
46662
46630
46663
46631
46664
46632
46665
46633
46666
46634
46667
46635
46668
46636
46669
46637
46670
46638
46671
46639
46672
46640
46673
46641
46674
46642
46675
46643
46676
46644
46677
46645
46678
46646
46679
46647
46680
46648
46681
46649
46682
46650
46683
46651
46684
46652
46685
46653
46686
46654
46687
46655
46688
46689
46657
46690
46658
46691
46659
46692
46660
46693
46661
46694
46662
46695
46663
46696
46664
46697
46665
46698
46666
46699
46667
46700
46668
46701
46669
46702
46670
46703
46671
46704
46672
46705
46673
46706
46674
46707
46675
46708
46676
46709
46677
46710
46678
46711
46679
46712
46680
46713
46681
46714
46682
46715
46683
46716
46684
46717
46685
46718
46686
46719
46687
46720
46688
46721
46689
46722
46723
46691
46724
46692
46725
46693
46726
46694
46727
46695
46728
46696
46729
46697
46730
46698
46731
46699
46732
46700
46733
46701
46734
46702
46735
46703
46736
46704
46737
46705
46738
46706
46739
46707
46740
46708
46741
46709
46742
46710
46743
46711
46744
46712
46745
46713
46746
46714
46747
46715
46748
46716
46749
46717
46750
46718
46751
46719
46752
46720
46753
46721
46754
46722
46755
46723
46756
46757
46725
46758
46726
46759
46727
46760
46728
46761
46729
46762
46730
46763
46731
46764
46732
46765
46733
46766
46734
46767
46735
46768
46736
46769
46737
46770
46738
46771
46739
46772
46740
46773
46741
46774
46742
46775
46743
46776
46744
46777
46745
46778
46746
46779
46747
46780
46748
46781
46749
46782
46750
46783
46751
46784
46752
46785
46753
46786
46754
46787
46755
46788
46756
46789
46757
46790
46791
46759
46792
46760
46793
46761
46794
46762
46795
46763
46796
46764
46797
46765
46798
46766
46799
46767
46800
46768
46801
46769
46802
46770
46803
46771
46804
46772
46805
46773
46806
46774
46807
46775
46808
46776
46809
46777
46810
46778
46811
46779
46812
46780
46813
46781
46814
46782
46815
46783
46816
46784
46817
46785
46818
46786
46819
46787
46820
46788
46821
46789
46822
46790
46823
46791
46824
46825
46793
46794
46795
46796
46797
46798
46799
46800
46801
46802
46803
46804
46805
46806
46807
46808
46809
46810
46811
46812
46813
46814
46815
46816
46817
46818
46819
46820
46821
46822
46823
46824
46825
)


// ************************************************************************* //
