(0) 18:31:44 [impl::ParticipantImpl]:185 in configure: [0mThis is preCICE version 3.4.1
(0) 18:31:44 [impl::ParticipantImpl]:186 in configure: [0mRevision info: no-info [git failed to run]
(0) 18:31:44 [impl::ParticipantImpl]:205 in configure: [0mBuild type: Release (without debug log)
(0) 18:31:44 [impl::ParticipantImpl]:207 in configure: [0mWorking directory "/home/machao/projects/CFD_ANCF_VIV_V2/cases/hh06_single_slice"
(0) 18:31:44 [impl::ParticipantImpl]:211 in configure: [0mConfiguring preCICE with configuration "/home/machao/projects/CFD_ANCF_VIV_V2/cases/hh06_single_slice/precice-config.xml"
(0) 18:31:44 [impl::ParticipantImpl]:212 in configure: [0mI am participant "Structure_0000"
(0) 18:31:44 [impl::ParticipantImpl]:335 in setupCommunication: [0mSetting up primary communication to coupling partner/s
(0) 18:31:44 [impl::ParticipantImpl]:351 in setupCommunication: [0mPrimary ranks are connected
(0) 18:31:44 [impl::ParticipantImpl]:357 in setupCommunication: [0mSetting up preliminary secondary communication to coupling partner/s
(0) 18:31:44 [partition::ProvidedPartition]:120 in prepare: [0mPrepare partition for mesh Structure-Mesh
(0) 18:31:44 [partition::ProvidedPartition]:87 in communicate: [0mGather mesh Structure-Mesh
(0) 18:31:44 [partition::ProvidedPartition]:104 in communicate: [0mSend global mesh Structure-Mesh
(0) 18:31:44 [impl::ParticipantImpl]:366 in setupCommunication: [0mSetting up secondary communication to coupling partner/s
(0) 18:31:44 [impl::ParticipantImpl]:373 in setupCommunication: [0mSecondary ranks are connected
(0) 18:31:44 [impl::ParticipantImpl]:298 in initialize: [0mit 1 (min: 2, max: 20), time-window 1 (max: 5), t 0, Dt 0.0002, max-dt 0.0002
(0) 18:31:45 [impl::ParticipantImpl]:457 in advance: [0mit 2 (min: 2, max: 20), time-window 1 (max: 5), t 0, Dt 0.0002, max-dt 0.0002
(0) 18:31:46 [impl::ParticipantImpl]:457 in advance: [0mit 3 (min: 2, max: 20), time-window 1 (max: 5), t 0, Dt 0.0002, max-dt 0.0002
(0) 18:31:47 [impl::ParticipantImpl]:457 in advance: [0mit 4 (min: 2, max: 20), time-window 1 (max: 5), t 0, Dt 0.0002, max-dt 0.0002
(0) 18:31:48 [impl::ParticipantImpl]:457 in advance: [0mit 5 (min: 2, max: 20), time-window 1 (max: 5), t 0, Dt 0.0002, max-dt 0.0002
(0) 18:31:49 [impl::ParticipantImpl]:457 in advance: [0mit 6 (min: 2, max: 20), time-window 1 (max: 5), t 0, Dt 0.0002, max-dt 0.0002
(0) 18:31:50 [impl::ParticipantImpl]:457 in advance: [0mit 7 (min: 2, max: 20), time-window 1 (max: 5), t 0, Dt 0.0002, max-dt 0.0002
(0) 18:31:51 [impl::ParticipantImpl]:457 in advance: [0mit 8 (min: 2, max: 20), time-window 1 (max: 5), t 0, Dt 0.0002, max-dt 0.0002
(0) 18:31:51 [impl::ParticipantImpl]:457 in advance: [0mit 9 (min: 2, max: 20), time-window 1 (max: 5), t 0, Dt 0.0002, max-dt 0.0002
(0) 18:31:52 [impl::ParticipantImpl]:457 in advance: [0mit 10 (min: 2, max: 20), time-window 1 (max: 5), t 0, Dt 0.0002, max-dt 0.0002
(0) 18:31:53 [impl::ParticipantImpl]:457 in advance: [0mit 11 (min: 2, max: 20), time-window 1 (max: 5), t 0, Dt 0.0002, max-dt 0.0002
(0) 18:31:57 [impl::ParticipantImpl]:457 in advance: [0mit 12 (min: 2, max: 20), time-window 1 (max: 5), t 0, Dt 0.0002, max-dt 0.0002
(0) 18:31:58 [impl::ParticipantImpl]:457 in advance: [0mit 13 (min: 2, max: 20), time-window 1 (max: 5), t 0, Dt 0.0002, max-dt 0.0002
(0) 18:31:59 [cplscheme::BaseCouplingScheme]:391 in secondExchange: [0mTime window completed
(0) 18:31:59 [impl::ParticipantImpl]:457 in advance: [0mit 1 (min: 2, max: 20), time-window 2 (max: 5), t 0.0002, Dt 0.0002, max-dt 0.0002
(0) 18:32:00 [impl::ParticipantImpl]:457 in advance: [0mit 2 (min: 2, max: 20), time-window 2 (max: 5), t 0.0002, Dt 0.0002, max-dt 0.0002
(0) 18:32:01 [impl::ParticipantImpl]:457 in advance: [0mit 3 (min: 2, max: 20), time-window 2 (max: 5), t 0.0002, Dt 0.0002, max-dt 0.0002
(0) 18:32:02 [impl::ParticipantImpl]:457 in advance: [0mit 4 (min: 2, max: 20), time-window 2 (max: 5), t 0.0002, Dt 0.0002, max-dt 0.0002
(0) 18:32:03 [impl::ParticipantImpl]:457 in advance: [0mit 5 (min: 2, max: 20), time-window 2 (max: 5), t 0.0002, Dt 0.0002, max-dt 0.0002
(0) 18:32:05 [impl::ParticipantImpl]:457 in advance: [0mit 6 (min: 2, max: 20), time-window 2 (max: 5), t 0.0002, Dt 0.0002, max-dt 0.0002
(0) 18:32:06 [impl::ParticipantImpl]:457 in advance: [0mit 7 (min: 2, max: 20), time-window 2 (max: 5), t 0.0002, Dt 0.0002, max-dt 0.0002
(0) 18:32:07 [impl::ParticipantImpl]:457 in advance: [0mit 8 (min: 2, max: 20), time-window 2 (max: 5), t 0.0002, Dt 0.0002, max-dt 0.0002
(0) 18:32:08 [impl::ParticipantImpl]:457 in advance: [0mit 9 (min: 2, max: 20), time-window 2 (max: 5), t 0.0002, Dt 0.0002, max-dt 0.0002
(0) 18:32:09 [impl::ParticipantImpl]:457 in advance: [0mit 10 (min: 2, max: 20), time-window 2 (max: 5), t 0.0002, Dt 0.0002, max-dt 0.0002
(0) 18:32:11 [impl::ParticipantImpl]:457 in advance: [0mit 11 (min: 2, max: 20), time-window 2 (max: 5), t 0.0002, Dt 0.0002, max-dt 0.0002
(0) 18:32:12 [impl::ParticipantImpl]:457 in advance: [0mit 12 (min: 2, max: 20), time-window 2 (max: 5), t 0.0002, Dt 0.0002, max-dt 0.0002
(0) 18:32:13 [impl::ParticipantImpl]:457 in advance: [0mit 13 (min: 2, max: 20), time-window 2 (max: 5), t 0.0002, Dt 0.0002, max-dt 0.0002
(0) 18:32:14 [impl::ParticipantImpl]:457 in advance: [0mit 14 (min: 2, max: 20), time-window 2 (max: 5), t 0.0002, Dt 0.0002, max-dt 0.0002
(0) 18:32:15 [impl::ParticipantImpl]:457 in advance: [0mit 15 (min: 2, max: 20), time-window 2 (max: 5), t 0.0002, Dt 0.0002, max-dt 0.0002
(0) 18:32:17 [impl::ParticipantImpl]:457 in advance: [0mit 16 (min: 2, max: 20), time-window 2 (max: 5), t 0.0002, Dt 0.0002, max-dt 0.0002
(0) 18:32:18 [impl::ParticipantImpl]:457 in advance: [0mit 17 (min: 2, max: 20), time-window 2 (max: 5), t 0.0002, Dt 0.0002, max-dt 0.0002
(0) 18:32:19 [impl::ParticipantImpl]:457 in advance: [0mit 18 (min: 2, max: 20), time-window 2 (max: 5), t 0.0002, Dt 0.0002, max-dt 0.0002
(0) 18:32:20 [impl::ParticipantImpl]:457 in advance: [0mit 19 (min: 2, max: 20), time-window 2 (max: 5), t 0.0002, Dt 0.0002, max-dt 0.0002
(0) 18:32:21 [impl::ParticipantImpl]:457 in advance: [0mit 20 (min: 2, max: 20), time-window 2 (max: 5), t 0.0002, Dt 0.0002, max-dt 0.0002
(0) 18:32:23 [cplscheme::BaseCouplingScheme]:391 in secondExchange: [0mTime window completed
(0) 18:32:23 [impl::ParticipantImpl]:457 in advance: [0mit 1 (min: 2, max: 20), time-window 3 (max: 5), t 0.0004, Dt 0.0002, max-dt 0.0002
(0) 18:32:24 [impl::ParticipantImpl]:457 in advance: [0mit 2 (min: 2, max: 20), time-window 3 (max: 5), t 0.0004, Dt 0.0002, max-dt 0.0002
(0) 18:32:25 [impl::ParticipantImpl]:457 in advance: [0mit 3 (min: 2, max: 20), time-window 3 (max: 5), t 0.0004, Dt 0.0002, max-dt 0.0002
(0) 18:32:26 [impl::ParticipantImpl]:457 in advance: [0mit 4 (min: 2, max: 20), time-window 3 (max: 5), t 0.0004, Dt 0.0002, max-dt 0.0002
(0) 18:32:27 [impl::ParticipantImpl]:457 in advance: [0mit 5 (min: 2, max: 20), time-window 3 (max: 5), t 0.0004, Dt 0.0002, max-dt 0.0002
(0) 18:32:28 [impl::ParticipantImpl]:457 in advance: [0mit 6 (min: 2, max: 20), time-window 3 (max: 5), t 0.0004, Dt 0.0002, max-dt 0.0002
(0) 18:32:28 [impl::ParticipantImpl]:457 in advance: [0mit 7 (min: 2, max: 20), time-window 3 (max: 5), t 0.0004, Dt 0.0002, max-dt 0.0002
(0) 18:32:32 [impl::ParticipantImpl]:457 in advance: [0mit 8 (min: 2, max: 20), time-window 3 (max: 5), t 0.0004, Dt 0.0002, max-dt 0.0002
(0) 18:32:33 [impl::ParticipantImpl]:457 in advance: [0mit 9 (min: 2, max: 20), time-window 3 (max: 5), t 0.0004, Dt 0.0002, max-dt 0.0002
(0) 18:32:34 [impl::ParticipantImpl]:457 in advance: [0mit 10 (min: 2, max: 20), time-window 3 (max: 5), t 0.0004, Dt 0.0002, max-dt 0.0002
(0) 18:32:35 [impl::ParticipantImpl]:457 in advance: [0mit 11 (min: 2, max: 20), time-window 3 (max: 5), t 0.0004, Dt 0.0002, max-dt 0.0002
(0) 18:32:36 [impl::ParticipantImpl]:457 in advance: [0mit 12 (min: 2, max: 20), time-window 3 (max: 5), t 0.0004, Dt 0.0002, max-dt 0.0002
(0) 18:32:37 [impl::ParticipantImpl]:457 in advance: [0mit 13 (min: 2, max: 20), time-window 3 (max: 5), t 0.0004, Dt 0.0002, max-dt 0.0002
(0) 18:32:38 [impl::ParticipantImpl]:457 in advance: [0mit 14 (min: 2, max: 20), time-window 3 (max: 5), t 0.0004, Dt 0.0002, max-dt 0.0002
(0) 18:32:39 [impl::ParticipantImpl]:457 in advance: [0mit 15 (min: 2, max: 20), time-window 3 (max: 5), t 0.0004, Dt 0.0002, max-dt 0.0002
(0) 18:32:40 [impl::ParticipantImpl]:457 in advance: [0mit 16 (min: 2, max: 20), time-window 3 (max: 5), t 0.0004, Dt 0.0002, max-dt 0.0002
(0) 18:32:41 [impl::ParticipantImpl]:457 in advance: [0mit 17 (min: 2, max: 20), time-window 3 (max: 5), t 0.0004, Dt 0.0002, max-dt 0.0002
(0) 18:32:42 [impl::ParticipantImpl]:457 in advance: [0mit 18 (min: 2, max: 20), time-window 3 (max: 5), t 0.0004, Dt 0.0002, max-dt 0.0002
(0) 18:32:43 [impl::ParticipantImpl]:457 in advance: [0mit 19 (min: 2, max: 20), time-window 3 (max: 5), t 0.0004, Dt 0.0002, max-dt 0.0002
(0) 18:32:44 [impl::ParticipantImpl]:457 in advance: [0mit 20 (min: 2, max: 20), time-window 3 (max: 5), t 0.0004, Dt 0.0002, max-dt 0.0002
(0) 18:32:45 [cplscheme::BaseCouplingScheme]:391 in secondExchange: [0mTime window completed
(0) 18:32:45 [impl::ParticipantImpl]:457 in advance: [0mit 1 (min: 2, max: 20), time-window 4 (max: 5), t 0.0006000000000000001, Dt 0.0002, max-dt 0.0002
(0) 18:32:46 [impl::ParticipantImpl]:457 in advance: [0mit 2 (min: 2, max: 20), time-window 4 (max: 5), t 0.0006000000000000001, Dt 0.0002, max-dt 0.0002
(0) 18:32:48 [impl::ParticipantImpl]:457 in advance: [0mit 3 (min: 2, max: 20), time-window 4 (max: 5), t 0.0006000000000000001, Dt 0.0002, max-dt 0.0002
(0) 18:32:49 [impl::ParticipantImpl]:457 in advance: [0mit 4 (min: 2, max: 20), time-window 4 (max: 5), t 0.0006000000000000001, Dt 0.0002, max-dt 0.0002
(0) 18:32:50 [impl::ParticipantImpl]:457 in advance: [0mit 5 (min: 2, max: 20), time-window 4 (max: 5), t 0.0006000000000000001, Dt 0.0002, max-dt 0.0002
(0) 18:32:51 [impl::ParticipantImpl]:457 in advance: [0mit 6 (min: 2, max: 20), time-window 4 (max: 5), t 0.0006000000000000001, Dt 0.0002, max-dt 0.0002
(0) 18:32:52 [impl::ParticipantImpl]:457 in advance: [0mit 7 (min: 2, max: 20), time-window 4 (max: 5), t 0.0006000000000000001, Dt 0.0002, max-dt 0.0002
(0) 18:32:53 [impl::ParticipantImpl]:457 in advance: [0mit 8 (min: 2, max: 20), time-window 4 (max: 5), t 0.0006000000000000001, Dt 0.0002, max-dt 0.0002
(0) 18:32:54 [impl::ParticipantImpl]:457 in advance: [0mit 9 (min: 2, max: 20), time-window 4 (max: 5), t 0.0006000000000000001, Dt 0.0002, max-dt 0.0002
(0) 18:32:55 [impl::ParticipantImpl]:457 in advance: [0mit 10 (min: 2, max: 20), time-window 4 (max: 5), t 0.0006000000000000001, Dt 0.0002, max-dt 0.0002
(0) 18:32:56 [impl::ParticipantImpl]:457 in advance: [0mit 11 (min: 2, max: 20), time-window 4 (max: 5), t 0.0006000000000000001, Dt 0.0002, max-dt 0.0002
(0) 18:32:57 [impl::ParticipantImpl]:457 in advance: [0mit 12 (min: 2, max: 20), time-window 4 (max: 5), t 0.0006000000000000001, Dt 0.0002, max-dt 0.0002
(0) 18:32:58 [impl::ParticipantImpl]:457 in advance: [0mit 13 (min: 2, max: 20), time-window 4 (max: 5), t 0.0006000000000000001, Dt 0.0002, max-dt 0.0002
(0) 18:32:59 [impl::ParticipantImpl]:457 in advance: [0mit 14 (min: 2, max: 20), time-window 4 (max: 5), t 0.0006000000000000001, Dt 0.0002, max-dt 0.0002
(0) 18:33:01 [impl::ParticipantImpl]:457 in advance: [0mit 15 (min: 2, max: 20), time-window 4 (max: 5), t 0.0006000000000000001, Dt 0.0002, max-dt 0.0002
(0) 18:33:02 [impl::ParticipantImpl]:457 in advance: [0mit 16 (min: 2, max: 20), time-window 4 (max: 5), t 0.0006000000000000001, Dt 0.0002, max-dt 0.0002
(0) 18:33:03 [impl::ParticipantImpl]:457 in advance: [0mit 17 (min: 2, max: 20), time-window 4 (max: 5), t 0.0006000000000000001, Dt 0.0002, max-dt 0.0002
(0) 18:33:04 [impl::ParticipantImpl]:457 in advance: [0mit 18 (min: 2, max: 20), time-window 4 (max: 5), t 0.0006000000000000001, Dt 0.0002, max-dt 0.0002
(0) 18:33:08 [impl::ParticipantImpl]:457 in advance: [0mit 19 (min: 2, max: 20), time-window 4 (max: 5), t 0.0006000000000000001, Dt 0.0002, max-dt 0.0002
(0) 18:33:09 [impl::ParticipantImpl]:457 in advance: [0mit 20 (min: 2, max: 20), time-window 4 (max: 5), t 0.0006000000000000001, Dt 0.0002, max-dt 0.0002
(0) 18:33:10 [cplscheme::BaseCouplingScheme]:391 in secondExchange: [0mTime window completed
(0) 18:33:10 [impl::ParticipantImpl]:457 in advance: [0mit 1 (min: 2, max: 20), time-window 5 (max: 5), t 0.0008, Dt 0.0002, max-dt 0.0002
(0) 18:33:11 [impl::ParticipantImpl]:457 in advance: [0mit 2 (min: 2, max: 20), time-window 5 (max: 5), t 0.0008, Dt 0.0002, max-dt 0.0002
(0) 18:33:12 [impl::ParticipantImpl]:457 in advance: [0mit 3 (min: 2, max: 20), time-window 5 (max: 5), t 0.0008, Dt 0.0002, max-dt 0.0002
(0) 18:33:13 [impl::ParticipantImpl]:457 in advance: [0mit 4 (min: 2, max: 20), time-window 5 (max: 5), t 0.0008, Dt 0.0002, max-dt 0.0002
(0) 18:33:14 [impl::ParticipantImpl]:457 in advance: [0mit 5 (min: 2, max: 20), time-window 5 (max: 5), t 0.0008, Dt 0.0002, max-dt 0.0002
(0) 18:33:15 [impl::ParticipantImpl]:457 in advance: [0mit 6 (min: 2, max: 20), time-window 5 (max: 5), t 0.0008, Dt 0.0002, max-dt 0.0002
(0) 18:33:17 [impl::ParticipantImpl]:457 in advance: [0mit 7 (min: 2, max: 20), time-window 5 (max: 5), t 0.0008, Dt 0.0002, max-dt 0.0002
(0) 18:33:18 [impl::ParticipantImpl]:457 in advance: [0mit 8 (min: 2, max: 20), time-window 5 (max: 5), t 0.0008, Dt 0.0002, max-dt 0.0002
(0) 18:33:19 [impl::ParticipantImpl]:457 in advance: [0mit 9 (min: 2, max: 20), time-window 5 (max: 5), t 0.0008, Dt 0.0002, max-dt 0.0002
(0) 18:33:20 [impl::ParticipantImpl]:457 in advance: [0mit 10 (min: 2, max: 20), time-window 5 (max: 5), t 0.0008, Dt 0.0002, max-dt 0.0002
(0) 18:33:21 [impl::ParticipantImpl]:457 in advance: [0mit 11 (min: 2, max: 20), time-window 5 (max: 5), t 0.0008, Dt 0.0002, max-dt 0.0002
(0) 18:33:22 [impl::ParticipantImpl]:457 in advance: [0mit 12 (min: 2, max: 20), time-window 5 (max: 5), t 0.0008, Dt 0.0002, max-dt 0.0002
(0) 18:33:23 [impl::ParticipantImpl]:457 in advance: [0mit 13 (min: 2, max: 20), time-window 5 (max: 5), t 0.0008, Dt 0.0002, max-dt 0.0002
(0) 18:33:24 [impl::ParticipantImpl]:457 in advance: [0mit 14 (min: 2, max: 20), time-window 5 (max: 5), t 0.0008, Dt 0.0002, max-dt 0.0002
(0) 18:33:25 [impl::ParticipantImpl]:457 in advance: [0mit 15 (min: 2, max: 20), time-window 5 (max: 5), t 0.0008, Dt 0.0002, max-dt 0.0002
(0) 18:33:26 [impl::ParticipantImpl]:457 in advance: [0mit 16 (min: 2, max: 20), time-window 5 (max: 5), t 0.0008, Dt 0.0002, max-dt 0.0002
(0) 18:33:27 [impl::ParticipantImpl]:457 in advance: [0mit 17 (min: 2, max: 20), time-window 5 (max: 5), t 0.0008, Dt 0.0002, max-dt 0.0002
(0) 18:33:28 [impl::ParticipantImpl]:457 in advance: [0mit 18 (min: 2, max: 20), time-window 5 (max: 5), t 0.0008, Dt 0.0002, max-dt 0.0002
(0) 18:33:29 [impl::ParticipantImpl]:457 in advance: [0mit 19 (min: 2, max: 20), time-window 5 (max: 5), t 0.0008, Dt 0.0002, max-dt 0.0002
(0) 18:33:30 [impl::ParticipantImpl]:457 in advance: [0mit 20 (min: 2, max: 20), time-window 5 (max: 5), t 0.0008, Dt 0.0002, max-dt 0.0002
(0) 18:33:31 [cplscheme::BaseCouplingScheme]:391 in secondExchange: [0mTime window completed
(0) 18:33:31 [impl::ParticipantImpl]:457 in advance: [0mReached end at: final time-window: 5, final time: 0.001
(0) 18:33:31 [impl::ParticipantImpl]:1832 in closeCommunicationChannels: [0mClose communication channels
{
  "audit": "HH06_STRUCTURE_0000_WRAPPER_CONTRACT_AUDIT_V1",
  "status": "PASS",
  "blocking_checks": [],
  "checks": {
    "status_is_dry_run": true,
    "participants": true,
    "parallel_implicit": true,
    "hh06_geometry": true,
    "q0_dimension_and_finite": true,
    "one_structure_point": true,
    "no_legacy_604_vertex": true,
    "single_slice_mapping": true,
    "absolute_displacement_declared": true,
    "resultant_mapping_declared": true,
    "tension_quantities_distinct": true,
    "precice_xml_parse": true,
    "physical_release_force_provenance": true,
    "precice_max_iterations_present": true,
    "force_initial_data_exchange": true,
    "hydrodynamic_wire_extension": true
  },
  "case_dir": "/home/machao/projects/CFD_ANCF_VIV_V2/cases/hh06_single_slice",
  "case_id": "ANCF_SINGLE_SLICE_HIGHRE_0P2S_PREP_V1",
  "participants": {
    "fluid": "Fluid_0000",
    "structure": "Structure_0000"
  },
  "model": {
    "length_m": 13.12,
    "diameter_m": 0.028,
    "elements": 32,
    "nodes": 33,
    "dof": 198
  },
  "mapping": {
    "mode": "single_slice_resultant_force",
    "structure_points": 1,
    "s_ref_m": 2.97,
    "deltaL_m": 1.98,
    "fluid_faces_external_only": true
  },
  "tension": {
    "benchmark_top_tension_N": 1175.0,
    "equilibrium_reaction_tension_N": 1188.28
  },
  "q0": {
    "artifact": "/mnt/d/CFD/CFD_ANCF_VIV_reentry_runtime/HH06_P1_WET_MODAL_STRUCTURAL_GATE/ancf_static.raw",
    "sha256": "b298979244f67e23d02a63566e718ccb1f8897570c12b0aab98f7cbbf6577091",
    "count": 198,
    "q_sha256": "e1ba7fc759244d8e0ef884f256980c6bd815c64932b0318fd021395815b1a9f0",
    "velocity_zero": true
  },
  "wire_capability": {
    "SHM1_hydrodynamic_regions": true,
    "note": "Current checked-out protocol must expose SHM1 before a wet-mass runtime is authorized."
  },
  "iteration_cap": {
    "contract_json": 20,
    "precice_xml": 20,
    "values_match": true
  },
  "release_force": {
    "Fx0_raw_N": 0.0655270406544,
    "Fy0_raw_N": 0.05872987413554,
    "source_global_time_s": 30.0,
    "provenance": {
      "classification": "RELEASE_FORCE_RECOVERED_REPRODUCIBLY",
      "restart_case_id": "ANCF_SINGLE_SLICE_HIGHRE_0P2S_PREP_V1",
      "restart_source_path": "cases/hh06_single_slice/30/",
      "restart_time_directory": "30",
      "restart_global_time_s": 30.0,
      "restart_time_index": 150000,
      "patch": "cylinder",
      "component_semantics": "raw dimensional patch-integrated pressure plus viscous force",
      "raw_force_units": "N",
      "Fz0_measured_N": -2.44420351566e-21,
      "result_json": "../../evidence/phase1c7a_release_force/release_force_result.json",
      "result_json_sha256": "6b272f695ebefe28daa176723483f611c42f8d25dbae8d83de928f3790811b8a",
      "provenance_json": "../../evidence/phase1c7a_release_force/provenance.json",
      "provenance_json_sha256": "1df1d2ca0876372874b1e6ac0eca2296e2f3ab8f8900e0b3903b53f2566e72d2",
      "recovery_report": "../../docs/PHASE1C7A_RELEASE_FORCE_RECOVERY_REPORT.md",
      "recovery_report_sha256": "6737908b9b29f4ff8550ba4353ff88ad90ad5cfc1355a57a885d655f7d3d7b3b",
      "initial_data_comparison_tolerance_N": 5e-13,
      "force_unit_conversion": "applied once by ForceSample: F_strip=(F_raw/0.028)*1.98"
    }
  },
  "no_runtime_started": true
}
{
  "status": "PASS",
  "accepted_windows": 5,
  "records": [
    {
      "accepted_window": 1,
      "time_s": 30.0002,
      "force_N": [
        0.0644840916035046,
        0.05906222655834007,
        0.0
      ],
      "returned_force_N": [
        0.06440713207168003,
        0.05908675094604829,
        0.0
      ],
      "motion_m": [
        1.0464580731534774e-07,
        9.584711866676218e-08,
        0.0004163871573314992
      ],
      "written_motion_m": [
        1.0464580731534774e-07,
        9.584711866676218e-08
      ],
      "convergence_status": "accepted_by_precice_before_iteration_limit",
      "iterations": 3,
      "residual": 7.826941494926132e-08,
      "q_sha256": "6c12204e06159416516da795c554a4c9f1d464d21938bf629828c695c412f2d0",
      "qdot_sha256": "2932c5277723d105a0d8fa3b96a34eb086466ad5ac49069ba7dc752cedba40bb",
      "qddot_sha256": "104c064f36f4194d512a395ecb12b7450a3c0571d0076fd4c5242703c96dedd6",
      "sequence": 13,
      "request_id": 910013,
      "transaction_id": 1910013,
      "physical_identity": {
        "global_step": 1,
        "bridge_step": 1,
        "integer_tick": 200000,
        "time_s": 0.0002,
        "dt_s": 0.0002
      }
    },
    {
      "accepted_window": 2,
      "time_s": 30.0004,
      "force_N": [
        0.0653936837798314,
        0.0588202074454914,
        0.0
      ],
      "returned_force_N": [
        0.06578553120160406,
        0.05916241271433292,
        0.0
      ],
      "motion_m": [
        5.233030201487327e-07,
        4.775586147561392e-07,
        0.0004163880479182147
      ],
      "written_motion_m": [
        5.233030201487327e-07,
        4.775586147561392e-07
      ],
      "convergence_status": "ACCEPTED_AT_ITERATION_LIMIT",
      "iterations": 3,
      "residual": 9.32296835287616e-08,
      "q_sha256": "8ca3090718ff43d561a3aec451ec21644c0cb8bbdf22f3375d6f8667bbc62088",
      "qdot_sha256": "44025602defef245f146e06ea8776238e2b09a212f15a36ec40bda7f1e3a241a",
      "qddot_sha256": "a5c7f1ca47f2db7002beba775ed34eb1308cc33aafe29ecf659f344b716f508f",
      "sequence": 33,
      "request_id": 910033,
      "transaction_id": 1910033,
      "physical_identity": {
        "global_step": 2,
        "bridge_step": 2,
        "integer_tick": 400000,
        "time_s": 0.0004,
        "dt_s": 0.0002
      }
    },
    {
      "accepted_window": 3,
      "time_s": 30.0006,
      "force_N": [
        0.06412018952910349,
        0.05749460419942964,
        0.0
      ],
      "returned_force_N": [
        0.06598028349942595,
        0.059192500334249436,
        0.0
      ],
      "motion_m": [
        1.3559201304109314e-06,
        1.2329548107240614e-06,
        0.0004163898290125978
      ],
      "written_motion_m": [
        1.3559201304109314e-06,
        1.2329548107240614e-06
      ],
      "convergence_status": "ACCEPTED_AT_ITERATION_LIMIT",
      "iterations": 3,
      "residual": 9.540127887674998e-08,
      "q_sha256": "056a16b62820a616e08b3af149dea70ba887001e16241f9529babc899afc59b8",
      "qdot_sha256": "3197e5bdf6ee86edc8eac863d51ff69872dcd172f2d4ec519505e355a5cbe377",
      "qddot_sha256": "c7c0a6563f9d6c2bf063b63340fc7d4b1dd9227b0b1ff1f05899dfff17ddd2ed",
      "sequence": 53,
      "request_id": 910053,
      "transaction_id": 1910053,
      "physical_identity": {
        "global_step": 3,
        "bridge_step": 3,
        "integer_tick": 600000,
        "time_s": 0.0006000000000000001,
        "dt_s": 0.0002
      }
    },
    {
      "accepted_window": 4,
      "time_s": 30.0008,
      "force_N": [
        0.06112495307485654,
        0.0547917548065382,
        0.0
      ],
      "returned_force_N": [
        0.06593637830829263,
        0.05917190874862562,
        0.0
      ],
      "motion_m": [
        2.5839820397579254e-06,
        2.3429779835165526e-06,
        0.00041639250011371587
      ],
      "written_motion_m": [
        2.5839820397579254e-06,
        2.3429779835165526e-06
      ],
      "convergence_status": "ACCEPTED_AT_ITERATION_LIMIT",
      "iterations": 3,
      "residual": 1.3914492402733458e-07,
      "q_sha256": "d0784b3f8c6b85ccf09750e53b8a0e58f4d23ad41972ba2af23221e3c61bd3dc",
      "qdot_sha256": "d587b0ed1047d59f73cf7193750cb1821b34b47b40bedf60f95b5be9def8744a",
      "qddot_sha256": "b811e20dd7e45deaf27ea38cee6ffae7d932a2cce9810c04daf17727e8d881fa",
      "sequence": 73,
      "request_id": 910073,
      "transaction_id": 1910073,
      "physical_identity": {
        "global_step": 4,
        "bridge_step": 4,
        "integer_tick": 800000,
        "time_s": 0.0008,
        "dt_s": 0.0002
      }
    },
    {
      "accepted_window": 5,
      "time_s": 30.001,
      "force_N": [
        0.056652311995236806,
        0.050869264963784515,
        0.0
      ],
      "returned_force_N": [
        0.06582441743877097,
        0.05919861240048447,
        0.0
      ],
      "motion_m": [
        4.1724859715605904e-06,
        3.7759195536635434e-06,
        0.000416396058638302
      ],
      "written_motion_m": [
        4.1724859715605904e-06,
        3.7759195536635434e-06
      ],
      "convergence_status": "ACCEPTED_AT_ITERATION_LIMIT",
      "iterations": 3,
      "residual": 1.4457204944307023e-07,
      "q_sha256": "e32128d60776c5c410fc38b639709383c704ccfbfc23fcd162f886208e2c600c",
      "qdot_sha256": "f7d36f85a98bfd6737b397230ec4cddbda4a4d82adcf1fd185479a70ebdad1fd",
      "qddot_sha256": "120365eaa23962cec15295ea1905d7d8aa8ffe1fbe9612685e62aaebd960d4eb",
      "sequence": 93,
      "request_id": 910093,
      "transaction_id": 1910093,
      "physical_identity": {
        "global_step": 5,
        "bridge_step": 5,
        "integer_tick": 1000000,
        "time_s": 0.001,
        "dt_s": 0.0002
      }
    }
  ],
  "attempt_trace": [
    {
      "case_id": "ANCF_SINGLE_SLICE_HIGHRE_0P2S_PREP_V1",
      "window_index": 1,
      "iteration_index": 1,
      "sequence": 1,
      "request_id": 910001,
      "transaction_id": 1910001,
      "transport_ids": {
        "sequence": 1,
        "request_id": 910001,
        "transaction_id": 1910001
      },
      "physical_identity": {
        "global_step": 1,
        "bridge_step": 1,
        "integer_tick": 200000,
        "time_s": 0.0002,
        "dt_s": 0.0002
      },
      "physical_time_s": 30.0002,
      "case_local_time_s": 0.0002,
      "force_source_global_time_s": 30.0,
      "force_source_kind": "HH06_PHYSICAL_RELEASE_FORCE",
      "force_input_source_global_time_s": 30.0,
      "force_input_read_offset_s": 0.0,
      "force_input_source_kind": "HH06_PHYSICAL_RELEASE_FORCE",
      "force_input_vector_raw_N": [
        0.06552704065480554,
        0.058729874135090385,
        0.0
      ],
      "force_input_window_index": 1,
      "force_input_iteration_index": 1,
      "returned_force_source_global_time_s": 30.0002,
      "returned_force_source_kind": "CURRENT_WINDOW_ENDPOINT_RETRY_ITERATE",
      "force_source_time_global_s": 30.0002,
      "force_read_time_s": 0.0002,
      "force_read_offset_s": 0.0002,
      "force_read_source_global_time_s": 30.0002,
      "force_read_source_kind": "CURRENT_WINDOW_ENDPOINT_RETRY_ITERATE",
      "force_source_vector_raw_N": [
        0.06530305893818045,
        0.05880124949728197,
        0.0
      ],
      "force_read_vector_raw_N": [
        0.06530305893818045,
        0.05880124949728197,
        0.0
      ],
      "force_read_window_index": 1,
      "force_read_iteration_index": 1,
      "window_target_global_time_s": 30.0002,
      "dt_s": 0.0002,
      "D_previous_committed_m": [
        0.0,
        0.0,
        0.00041638693468337706
      ],
      "D_trial_from_ancf_m": [
        1.0633832158899472e-07,
        9.530777187937023e-08,
        0.0004163871573314992
      ],
      "D_trial_interface_m": [
        1.0633832158899472e-07,
        9.530777187937023e-08
      ],
      "D_written_to_precice_m": [
        1.0633832158899472e-07,
        9.530777187937023e-08
      ],
      "written_motion_vector_m": [
        [
          1.0633832158899472e-07,
          9.530777187937023e-08
        ]
      ],
      "force_input_raw_N": [
        0.06552704065480554,
        0.058729874135090385,
        0.0
      ],
      "force_input_applied_N": [
        4.633697874875534,
        4.15304109955282,
        0.0
      ],
      "Fx_raw_N": 0.06552704065480554,
      "Fy_raw_N": 0.058729874135090385,
      "Fz_raw_N": 0.0,
      "Fx_section_Npm": 2.3402514519573407,
      "Fy_section_Npm": 2.0974955048246566,
      "Fx_applied_N": 4.633697874875534,
      "Fy_applied_N": 4.15304109955282,
      "Fz_applied_N": 0.0,
      "returned_force_raw_N": [
        0.06530305893818045,
        0.05880124949728197,
        0.0
      ],
      "returned_force_applied_N": [
        4.617859167771331,
        4.158088357307796,
        0.0
      ],
      "Fx_returned_raw_N": 0.06530305893818045,
      "Fy_returned_raw_N": 0.05880124949728197,
      "force_residual_raw_N": 0.00023507924559667696,
      "force_residual_applied_N": 0.016623460938622155,
      "trial_displacement_residual_m": 1.4279849445626007e-07,
      "written_motion_delta_m": null,
      "checkpoint_request": true,
      "checkpoint_created": true,
      "rollback_request": true,
      "commit_status": "rolled_back",
      "iteration_events": [
        "physical_checkpoint_created",
        "force_iterate_submitted_to_ancf",
        "ancf_trial_solved_and_scattered",
        "trial_displacement_written_to_precice",
        "precice_advance_completed",
        "requires_reading_checkpoint_true",
        "force_read_at_retry_endpoint_dt",
        "physical_state_rolled_back_trial_retained_as_history"
      ],
      "time_window_complete": false,
      "convergence_status": "retry_required",
      "precice_max_iterations": 20,
      "ancf_newton_iterations": 3,
      "ancf_residual": 7.826941494926132e-08,
      "q_state_hash": "d35c52d0ab3a3bf2739d730471f06749f83f36dcc7c25e3abb843b5086a45e9b",
      "qdot_state_hash": "19ccb15a7034dc03a057172882dbd09680e872761d544dfc8149324b8e1f0179",
      "qddot_state_hash": "01edb00c566cc9f356f1b55704e7ab8c6ffba2fed79c338332bfc6c0eceba6cc"
    },
    {
      "case_id": "ANCF_SINGLE_SLICE_HIGHRE_0P2S_PREP_V1",
      "window_index": 1,
      "iteration_index": 2,
      "sequence": 2,
      "request_id": 910002,
      "transaction_id": 1910002,
      "transport_ids": {
        "sequence": 2,
        "request_id": 910002,
        "transaction_id": 1910002
      },
      "physical_identity": {
        "global_step": 1,
        "bridge_step": 1,
        "integer_tick": 200000,
        "time_s": 0.0002,
        "dt_s": 0.0002
      },
      "physical_time_s": 30.0002,
      "case_local_time_s": 0.0002,
      "force_source_global_time_s": 30.0002,
      "force_source_kind": "PRECEDING_PRECICE_ADVANCE_ITERATE",
      "force_input_source_global_time_s": 30.0002,
      "force_input_read_offset_s": 0.0002,
      "force_input_source_kind": "PRECEDING_PRECICE_ADVANCE_ITERATE",
      "force_input_vector_raw_N": [
        0.06530305893818045,
        0.05880124949728197,
        0.0
      ],
      "force_input_window_index": 1,
      "force_input_iteration_index": 2,
      "returned_force_source_global_time_s": 30.0002,
      "returned_force_source_kind": "CURRENT_WINDOW_ENDPOINT_RETRY_ITERATE",
      "force_source_time_global_s": 30.0002,
      "force_read_time_s": 0.0002,
      "force_read_offset_s": 0.0002,
      "force_read_source_global_time_s": 30.0002,
      "force_read_source_kind": "CURRENT_WINDOW_ENDPOINT_RETRY_ITERATE",
      "force_source_vector_raw_N": [
        0.06512387356488036,
        0.05885834978703524,
        0.0
      ],
      "force_read_vector_raw_N": [
        0.06512387356488036,
        0.05885834978703524,
        0.0
      ],
      "force_read_window_index": 1,
      "force_read_iteration_index": 2,
      "window_target_global_time_s": 30.0002,
      "dt_s": 0.0002,
      "D_previous_committed_m": [
        0.0,
        0.0,
        0.00041638693468337706
      ],
      "D_trial_from_ancf_m": [
        1.059748405043233e-07,
        9.542360094997115e-08,
        0.0004163871573314992
      ],
      "D_trial_interface_m": [
        1.059748405043233e-07,
        9.542360094997115e-08
      ],
      "D_written_to_precice_m": [
        1.059748405043233e-07,
        9.542360094997115e-08
      ],
      "written_motion_vector_m": [
        [
          1.059748405043233e-07,
          9.542360094997115e-08
        ]
      ],
      "force_input_raw_N": [
        0.06530305893818045,
        0.05880124949728197,
        0.0
      ],
      "force_input_applied_N": [
        4.617859167771331,
        4.158088357307797,
        0.0
      ],
      "Fx_raw_N": 0.06530305893818045,
      "Fy_raw_N": 0.05880124949728197,
      "Fz_raw_N": 0.0,
      "Fx_section_Npm": 2.332252104935016,
      "Fy_section_Npm": 2.1000446249029276,
      "Fx_applied_N": 4.617859167771331,
      "Fy_applied_N": 4.158088357307797,
      "Fz_applied_N": 0.0,
      "returned_force_raw_N": [
        0.06512387356488036,
        0.05885834978703524,
        0.0
      ],
      "returned_force_applied_N": [
        4.605188202087968,
        4.162126163511777,
        0.0
      ],
      "Fx_returned_raw_N": 0.06512387356488036,
      "Fy_returned_raw_N": 0.05885834978703524,
      "force_residual_raw_N": 0.0001880633964773513,
      "force_residual_applied_N": 0.013298768750898412,
      "trial_displacement_residual_m": 3.81490330821358e-10,
      "written_motion_delta_m": 3.81490330821358e-10,
      "checkpoint_request": false,
      "checkpoint_created": false,
      "rollback_request": true,
      "commit_status": "rolled_back",
      "iteration_events": [
        "force_iterate_submitted_to_ancf",
        "ancf_trial_solved_and_scattered",
        "trial_displacement_written_to_precice",
        "precice_advance_completed",
        "requires_reading_checkpoint_true",
        "force_read_at_retry_endpoint_dt",
        "physical_state_rolled_back_trial_retained_as_history"
      ],
      "time_window_complete": false,
      "convergence_status": "retry_required",
      "precice_max_iterations": 20,
      "ancf_newton_iterations": 3,
      "ancf_residual": 7.826941494926132e-08,
      "q_state_hash": "6c17f343084d967f76d228440d3101cace0daac08668be2e52d7023bbcf77462",
      "qdot_state_hash": "82e24d918551927677016bcbe7ee3a0d7b2b489b0d12b5b25c0f008942c7b2b4",
      "qddot_state_hash": "cae8ca16dbb9f396f8e9728ec4094f235d28316c492344cb522f37a97837be21"
    },
    {
      "case_id": "ANCF_SINGLE_SLICE_HIGHRE_0P2S_PREP_V1",
      "window_index": 1,
      "iteration_index": 3,
      "sequence": 3,
      "request_id": 910003,
      "transaction_id": 1910003,
      "transport_ids": {
        "sequence": 3,
        "request_id": 910003,
        "transaction_id": 1910003
      },
      "physical_identity": {
        "global_step": 1,
        "bridge_step": 1,
        "integer_tick": 200000,
        "time_s": 0.0002,
        "dt_s": 0.0002
      },
      "physical_time_s": 30.0002,
      "case_local_time_s": 0.0002,
      "force_source_global_time_s": 30.0002,
      "force_source_kind": "PRECEDING_PRECICE_ADVANCE_ITERATE",
      "force_input_source_global_time_s": 30.0002,
      "force_input_read_offset_s": 0.0002,
      "force_input_source_kind": "PRECEDING_PRECICE_ADVANCE_ITERATE",
      "force_input_vector_raw_N": [
        0.06512387356488036,
        0.05885834978703524,
        0.0
      ],
      "force_input_window_index": 1,
      "force_input_iteration_index": 3,
      "returned_force_source_global_time_s": 30.0002,
      "returned_force_source_kind": "CURRENT_WINDOW_ENDPOINT_RETRY_ITERATE",
      "force_source_time_global_s": 30.0002,
      "force_read_time_s": 0.0002,
      "force_read_offset_s": 0.0002,
      "force_read_source_global_time_s": 30.0002,
      "force_read_source_kind": "CURRENT_WINDOW_ENDPOINT_RETRY_ITERATE",
      "force_source_vector_raw_N": [
        0.0649805252662403,
        0.05890403001883785,
        0.0
      ],
      "force_read_vector_raw_N": [
        0.0649805252662403,
        0.05890403001883785,
        0.0
      ],
      "force_read_window_index": 1,
      "force_read_iteration_index": 3,
      "window_target_global_time_s": 30.0002,
      "dt_s": 0.0002,
      "D_previous_committed_m": [
        0.0,
        0.0,
        0.00041638693468337706
      ],
      "D_trial_from_ancf_m": [
        1.0568405563658613e-07,
        9.551626420645184e-08,
        0.0004163871573314992
      ],
      "D_trial_interface_m": [
        1.0568405563658613e-07,
        9.551626420645184e-08
      ],
      "D_written_to_precice_m": [
        1.0568405563658613e-07,
        9.551626420645184e-08
      ],
      "written_motion_vector_m": [
        [
          1.0568405563658613e-07,
          9.551626420645184e-08
        ]
      ],
      "force_input_raw_N": [
        0.06512387356488036,
        0.05885834978703524,
        0.0
      ],
      "force_input_applied_N": [
        4.605188202087969,
        4.162126163511777,
        0.0
      ],
      "Fx_raw_N": 0.06512387356488036,
      "Fy_raw_N": 0.05885834978703524,
      "Fz_raw_N": 0.0,
      "Fx_section_Npm": 2.325852627317156,
      "Fy_section_Npm": 2.102083920965544,
      "Fx_applied_N": 4.605188202087969,
      "Fy_applied_N": 4.162126163511777,
      "Fz_applied_N": 0.0,
      "returned_force_raw_N": [
        0.0649805252662403,
        0.05890403001883785,
        0.0
      ],
      "returned_force_applied_N": [
        4.595051429541278,
        4.165356408474962,
        0.0
      ],
      "Fx_returned_raw_N": 0.0649805252662403,
      "Fy_returned_raw_N": 0.05890403001883785,
      "force_residual_raw_N": 0.00015045071718187226,
      "force_residual_applied_N": 0.01063901500071811,
      "trial_displacement_residual_m": 3.0519226465709726e-10,
      "written_motion_delta_m": 3.0519226465709726e-10,
      "checkpoint_request": false,
      "checkpoint_created": false,
      "rollback_request": true,
      "commit_status": "rolled_back",
      "iteration_events": [
        "force_iterate_submitted_to_ancf",
        "ancf_trial_solved_and_scattered",
        "trial_displacement_written_to_precice",
        "precice_advance_completed",
        "requires_reading_checkpoint_true",
        "force_read_at_retry_endpoint_dt",
        "physical_state_rolled_back_trial_retained_as_history"
      ],
      "time_window_complete": false,
      "convergence_status": "retry_required",
      "precice_max_iterations": 20,
      "ancf_newton_iterations": 3,
      "ancf_residual": 7.826941494926132e-08,
      "q_state_hash": "5d61cf50819ef5bc473f740d2586982ddac949b45e00d998f237578d92d7afab",
      "qdot_state_hash": "2c3491f173f581d29b3979df3d19c8b9caada4403cb3d4c8c6dfdf0571e6d24e",
      "qddot_state_hash": "88646d3c6487631322c2c050ad338496a4048a66374327f612317de80bf67ab3"
    },
    {
      "case_id": "ANCF_SINGLE_SLICE_HIGHRE_0P2S_PREP_V1",
      "window_index": 1,
      "iteration_index": 4,
      "sequence": 4,
      "request_id": 910004,
      "transaction_id": 1910004,
      "transport_ids": {
        "sequence": 4,
        "request_id": 910004,
        "transaction_id": 1910004
      },
      "physical_identity": {
        "global_step": 1,
        "bridge_step": 1,
        "integer_tick": 200000,
        "time_s": 0.0002,
        "dt_s": 0.0002
      },
      "physical_time_s": 30.0002,
      "case_local_time_s": 0.0002,
      "force_source_global_time_s": 30.0002,
      "force_source_kind": "PRECEDING_PRECICE_ADVANCE_ITERATE",
      "force_input_source_global_time_s": 30.0002,
      "force_input_read_offset_s": 0.0002,
      "force_input_source_kind": "PRECEDING_PRECICE_ADVANCE_ITERATE",
      "force_input_vector_raw_N": [
        0.0649805252662403,
        0.05890403001883785,
        0.0
      ],
      "force_input_window_index": 1,
      "force_input_iteration_index": 4,
      "returned_force_source_global_time_s": 30.0002,
      "returned_force_source_kind": "CURRENT_WINDOW_ENDPOINT_RETRY_ITERATE",
      "force_source_time_global_s": 30.0002,
      "force_read_time_s": 0.0002,
      "force_read_offset_s": 0.0002,
      "force_read_source_global_time_s": 30.0002,
      "force_read_source_kind": "CURRENT_WINDOW_ENDPOINT_RETRY_ITERATE",
      "force_source_vector_raw_N": [
        0.06486584662732825,
        0.05894057420427994,
        0.0
      ],
      "force_read_vector_raw_N": [
        0.06486584662732825,
        0.05894057420427994,
        0.0
      ],
      "force_read_window_index": 1,
      "force_read_iteration_index": 4,
      "window_target_global_time_s": 30.0002,
      "dt_s": 0.0002,
      "D_previous_committed_m": [
        0.0,
        0.0,
        0.00041638693468337706
      ],
      "D_trial_from_ancf_m": [
        1.0545142774239637e-07,
        9.559039481163639e-08,
        0.0004163871573314992
      ],
      "D_trial_interface_m": [
        1.0545142774239637e-07,
        9.559039481163639e-08
      ],
      "D_written_to_precice_m": [
        1.0545142774239637e-07,
        9.559039481163639e-08
      ],
      "written_motion_vector_m": [
        [
          1.0545142774239637e-07,
          9.559039481163639e-08
        ]
      ],
      "force_input_raw_N": [
        0.0649805252662403,
        0.05890403001883785,
        0.0
      ],
      "force_input_applied_N": [
        4.595051429541278,
        4.1653564084749615,
        0.0
      ],
      "Fx_raw_N": 0.0649805252662403,
      "Fy_raw_N": 0.05890403001883785,
      "Fz_raw_N": 0.0,
      "Fx_section_Npm": 2.320733045222868,
      "Fy_section_Npm": 2.1037153578156373,
      "Fx_applied_N": 4.595051429541278,
      "Fy_applied_N": 4.1653564084749615,
      "Fz_applied_N": 0.0,
      "returned_force_raw_N": [
        0.06486584662732825,
        0.05894057420427994,
        0.0
      ],
      "returned_force_applied_N": [
        4.586942011503925,
        4.16794060444551,
        0.0
      ],
      "Fx_returned_raw_N": 0.06486584662732825,
      "Fy_returned_raw_N": 0.05894057420427994,
      "force_residual_raw_N": 0.0001203605737455066,
      "force_residual_applied_N": 0.008511212000575108,
      "trial_displacement_residual_m": 2.441538117256996e-10,
      "written_motion_delta_m": 2.441538117256996e-10,
      "checkpoint_request": false,
      "checkpoint_created": false,
      "rollback_request": true,
      "commit_status": "rolled_back",
      "iteration_events": [
        "force_iterate_submitted_to_ancf",
        "ancf_trial_solved_and_scattered",
        "trial_displacement_written_to_precice",
        "precice_advance_completed",
        "requires_reading_checkpoint_true",
        "force_read_at_retry_endpoint_dt",
        "physical_state_rolled_back_trial_retained_as_history"
      ],
      "time_window_complete": false,
      "convergence_status": "retry_required",
      "precice_max_iterations": 20,
      "ancf_newton_iterations": 3,
      "ancf_residual": 7.826941494926132e-08,
      "q_state_hash": "e8e9aec8202626472ad3c53583b25f6e95147379d1bb47f276a37c8e1674792c",
      "qdot_state_hash": "885eba369e1494c3d8adc2a9502d5ea574246cc3a6446e03bae699fc56e0acca",
      "qddot_state_hash": "be7e45a428c610b352856a84b78ae2ccb8be4eeebedf7531cd37941932d39447"
    },
    {
      "case_id": "ANCF_SINGLE_SLICE_HIGHRE_0P2S_PREP_V1",
      "window_index": 1,
      "iteration_index": 5,
      "sequence": 5,
      "request_id": 910005,
      "transaction_id": 1910005,
      "transport_ids": {
        "sequence": 5,
        "request_id": 910005,
        "transaction_id": 1910005
      },
      "physical_identity": {
        "global_step": 1,
        "bridge_step": 1,
        "integer_tick": 200000,
        "time_s": 0.0002,
        "dt_s": 0.0002
      },
      "physical_time_s": 30.0002,
      "case_local_time_s": 0.0002,
      "force_source_global_time_s": 30.0002,
      "force_source_kind": "PRECEDING_PRECICE_ADVANCE_ITERATE",
      "force_input_source_global_time_s": 30.0002,
      "force_input_read_offset_s": 0.0002,
      "force_input_source_kind": "PRECEDING_PRECICE_ADVANCE_ITERATE",
      "force_input_vector_raw_N": [
        0.06486584662732825,
        0.05894057420427994,
        0.0
      ],
      "force_input_window_index": 1,
      "force_input_iteration_index": 5,
      "returned_force_source_global_time_s": 30.0002,
      "returned_force_source_kind": "CURRENT_WINDOW_ENDPOINT_RETRY_ITERATE",
      "force_source_time_global_s": 30.0002,
      "force_read_time_s": 0.0002,
      "force_read_offset_s": 0.0002,
      "force_read_source_global_time_s": 30.0002,
      "force_read_source_kind": "CURRENT_WINDOW_ENDPOINT_RETRY_ITERATE",
      "force_source_vector_raw_N": [
        0.06477410371619861,
        0.05896980955263362,
        0.0
      ],
      "force_read_vector_raw_N": [
        0.06477410371619861,
        0.05896980955263362,
        0.0
      ],
      "force_read_window_index": 1,
      "force_read_iteration_index": 5,
      "window_target_global_time_s": 30.0002,
      "dt_s": 0.0002,
      "D_previous_committed_m": [
        0.0,
        0.0,
        0.00041638693468337706
      ],
      "D_trial_from_ancf_m": [
        1.0526532542704459e-07,
        9.564969929578408e-08,
        0.0004163871573314992
      ],
      "D_trial_interface_m": [
        1.0526532542704459e-07,
        9.564969929578408e-08
      ],
      "D_written_to_precice_m": [
        1.0526532542704459e-07,
        9.564969929578408e-08
      ],
      "written_motion_vector_m": [
        [
          1.0526532542704459e-07,
          9.564969929578408e-08
        ]
      ],
      "force_input_raw_N": [
        0.06486584662732825,
        0.05894057420427994,
        0.0
      ],
      "force_input_applied_N": [
        4.586942011503926,
        4.16794060444551,
        0.0
      ],
      "Fx_raw_N": 0.06486584662732825,
      "Fy_raw_N": 0.05894057420427994,
      "Fz_raw_N": 0.0,
      "Fx_section_Npm": 2.3166373795474375,
      "Fy_section_Npm": 2.105020507295712,
      "Fx_applied_N": 4.586942011503926,
      "Fy_applied_N": 4.16794060444551,
      "Fz_applied_N": 0.0,
      "returned_force_raw_N": [
        0.06477410371619861,
        0.05896980955263362,
        0.0
      ],
      "returned_force_applied_N": [
        4.580454477074045,
        4.170007961221948,
        0.0
      ],
      "Fx_returned_raw_N": 0.06477410371619861,
      "Fy_returned_raw_N": 0.05896980955263362,
      "force_residual_raw_N": 9.628845899639776e-05,
      "force_residual_applied_N": 0.006808969600459555,
      "trial_displacement_residual_m": 1.9532304938055225e-10,
      "written_motion_delta_m": 1.9532304938055225e-10,
      "checkpoint_request": false,
      "checkpoint_created": false,
      "rollback_request": true,
      "commit_status": "rolled_back",
      "iteration_events": [
        "force_iterate_submitted_to_ancf",
        "ancf_trial_solved_and_scattered",
        "trial_displacement_written_to_precice",
        "precice_advance_completed",
        "requires_reading_checkpoint_true",
        "force_read_at_retry_endpoint_dt",
        "physical_state_rolled_back_trial_retained_as_history"
      ],
      "time_window_complete": false,
      "convergence_status": "retry_required",
      "precice_max_iterations": 20,
      "ancf_newton_iterations": 3,
      "ancf_residual": 7.826941494926132e-08,
      "q_state_hash": "a4b0836e5d62200c61314d1f044a0d5b70ea4ce7297d66256e0311d4379ca70f",
      "qdot_state_hash": "456bc8c547ce772b3068eef7560dce8e58999f602f37399e1bb8e625a58d941d",
      "qddot_state_hash": "d36dc9863778f33bd514fea57cc95801616eb7a15c2b563bbca74ca42cb5a319"
    },
    {
      "case_id": "ANCF_SINGLE_SLICE_HIGHRE_0P2S_PREP_V1",
      "window_index": 1,
      "iteration_index": 6,
      "sequence": 6,
      "request_id": 910006,
      "transaction_id": 1910006,
      "transport_ids": {
        "sequence": 6,
        "request_id": 910006,
        "transaction_id": 1910006
      },
      "physical_identity": {
        "global_step": 1,
        "bridge_step": 1,
        "integer_tick": 200000,
        "time_s": 0.0002,
        "dt_s": 0.0002
      },
      "physical_time_s": 30.0002,
      "case_local_time_s": 0.0002,
      "force_source_global_time_s": 30.0002,
      "force_source_kind": "PRECEDING_PRECICE_ADVANCE_ITERATE",
      "force_input_source_global_time_s": 30.0002,
      "force_input_read_offset_s": 0.0002,
      "force_input_source_kind": "PRECEDING_PRECICE_ADVANCE_ITERATE",
      "force_input_vector_raw_N": [
        0.06477410371619861,
        0.05896980955263362,
        0.0
      ],
      "force_input_window_index": 1,
      "force_input_iteration_index": 6,
      "returned_force_source_global_time_s": 30.0002,
      "returned_force_source_kind": "CURRENT_WINDOW_ENDPOINT_RETRY_ITERATE",
      "force_source_time_global_s": 30.0002,
      "force_read_time_s": 0.0002,
      "force_read_offset_s": 0.0002,
      "force_read_source_global_time_s": 30.0002,
      "force_read_source_kind": "CURRENT_WINDOW_ENDPOINT_RETRY_ITERATE",
      "force_source_vector_raw_N": [
        0.0647007093872949,
        0.058993197831316554,
        0.0
      ],
      "force_read_vector_raw_N": [
        0.0647007093872949,
        0.058993197831316554,
        0.0
      ],
      "force_read_window_index": 1,
      "force_read_iteration_index": 6,
      "window_target_global_time_s": 30.0002,
      "dt_s": 0.0002,
      "D_previous_committed_m": [
        0.0,
        0.0,
        0.00041638693468337706
      ],
      "D_trial_from_ancf_m": [
        1.0511644357476317e-07,
        9.569714288310219e-08,
        0.0004163871573314992
      ],
      "D_trial_interface_m": [
        1.0511644357476317e-07,
        9.569714288310219e-08
      ],
      "D_written_to_precice_m": [
        1.0511644357476317e-07,
        9.569714288310219e-08
      ],
      "written_motion_vector_m": [
        [
          1.0511644357476317e-07,
          9.569714288310219e-08
        ]
      ],
      "force_input_raw_N": [
        0.06477410371619861,
        0.05896980955263362,
        0.0
      ],
      "force_input_applied_N": [
        4.580454477074045,
        4.170007961221948,
        0.0
      ],
      "Fx_raw_N": 0.06477410371619861,
      "Fy_raw_N": 0.05896980955263362,
      "Fz_raw_N": 0.0,
      "Fx_section_Npm": 2.313360847007093,
      "Fy_section_Npm": 2.106064626879772,
      "Fx_applied_N": 4.580454477074045,
      "Fy_applied_N": 4.170007961221948,
      "Fz_applied_N": 0.0,
      "returned_force_raw_N": [
        0.0647007093872949,
        0.058993197831316554,
        0.0
      ],
      "returned_force_applied_N": [
        4.575264449530139,
        4.171661846643099,
        0.0
      ],
      "Fx_returned_raw_N": 0.0647007093872949,
      "Fy_returned_raw_N": 0.058993197831316554,
      "force_residual_raw_N": 7.703076719712266e-05,
      "force_residual_applied_N": 0.005447175680367958,
      "trial_displacement_residual_m": 1.5625843950441977e-10,
      "written_motion_delta_m": 1.5625843950441977e-10,
      "checkpoint_request": false,
      "checkpoint_created": false,
      "rollback_request": true,
      "commit_status": "rolled_back",
      "iteration_events": [
        "force_iterate_submitted_to_ancf",
        "ancf_trial_solved_and_scattered",
        "trial_displacement_written_to_precice",
        "precice_advance_completed",
        "requires_reading_checkpoint_true",
        "force_read_at_retry_endpoint_dt",
        "physical_state_rolled_back_trial_retained_as_history"
      ],
      "time_window_complete": false,
      "convergence_status": "retry_required",
      "precice_max_iterations": 20,
      "ancf_newton_iterations": 3,
      "ancf_residual": 7.826941494926132e-08,
      "q_state_hash": "3f11759e6a17fdb9244c510963322324115a00c8da4552804b411cd59405e4ca",
      "qdot_state_hash": "f28fe3a44543402af417076adf99a4b15bc4e5a939556620b55dcca1d8838c11",
      "qddot_state_hash": "4657796ee883bbf72030a5689d5b0ac36ad85a23c41b8eea4c78dcf00084dbc6"
    },
    {
      "case_id": "ANCF_SINGLE_SLICE_HIGHRE_0P2S_PREP_V1",
      "window_index": 1,
      "iteration_index": 7,
      "sequence": 7,
      "request_id": 910007,
      "transaction_id": 1910007,
      "transport_ids": {
        "sequence": 7,
        "request_id": 910007,
        "transaction_id": 1910007
      },
      "physical_identity": {
        "global_step": 1,
        "bridge_step": 1,
        "integer_tick": 200000,
        "time_s": 0.0002,
        "dt_s": 0.0002
      },
      "physical_time_s": 30.0002,
      "case_local_time_s": 0.0002,
      "force_source_global_time_s": 30.0002,
      "force_source_kind": "PRECEDING_PRECICE_ADVANCE_ITERATE",
      "force_input_source_global_time_s": 30.0002,
      "force_input_read_offset_s": 0.0002,
      "force_input_source_kind": "PRECEDING_PRECICE_ADVANCE_ITERATE",
      "force_input_vector_raw_N": [
        0.0647007093872949,
        0.058993197831316554,
        0.0
      ],
      "force_input_window_index": 1,
      "force_input_iteration_index": 7,
      "returned_force_source_global_time_s": 30.0002,
      "returned_force_source_kind": "CURRENT_WINDOW_ENDPOINT_RETRY_ITERATE",
      "force_source_time_global_s": 30.0002,
      "force_read_time_s": 0.0002,
      "force_read_offset_s": 0.0002,
      "force_read_source_global_time_s": 30.0002,
      "force_read_source_kind": "CURRENT_WINDOW_ENDPOINT_RETRY_ITERATE",
      "force_source_vector_raw_N": [
        0.06464199392417193,
        0.05901190845426291,
        0.0
      ],
      "force_read_vector_raw_N": [
        0.06464199392417193,
        0.05901190845426291,
        0.0
      ],
      "force_read_window_index": 1,
      "force_read_iteration_index": 7,
      "window_target_global_time_s": 30.0002,
      "dt_s": 0.0002,
      "D_previous_committed_m": [
        0.0,
        0.0,
        0.00041638693468337706
      ],
      "D_trial_from_ancf_m": [
        1.0499733809293804e-07,
        9.573509775295675e-08,
        0.0004163871573314992
      ],
      "D_trial_interface_m": [
        1.0499733809293804e-07,
        9.573509775295675e-08
      ],
      "D_written_to_precice_m": [
        1.0499733809293804e-07,
        9.573509775295675e-08
      ],
      "written_motion_vector_m": [
        [
          1.0499733809293804e-07,
          9.573509775295675e-08
        ]
      ],
      "force_input_raw_N": [
        0.0647007093872949,
        0.058993197831316554,
        0.0
      ],
      "force_input_applied_N": [
        4.575264449530139,
        4.1716618466431,
        0.0
      ],
      "Fx_raw_N": 0.0647007093872949,
      "Fy_raw_N": 0.058993197831316554,
      "Fz_raw_N": 0.0,
      "Fx_section_Npm": 2.3107396209748177,
      "Fy_section_Npm": 2.10689992254702,
      "Fx_applied_N": 4.575264449530139,
      "Fy_applied_N": 4.1716618466431,
      "Fz_applied_N": 0.0,
      "returned_force_raw_N": [
        0.06464199392417193,
        0.05901190845426291,
        0.0
      ],
      "returned_force_applied_N": [
        4.571112427495015,
        4.172984954980019,
        0.0
      ],
      "Fx_returned_raw_N": 0.06464199392417193,
      "Fy_returned_raw_N": 0.05901190845426291,
      "force_residual_raw_N": 6.162461375769897e-05,
      "force_residual_applied_N": 0.004357740544294426,
      "trial_displacement_residual_m": 1.2500675160356245e-10,
      "written_motion_delta_m": 1.2500675160356245e-10,
      "checkpoint_request": false,
      "checkpoint_created": false,
      "rollback_request": true,
      "commit_status": "rolled_back",
      "iteration_events": [
        "force_iterate_submitted_to_ancf",
        "ancf_trial_solved_and_scattered",
        "trial_displacement_written_to_precice",
        "precice_advance_completed",
        "requires_reading_checkpoint_true",
        "force_read_at_retry_endpoint_dt",
        "physical_state_rolled_back_trial_retained_as_history"
      ],
      "time_window_complete": false,
      "convergence_status": "retry_required",
      "precice_max_iterations": 20,
      "ancf_newton_iterations": 3,
      "ancf_residual": 7.826941494926132e-08,
      "q_state_hash": "983c265dc60a8b544201de5db9dd31d7314d2f8430fc3a3c7263933e67a3cec7",
      "qdot_state_hash": "542bebc04582fc2e3f52d2c2268f8884dc36e15a764bcd95aad85ab1b7963939",
      "qddot_state_hash": "a0572a8015a42c6e6c17848c99cdda4b1ee3dcb61748b961a15016f82630dc24"
    },
    {
      "case_id": "ANCF_SINGLE_SLICE_HIGHRE_0P2S_PREP_V1",
      "window_index": 1,
      "iteration_index": 8,
      "sequence": 8,
      "request_id": 910008,
      "transaction_id": 1910008,
      "transport_ids": {
        "sequence": 8,
        "request_id": 910008,
        "transaction_id": 1910008
      },
      "physical_identity": {
        "global_step": 1,
        "bridge_step": 1,
        "integer_tick": 200000,
        "time_s": 0.0002,
        "dt_s": 0.0002
      },
      "physical_time_s": 30.0002,
      "case_local_time_s": 0.0002,
      "force_source_global_time_s": 30.0002,
      "force_source_kind": "PRECEDING_PRECICE_ADVANCE_ITERATE",
      "force_input_source_global_time_s": 30.0002,
      "force_input_read_offset_s": 0.0002,
      "force_input_source_kind": "PRECEDING_PRECICE_ADVANCE_ITERATE",
      "force_input_vector_raw_N": [
        0.06464199392417193,
        0.05901190845426291,
        0.0
      ],
      "force_input_window_index": 1,
      "force_input_iteration_index": 8,
      "returned_force_source_global_time_s": 30.0002,
      "returned_force_source_kind": "CURRENT_WINDOW_ENDPOINT_RETRY_ITERATE",
      "force_source_time_global_s": 30.0002,
      "force_read_time_s": 0.0002,
      "force_read_offset_s": 0.0002,
      "force_read_source_global_time_s": 30.0002,
      "force_read_source_kind": "CURRENT_WINDOW_ENDPOINT_RETRY_ITERATE",
      "force_source_vector_raw_N": [
        0.06459502155367355,
        0.05902687695261999,
        0.0
      ],
      "force_read_vector_raw_N": [
        0.06459502155367355,
        0.05902687695261999,
        0.0
      ],
      "force_read_window_index": 1,
      "force_read_iteration_index": 8,
      "window_target_global_time_s": 30.0002,
      "dt_s": 0.0002,
      "D_previous_committed_m": [
        0.0,
        0.0,
        0.00041638693468337706
      ],
      "D_trial_from_ancf_m": [
        1.0490205370747792e-07,
        9.576546164884033e-08,
        0.0004163871573314992
      ],
      "D_trial_interface_m": [
        1.0490205370747792e-07,
        9.576546164884033e-08
      ],
      "D_written_to_precice_m": [
        1.0490205370747792e-07,
        9.576546164884033e-08
      ],
      "written_motion_vector_m": [
        [
          1.0490205370747792e-07,
          9.576546164884033e-08
        ]
      ],
      "force_input_raw_N": [
        0.06464199392417193,
        0.05901190845426291,
        0.0
      ],
      "force_input_applied_N": [
        4.571112427495015,
        4.172984954980019,
        0.0
      ],
      "Fx_raw_N": 0.06464199392417193,
      "Fy_raw_N": 0.05901190845426291,
      "Fz_raw_N": 0.0,
      "Fx_section_Npm": 2.3086426401489972,
      "Fy_section_Npm": 2.107568159080818,
      "Fx_applied_N": 4.571112427495015,
      "Fy_applied_N": 4.172984954980019,
      "Fz_applied_N": 0.0,
      "returned_force_raw_N": [
        0.06459502155367355,
        0.05902687695261999,
        0.0
      ],
      "returned_force_applied_N": [
        4.567790809866915,
        4.174043441649556,
        0.0
      ],
      "Fx_returned_raw_N": 0.06459502155367355,
      "Fy_returned_raw_N": 0.05902687695261999,
      "force_residual_raw_N": 4.929969100615653e-05,
      "force_residual_applied_N": 0.003486192435435354,
      "trial_displacement_residual_m": 1.0000540128283421e-10,
      "written_motion_delta_m": 1.0000540128283421e-10,
      "checkpoint_request": false,
      "checkpoint_created": false,
      "rollback_request": true,
      "commit_status": "rolled_back",
      "iteration_events": [
        "force_iterate_submitted_to_ancf",
        "ancf_trial_solved_and_scattered",
        "trial_displacement_written_to_precice",
        "precice_advance_completed",
        "requires_reading_checkpoint_true",
        "force_read_at_retry_endpoint_dt",
        "physical_state_rolled_back_trial_retained_as_history"
      ],
      "time_window_complete": false,
      "convergence_status": "retry_required",
      "precice_max_iterations": 20,
      "ancf_newton_iterations": 3,
      "ancf_residual": 7.826941494926132e-08,
      "q_state_hash": "f9e4d84a235d53341ff7b3d9a71edc73dc91aaf4f4c92ce6effaf60d10f7bbb8",
      "qdot_state_hash": "38b9465ade7e58798fbf611a437da6e1837b932ce0ea51f6730e9144cc6c9454",
      "qddot_state_hash": "b4edee486754c56e68158413e760375f642086acdef92a92994294417a82ca27"
    },
    {
      "case_id": "ANCF_SINGLE_SLICE_HIGHRE_0P2S_PREP_V1",
      "window_index": 1,
      "iteration_index": 9,
      "sequence": 9,
      "request_id": 910009,
      "transaction_id": 1910009,
      "transport_ids": {
        "sequence": 9,
        "request_id": 910009,
        "transaction_id": 1910009
      },
      "physical_identity": {
        "global_step": 1,
        "bridge_step": 1,
        "integer_tick": 200000,
        "time_s": 0.0002,
        "dt_s": 0.0002
      },
      "physical_time_s": 30.0002,
      "case_local_time_s": 0.0002,
      "force_source_global_time_s": 30.0002,
      "force_source_kind": "PRECEDING_PRECICE_ADVANCE_ITERATE",
      "force_input_source_global_time_s": 30.0002,
      "force_input_read_offset_s": 0.0002,
      "force_input_source_kind": "PRECEDING_PRECICE_ADVANCE_ITERATE",
      "force_input_vector_raw_N": [
        0.06459502155367355,
        0.05902687695261999,
        0.0
      ],
      "force_input_window_index": 1,
      "force_input_iteration_index": 9,
      "returned_force_source_global_time_s": 30.0002,
      "returned_force_source_kind": "CURRENT_WINDOW_ENDPOINT_RETRY_ITERATE",
      "force_source_time_global_s": 30.0002,
      "force_read_time_s": 0.0002,
      "force_read_offset_s": 0.0002,
      "force_read_source_global_time_s": 30.0002,
      "force_read_source_kind": "CURRENT_WINDOW_ENDPOINT_RETRY_ITERATE",
      "force_source_vector_raw_N": [
        0.06455744365727485,
        0.05903885175130565,
        0.0
      ],
      "force_read_vector_raw_N": [
        0.06455744365727485,
        0.05903885175130565,
        0.0
      ],
      "force_read_window_index": 1,
      "force_read_iteration_index": 9,
      "window_target_global_time_s": 30.0002,
      "dt_s": 0.0002,
      "D_previous_committed_m": [
        0.0,
        0.0,
        0.00041638693468337706
      ],
      "D_trial_from_ancf_m": [
        1.048258261991098e-07,
        9.57897527655472e-08,
        0.0004163871573314992
      ],
      "D_trial_interface_m": [
        1.048258261991098e-07,
        9.57897527655472e-08
      ],
      "D_written_to_precice_m": [
        1.048258261991098e-07,
        9.57897527655472e-08
      ],
      "written_motion_vector_m": [
        [
          1.048258261991098e-07,
          9.57897527655472e-08
        ]
      ],
      "force_input_raw_N": [
        0.06459502155367355,
        0.05902687695261999,
        0.0
      ],
      "force_input_applied_N": [
        4.567790809866915,
        4.174043441649556,
        0.0
      ],
      "Fx_raw_N": 0.06459502155367355,
      "Fy_raw_N": 0.05902687695261999,
      "Fz_raw_N": 0.0,
      "Fx_section_Npm": 2.306965055488341,
      "Fy_section_Npm": 2.1081027483078567,
      "Fx_applied_N": 4.567790809866915,
      "Fy_applied_N": 4.174043441649556,
      "Fz_applied_N": 0.0,
      "returned_force_raw_N": [
        0.06455744365727485,
        0.05903885175130565,
        0.0
      ],
      "returned_force_applied_N": [
        4.565133515764436,
        4.174890230985185,
        0.0
      ],
      "Fx_returned_raw_N": 0.06455744365727485,
      "Fy_returned_raw_N": 0.05903885175130565,
      "force_residual_raw_N": 3.9439752804927444e-05,
      "force_residual_applied_N": 0.0027889539483484404,
      "trial_displacement_residual_m": 8.000432102629076e-11,
      "written_motion_delta_m": 8.000432102629076e-11,
      "checkpoint_request": false,
      "checkpoint_created": false,
      "rollback_request": true,
      "commit_status": "rolled_back",
      "iteration_events": [
        "force_iterate_submitted_to_ancf",
        "ancf_trial_solved_and_scattered",
        "trial_displacement_written_to_precice",
        "precice_advance_completed",
        "requires_reading_checkpoint_true",
        "force_read_at_retry_endpoint_dt",
        "physical_state_rolled_back_trial_retained_as_history"
      ],
      "time_window_complete": false,
      "convergence_status": "retry_required",
      "precice_max_iterations": 20,
      "ancf_newton_iterations": 3,
      "ancf_residual": 7.826941494926132e-08,
      "q_state_hash": "f30a12383f69f3fb73732abcfd57bb303b0bfa89cc3c604082ba1cb640781d37",
      "qdot_state_hash": "1df955a0b4d7484c444e94f2112268f8621fcca7207c17b4198374d3bd6e9cdd",
      "qddot_state_hash": "39f80d91b6b181df90edd77100dfed6345f7e83461aac6d0a4eac43cd6d98550"
    },
    {
      "case_id": "ANCF_SINGLE_SLICE_HIGHRE_0P2S_PREP_V1",
      "window_index": 1,
      "iteration_index": 10,
      "sequence": 10,
      "request_id": 910010,
      "transaction_id": 1910010,
      "transport_ids": {
        "sequence": 10,
        "request_id": 910010,
        "transaction_id": 1910010
      },
      "physical_identity": {
        "global_step": 1,
        "bridge_step": 1,
        "integer_tick": 200000,
        "time_s": 0.0002,
        "dt_s": 0.0002
      },
      "physical_time_s": 30.0002,
      "case_local_time_s": 0.0002,
      "force_source_global_time_s": 30.0002,
      "force_source_kind": "PRECEDING_PRECICE_ADVANCE_ITERATE",
      "force_input_source_global_time_s": 30.0002,
      "force_input_read_offset_s": 0.0002,
      "force_input_source_kind": "PRECEDING_PRECICE_ADVANCE_ITERATE",
      "force_input_vector_raw_N": [
        0.06455744365727485,
        0.05903885175130565,
        0.0
      ],
      "force_input_window_index": 1,
      "force_input_iteration_index": 10,
      "returned_force_source_global_time_s": 30.0002,
      "returned_force_source_kind": "CURRENT_WINDOW_ENDPOINT_RETRY_ITERATE",
      "force_source_time_global_s": 30.0002,
      "force_read_time_s": 0.0002,
      "force_read_offset_s": 0.0002,
      "force_read_source_global_time_s": 30.0002,
      "force_read_source_kind": "CURRENT_WINDOW_ENDPOINT_RETRY_ITERATE",
      "force_source_vector_raw_N": [
        0.0645273813401559,
        0.059048431590254184,
        0.0
      ],
      "force_read_vector_raw_N": [
        0.0645273813401559,
        0.059048431590254184,
        0.0
      ],
      "force_read_window_index": 1,
      "force_read_iteration_index": 10,
      "window_target_global_time_s": 30.0002,
      "dt_s": 0.0002,
      "D_previous_committed_m": [
        0.0,
        0.0,
        0.00041638693468337706
      ],
      "D_trial_from_ancf_m": [
        1.047648441924153e-07,
        9.580918565891272e-08,
        0.0004163871573314992
      ],
      "D_trial_interface_m": [
        1.047648441924153e-07,
        9.580918565891272e-08
      ],
      "D_written_to_precice_m": [
        1.047648441924153e-07,
        9.580918565891272e-08
      ],
      "written_motion_vector_m": [
        [
          1.047648441924153e-07,
          9.580918565891272e-08
        ]
      ],
      "force_input_raw_N": [
        0.06455744365727485,
        0.05903885175130565,
        0.0
      ],
      "force_input_applied_N": [
        4.565133515764436,
        4.174890230985185,
        0.0
      ],
      "Fx_raw_N": 0.06455744365727485,
      "Fy_raw_N": 0.05903885175130565,
      "Fz_raw_N": 0.0,
      "Fx_section_Npm": 2.3056229877598162,
      "Fy_section_Npm": 2.1085304196894876,
      "Fx_applied_N": 4.565133515764436,
      "Fy_applied_N": 4.174890230985185,
      "Fz_applied_N": 0.0,
      "returned_force_raw_N": [
        0.0645273813401559,
        0.059048431590254184,
        0.0
      ],
      "returned_force_applied_N": [
        4.563007680482452,
        4.175567662453688,
        0.0
      ],
      "Fx_returned_raw_N": 0.0645273813401559,
      "Fy_returned_raw_N": 0.059048431590254184,
      "force_residual_raw_N": 3.155180224393403e-05,
      "force_residual_applied_N": 0.0022311631586781917,
      "trial_displacement_residual_m": 6.400345682104913e-11,
      "written_motion_delta_m": 6.400345682104913e-11,
      "checkpoint_request": false,
      "checkpoint_created": false,
      "rollback_request": true,
      "commit_status": "rolled_back",
      "iteration_events": [
        "force_iterate_submitted_to_ancf",
        "ancf_trial_solved_and_scattered",
        "trial_displacement_written_to_precice",
        "precice_advance_completed",
        "requires_reading_checkpoint_true",
        "force_read_at_retry_endpoint_dt",
        "physical_state_rolled_back_trial_retained_as_history"
      ],
      "time_window_complete": false,
      "convergence_status": "retry_required",
      "precice_max_iterations": 20,
      "ancf_newton_iterations": 3,
      "ancf_residual": 7.826941494926132e-08,
      "q_state_hash": "3ed019463291a6316280135fd6297ffd8ef64e05af55e5403fcb57b4a26d6c01",
      "qdot_state_hash": "d16cf32392ad0cfe6f887b311efdc2f991759d77a2045b1b6aeb8abe04870518",
      "qddot_state_hash": "1e8a4d0c6623d9e6ad762caf3947d18ccce276fffacd6016de2953c1d4e8ddff"
    },
    {
      "case_id": "ANCF_SINGLE_SLICE_HIGHRE_0P2S_PREP_V1",
      "window_index": 1,
      "iteration_index": 11,
      "sequence": 11,
      "request_id": 910011,
      "transaction_id": 1910011,
      "transport_ids": {
        "sequence": 11,
        "request_id": 910011,
        "transaction_id": 1910011
      },
      "physical_identity": {
        "global_step": 1,
        "bridge_step": 1,
        "integer_tick": 200000,
        "time_s": 0.0002,
        "dt_s": 0.0002
      },
      "physical_time_s": 30.0002,
      "case_local_time_s": 0.0002,
      "force_source_global_time_s": 30.0002,
      "force_source_kind": "PRECEDING_PRECICE_ADVANCE_ITERATE",
      "force_input_source_global_time_s": 30.0002,
      "force_input_read_offset_s": 0.0002,
      "force_input_source_kind": "PRECEDING_PRECICE_ADVANCE_ITERATE",
      "force_input_vector_raw_N": [
        0.0645273813401559,
        0.059048431590254184,
        0.0
      ],
      "force_input_window_index": 1,
      "force_input_iteration_index": 11,
      "returned_force_source_global_time_s": 30.0002,
      "returned_force_source_kind": "CURRENT_WINDOW_ENDPOINT_RETRY_ITERATE",
      "force_source_time_global_s": 30.0002,
      "force_read_time_s": 0.0002,
      "force_read_offset_s": 0.0002,
      "force_read_source_global_time_s": 30.0002,
      "force_read_source_kind": "CURRENT_WINDOW_ENDPOINT_RETRY_ITERATE",
      "force_source_vector_raw_N": [
        0.06450333148646073,
        0.05905609546141301,
        0.0
      ],
      "force_read_vector_raw_N": [
        0.06450333148646073,
        0.05905609546141301,
        0.0
      ],
      "force_read_window_index": 1,
      "force_read_iteration_index": 11,
      "window_target_global_time_s": 30.0002,
      "dt_s": 0.0002,
      "D_previous_committed_m": [
        0.0,
        0.0,
        0.00041638693468337706
      ],
      "D_trial_from_ancf_m": [
        1.0471605858705978e-07,
        9.582473197360511e-08,
        0.0004163871573314992
      ],
      "D_trial_interface_m": [
        1.0471605858705978e-07,
        9.582473197360511e-08
      ],
      "D_written_to_precice_m": [
        1.0471605858705978e-07,
        9.582473197360511e-08
      ],
      "written_motion_vector_m": [
        [
          1.0471605858705978e-07,
          9.582473197360511e-08
        ]
      ],
      "force_input_raw_N": [
        0.0645273813401559,
        0.059048431590254184,
        0.0
      ],
      "force_input_applied_N": [
        4.563007680482453,
        4.175567662453688,
        0.0
      ],
      "Fx_raw_N": 0.0645273813401559,
      "Fy_raw_N": 0.059048431590254184,
      "Fz_raw_N": 0.0,
      "Fx_section_Npm": 2.3045493335769964,
      "Fy_section_Npm": 2.1088725567947924,
      "Fx_applied_N": 4.563007680482453,
      "Fy_applied_N": 4.175567662453688,
      "Fz_applied_N": 0.0,
      "returned_force_raw_N": [
        0.06450333148646073,
        0.05905609546141301,
        0.0
      ],
      "returned_force_applied_N": [
        4.561307012256865,
        4.176109607628491,
        0.0
      ],
      "Fx_returned_raw_N": 0.06450333148646073,
      "Fy_returned_raw_N": 0.05905609546141301,
      "force_residual_raw_N": 2.5241441795152085e-05,
      "force_residual_applied_N": 0.0017849305269428972,
      "trial_displacement_residual_m": 5.120276545675973e-11,
      "written_motion_delta_m": 5.120276545675973e-11,
      "checkpoint_request": false,
      "checkpoint_created": false,
      "rollback_request": true,
      "commit_status": "rolled_back",
      "iteration_events": [
        "force_iterate_submitted_to_ancf",
        "ancf_trial_solved_and_scattered",
        "trial_displacement_written_to_precice",
        "precice_advance_completed",
        "requires_reading_checkpoint_true",
        "force_read_at_retry_endpoint_dt",
        "physical_state_rolled_back_trial_retained_as_history"
      ],
      "time_window_complete": false,
      "convergence_status": "retry_required",
      "precice_max_iterations": 20,
      "ancf_newton_iterations": 3,
      "ancf_residual": 7.826941494926132e-08,
      "q_state_hash": "4b2a45d913a375beadf965a513c84c9fea0d83a52f824cdd570b8d4993137149",
      "qdot_state_hash": "e01685460b4d450de963030a5867df287332c6f829df3f5facd10881b71af597",
      "qddot_state_hash": "ded657626529f7038666fd683db1bbcda432d70acdc314aab5a617641e921f87"
    },
    {
      "case_id": "ANCF_SINGLE_SLICE_HIGHRE_0P2S_PREP_V1",
      "window_index": 1,
      "iteration_index": 12,
      "sequence": 12,
      "request_id": 910012,
      "transaction_id": 1910012,
      "transport_ids": {
        "sequence": 12,
        "request_id": 910012,
        "transaction_id": 1910012
      },
      "physical_identity": {
        "global_step": 1,
        "bridge_step": 1,
        "integer_tick": 200000,
        "time_s": 0.0002,
        "dt_s": 0.0002
      },
      "physical_time_s": 30.0002,
      "case_local_time_s": 0.0002,
      "force_source_global_time_s": 30.0002,
      "force_source_kind": "PRECEDING_PRECICE_ADVANCE_ITERATE",
      "force_input_source_global_time_s": 30.0002,
      "force_input_read_offset_s": 0.0002,
      "force_input_source_kind": "PRECEDING_PRECICE_ADVANCE_ITERATE",
      "force_input_vector_raw_N": [
        0.06450333148646073,
        0.05905609546141301,
        0.0
      ],
      "force_input_window_index": 1,
      "force_input_iteration_index": 12,
      "returned_force_source_global_time_s": 30.0002,
      "returned_force_source_kind": "CURRENT_WINDOW_ENDPOINT_RETRY_ITERATE",
      "force_source_time_global_s": 30.0002,
      "force_read_time_s": 0.0002,
      "force_read_offset_s": 0.0002,
      "force_read_source_global_time_s": 30.0002,
      "force_read_source_kind": "CURRENT_WINDOW_ENDPOINT_RETRY_ITERATE",
      "force_source_vector_raw_N": [
        0.0644840916035046,
        0.05906222655834007,
        0.0
      ],
      "force_read_vector_raw_N": [
        0.0644840916035046,
        0.05906222655834007,
        0.0
      ],
      "force_read_window_index": 1,
      "force_read_iteration_index": 12,
      "window_target_global_time_s": 30.0002,
      "dt_s": 0.0002,
      "D_previous_committed_m": [
        0.0,
        0.0,
        0.00041638693468337706
      ],
      "D_trial_from_ancf_m": [
        1.046770301027753e-07,
        9.583716902535905e-08,
        0.0004163871573314992
      ],
      "D_trial_interface_m": [
        1.046770301027753e-07,
        9.583716902535905e-08
      ],
      "D_written_to_precice_m": [
        1.046770301027753e-07,
        9.583716902535905e-08
      ],
      "written_motion_vector_m": [
        [
          1.046770301027753e-07,
          9.583716902535905e-08
        ]
      ],
      "force_input_raw_N": [
        0.06450333148646073,
        0.05905609546141301,
        0.0
      ],
      "force_input_applied_N": [
        4.561307012256866,
        4.176109607628492,
        0.0
      ],
      "Fx_raw_N": 0.06450333148646073,
      "Fy_raw_N": 0.05905609546141301,
      "Fz_raw_N": 0.0,
      "Fx_section_Npm": 2.3036904102307405,
      "Fy_section_Npm": 2.109146266479036,
      "Fx_applied_N": 4.561307012256866,
      "Fy_applied_N": 4.176109607628492,
      "Fz_applied_N": 0.0,
      "returned_force_raw_N": [
        0.0644840916035046,
        0.05906222655834007,
        0.0
      ],
      "returned_force_applied_N": [
        4.559946477676396,
        4.176543163768334,
        0.0
      ],
      "Fx_returned_raw_N": 0.0644840916035046,
      "Fy_returned_raw_N": 0.05906222655834007,
      "force_residual_raw_N": 2.0193153436117644e-05,
      "force_residual_applied_N": 0.0014279444215540332,
      "trial_displacement_residual_m": 4.096221236546214e-11,
      "written_motion_delta_m": 4.096221236546214e-11,
      "checkpoint_request": false,
      "checkpoint_created": false,
      "rollback_request": true,
      "commit_status": "rolled_back",
      "iteration_events": [
        "force_iterate_submitted_to_ancf",
        "ancf_trial_solved_and_scattered",
        "trial_displacement_written_to_precice",
        "precice_advance_completed",
        "requires_reading_checkpoint_true",
        "force_read_at_retry_endpoint_dt",
        "physical_state_rolled_back_trial_retained_as_history"
      ],
      "time_window_complete": false,
      "convergence_status": "retry_required",
      "precice_max_iterations": 20,
      "ancf_newton_iterations": 3,
      "ancf_residual": 7.826941494926132e-08,
      "q_state_hash": "ab87b7c6626832c46dffcbf8c736596998271b40c583900c7b8ef5e2fdc78374",
      "qdot_state_hash": "63400377b27ed7679ffb982b83d8b759afa2dafebb0c3c498376f69777da7f58",
      "qddot_state_hash": "776bf4e90e93704247397a2260d1a04146ea2e93c5bdf9134dec05b067f7da79"
    },
    {
      "case_id": "ANCF_SINGLE_SLICE_HIGHRE_0P2S_PREP_V1",
      "window_index": 1,
      "iteration_index": 13,
      "sequence": 13,
      "request_id": 910013,
      "transaction_id": 1910013,
      "transport_ids": {
        "sequence": 13,
        "request_id": 910013,
        "transaction_id": 1910013
      },
      "physical_identity": {
        "global_step": 1,
        "bridge_step": 1,
        "integer_tick": 200000,
        "time_s": 0.0002,
        "dt_s": 0.0002
      },
      "physical_time_s": 30.0002,
      "case_local_time_s": 0.0002,
      "force_source_global_time_s": 30.0002,
      "force_source_kind": "PRECEDING_PRECICE_ADVANCE_ITERATE",
      "force_input_source_global_time_s": 30.0002,
      "force_input_read_offset_s": 0.0002,
      "force_input_source_kind": "PRECEDING_PRECICE_ADVANCE_ITERATE",
      "force_input_vector_raw_N": [
        0.0644840916035046,
        0.05906222655834007,
        0.0
      ],
      "force_input_window_index": 1,
      "force_input_iteration_index": 13,
      "returned_force_source_global_time_s": 30.0002,
      "returned_force_source_kind": "ACCEPTED_WINDOW_BOUNDARY_FORCE",
      "force_source_time_global_s": 30.0002,
      "force_read_time_s": 0.0,
      "force_read_offset_s": 0.0,
      "force_read_source_global_time_s": 30.0002,
      "force_read_source_kind": "ACCEPTED_WINDOW_BOUNDARY_FORCE",
      "force_source_vector_raw_N": [
        0.06440713207168003,
        0.05908675094604829,
        0.0
      ],
      "force_read_vector_raw_N": [
        0.06440713207168003,
        0.05908675094604829,
        0.0
      ],
      "force_read_window_index": 1,
      "force_read_iteration_index": 13,
      "window_target_global_time_s": 30.0002,
      "dt_s": 0.0002,
      "D_previous_committed_m": [
        0.0,
        0.0,
        0.00041638693468337706
      ],
      "D_trial_from_ancf_m": [
        1.0464580731534774e-07,
        9.584711866676218e-08,
        0.0004163871573314992
      ],
      "D_trial_interface_m": [
        1.0464580731534774e-07,
        9.584711866676218e-08
      ],
      "D_written_to_precice_m": [
        1.0464580731534774e-07,
        9.584711866676218e-08
      ],
      "written_motion_vector_m": [
        [
          1.0464580731534774e-07,
          9.584711866676218e-08
        ]
      ],
      "force_input_raw_N": [
        0.0644840916035046,
        0.05906222655834007,
        0.0
      ],
      "force_input_applied_N": [
        4.559946477676397,
        4.176543163768334,
        0.0
      ],
      "Fx_raw_N": 0.0644840916035046,
      "Fy_raw_N": 0.05906222655834007,
      "Fz_raw_N": 0.0,
      "Fx_section_Npm": 2.303003271553736,
      "Fy_section_Npm": 2.109365234226431,
      "Fx_applied_N": 4.559946477676397,
      "Fy_applied_N": 4.176543163768334,
      "Fz_applied_N": 0.0,
      "returned_force_raw_N": [
        0.06440713207168003,
        0.05908675094604829,
        0.0
      ],
      "returned_force_applied_N": [
        4.554504339354516,
        4.1782773883277,
        0.0
      ],
      "Fx_returned_raw_N": 0.06440713207168003,
      "Fy_returned_raw_N": 0.05908675094604829,
      "force_residual_raw_N": 8.077261374451293e-05,
      "force_residual_applied_N": 0.005711777686219128,
      "trial_displacement_residual_m": 3.2769769892353885e-11,
      "written_motion_delta_m": 3.2769769892353885e-11,
      "checkpoint_request": false,
      "checkpoint_created": false,
      "rollback_request": false,
      "commit_status": "committed",
      "iteration_events": [
        "force_iterate_submitted_to_ancf",
        "ancf_trial_solved_and_scattered",
        "trial_displacement_written_to_precice",
        "precice_advance_completed",
        "requires_reading_checkpoint_false",
        "force_read_at_accepted_window_start_zero",
        "accepted_trial_committed"
      ],
      "time_window_complete": true,
      "convergence_status": "accepted_by_precice_before_iteration_limit",
      "precice_max_iterations": 20,
      "ancf_newton_iterations": 3,
      "ancf_residual": 7.826941494926132e-08,
      "q_state_hash": "6c12204e06159416516da795c554a4c9f1d464d21938bf629828c695c412f2d0",
      "qdot_state_hash": "2932c5277723d105a0d8fa3b96a34eb086466ad5ac49069ba7dc752cedba40bb",
      "qddot_state_hash": "104c064f36f4194d512a395ecb12b7450a3c0571d0076fd4c5242703c96dedd6"
    },
    {
      "case_id": "ANCF_SINGLE_SLICE_HIGHRE_0P2S_PREP_V1",
      "window_index": 2,
      "iteration_index": 1,
      "sequence": 14,
      "request_id": 910014,
      "transaction_id": 1910014,
      "transport_ids": {
        "sequence": 14,
        "request_id": 910014,
        "transaction_id": 1910014
      },
      "physical_identity": {
        "global_step": 2,
        "bridge_step": 2,
        "integer_tick": 400000,
        "time_s": 0.0004,
        "dt_s": 0.0002
      },
      "physical_time_s": 30.0004,
      "case_local_time_s": 0.0004,
      "force_source_global_time_s": 30.0002,
      "force_source_kind": "PRECEDING_ACCEPTED_PRECICE_EXCHANGE",
      "force_input_source_global_time_s": 30.0002,
      "force_input_read_offset_s": 0.0,
      "force_input_source_kind": "PRECEDING_ACCEPTED_PRECICE_EXCHANGE",
      "force_input_vector_raw_N": [
        0.06440713207168003,
        0.05908675094604829,
        0.0
      ],
      "force_input_window_index": 2,
      "force_input_iteration_index": 1,
      "returned_force_source_global_time_s": 30.0004,
      "returned_force_source_kind": "CURRENT_WINDOW_ENDPOINT_RETRY_ITERATE",
      "force_source_time_global_s": 30.0004,
      "force_read_time_s": 0.0002,
      "force_read_offset_s": 0.0002,
      "force_read_source_global_time_s": 30.0004,
      "force_read_source_kind": "CURRENT_WINDOW_ENDPOINT_RETRY_ITERATE",
      "force_source_vector_raw_N": [
        0.04403362971200148,
        0.04016620428353744,
        0.0
      ],
      "force_read_vector_raw_N": [
        0.04403362971200148,
        0.04016620428353744,
        0.0
      ],
      "force_read_window_index": 2,
      "force_read_iteration_index": 1,
      "window_target_global_time_s": 30.0004,
      "dt_s": 0.0002,
      "D_previous_committed_m": [
        1.0464580731534774e-07,
        9.584711866676218e-08,
        0.0004163871573314992
      ],
      "D_trial_from_ancf_m": [
        5.217020283787171e-07,
        4.779911657793124e-07,
        0.0004163880479182147
      ],
      "D_trial_interface_m": [
        5.217020283787171e-07,
        4.779911657793124e-07
      ],
      "D_written_to_precice_m": [
        5.217020283787171e-07,
        4.779911657793124e-07
      ],
      "written_motion_vector_m": [
        [
          5.217020283787171e-07,
          4.779911657793124e-07
        ]
      ],
      "force_input_raw_N": [
        0.06440713207168003,
        0.05908675094604829,
        0.0
      ],
      "force_input_applied_N": [
        4.554504339354517,
        4.1782773883277,
        0.0
      ],
      "Fx_raw_N": 0.06440713207168003,
      "Fy_raw_N": 0.05908675094604829,
      "Fz_raw_N": 0.0,
      "Fx_section_Npm": 2.3002547168457155,
      "Fy_section_Npm": 2.1102411052160104,
      "Fx_applied_N": 4.554504339354517,
      "Fy_applied_N": 4.1782773883277,
      "Fz_applied_N": 0.0,
      "returned_force_raw_N": [
        0.04403362971200148,
        0.04016620428353744,
        0.0
      ],
      "returned_force_applied_N": [
        3.113806672491533,
        2.840324445764433,
        0.0
      ],
      "Fx_returned_raw_N": 0.04403362971200148,
      "Fy_returned_raw_N": 0.04016620428353744,
      "force_residual_raw_N": 0.027804076758779057,
      "force_residual_applied_N": 1.9661454279422332,
      "trial_displacement_residual_m": 5.656588762418716e-07,
      "written_motion_delta_m": null,
      "checkpoint_request": true,
      "checkpoint_created": true,
      "rollback_request": true,
      "commit_status": "rolled_back",
      "iteration_events": [
        "physical_checkpoint_created",
        "force_iterate_submitted_to_ancf",
        "ancf_trial_solved_and_scattered",
        "trial_displacement_written_to_precice",
        "precice_advance_completed",
        "requires_reading_checkpoint_true",
        "force_read_at_retry_endpoint_dt",
        "physical_state_rolled_back_trial_retained_as_history"
      ],
      "time_window_complete": false,
      "convergence_status": "retry_required",
      "precice_max_iterations": 20,
      "ancf_newton_iterations": 3,
      "ancf_residual": 9.32296835287616e-08,
      "q_state_hash": "ab7190e6b864e45582ba0d4621b43615fc0651620726821d6b98093f6138d050",
      "qdot_state_hash": "38fecdf4a11854c60d3efdc609bdf0fa2752d9794baed05d924e5416db351c61",
      "qddot_state_hash": "cd9e9d9b0cb43f15a40b7395b26fea4b6986fad3998cb522f93a8ada190cdd8e"
    },
    {
      "case_id": "ANCF_SINGLE_SLICE_HIGHRE_0P2S_PREP_V1",
      "window_index": 2,
      "iteration_index": 2,
      "sequence": 15,
      "request_id": 910015,
      "transaction_id": 1910015,
      "transport_ids": {
        "sequence": 15,
        "request_id": 910015,
        "transaction_id": 1910015
      },
      "physical_identity": {
        "global_step": 2,
        "bridge_step": 2,
        "integer_tick": 400000,
        "time_s": 0.0004,
        "dt_s": 0.0002
      },
      "physical_time_s": 30.0004,
      "case_local_time_s": 0.0004,
      "force_source_global_time_s": 30.0004,
      "force_source_kind": "PRECEDING_PRECICE_ADVANCE_ITERATE",
      "force_input_source_global_time_s": 30.0004,
      "force_input_read_offset_s": 0.0002,
      "force_input_source_kind": "PRECEDING_PRECICE_ADVANCE_ITERATE",
      "force_input_vector_raw_N": [
        0.04403362971200148,
        0.04016620428353744,
        0.0
      ],
      "force_input_window_index": 2,
      "force_input_iteration_index": 2,
      "returned_force_source_global_time_s": 30.0004,
      "returned_force_source_kind": "CURRENT_WINDOW_ENDPOINT_RETRY_ITERATE",
      "force_source_time_global_s": 30.0004,
      "force_read_time_s": 0.0002,
      "force_read_offset_s": 0.0002,
      "force_read_source_global_time_s": 30.0004,
      "force_read_source_kind": "CURRENT_WINDOW_ENDPOINT_RETRY_ITERATE",
      "force_source_vector_raw_N": [
        0.048384010009922,
        0.04396544596969654,
        0.0
      ],
      "force_read_vector_raw_N": [
        0.048384010009922,
        0.04396544596969654,
        0.0
      ],
      "force_read_window_index": 2,
      "force_read_iteration_index": 2,
      "window_target_global_time_s": 30.0004,
      "dt_s": 0.0002,
      "D_previous_committed_m": [
        1.0464580731534774e-07,
        9.584711866676218e-08,
        0.0004163871573314992
      ],
      "D_trial_from_ancf_m": [
        4.886395853926331e-07,
        4.4728660235907345e-07,
        0.0004163880479186588
      ],
      "D_trial_interface_m": [
        4.886395853926331e-07,
        4.4728660235907345e-07
      ],
      "D_written_to_precice_m": [
        4.886395853926331e-07,
        4.4728660235907345e-07
      ],
      "written_motion_vector_m": [
        [
          4.886395853926331e-07,
          4.4728660235907345e-07
        ]
      ],
      "force_input_raw_N": [
        0.04403362971200148,
        0.04016620428353744,
        0.0
      ],
      "force_input_applied_N": [
        3.1138066724915334,
        2.840324445764433,
        0.0
      ],
      "Fx_raw_N": 0.04403362971200148,
      "Fy_raw_N": 0.04016620428353744,
      "Fz_raw_N": 0.0,
      "Fx_section_Npm": 1.5726296325714815,
      "Fy_section_Npm": 1.4345072958406229,
      "Fx_applied_N": 3.1138066724915334,
      "Fy_applied_N": 2.840324445764433,
      "Fz_applied_N": 0.0,
      "returned_force_raw_N": [
        0.048384010009922,
        0.04396544596969654,
        0.0
      ],
      "returned_force_applied_N": [
        3.421440707844484,
        3.108985107857112,
        0.0
      ],
      "Fx_returned_raw_N": 0.048384010009922,
      "Fy_returned_raw_N": 0.04396544596969654,
      "force_residual_raw_N": 0.005775815624341207,
      "force_residual_applied_N": 0.40843267629269964,
      "trial_displacement_residual_m": 4.5120897054862815e-08,
      "written_motion_delta_m": 4.5120897054862815e-08,
      "checkpoint_request": false,
      "checkpoint_created": false,
      "rollback_request": true,
      "commit_status": "rolled_back",
      "iteration_events": [
        "force_iterate_submitted_to_ancf",
        "ancf_trial_solved_and_scattered",
        "trial_displacement_written_to_precice",
        "precice_advance_completed",
        "requires_reading_checkpoint_true",
        "force_read_at_retry_endpoint_dt",
        "physical_state_rolled_back_trial_retained_as_history"
      ],
      "time_window_complete": false,
      "convergence_status": "retry_required",
      "precice_max_iterations": 20,
      "ancf_newton_iterations": 3,
      "ancf_residual": 9.32296835287616e-08,
      "q_state_hash": "5c2009ded2c02d2ff7fd0db78ea025e69da43b22e3a8359263c32b906b358820",
      "qdot_state_hash": "53b6b5757fb4226d32f02275828d7b85c1ca98bd7632ba84ededf5bf39e11509",
      "qddot_state_hash": "a83d92df299dcf6e80a4c0791ead31e8e2b11a4554240ff29e89628824c447c0"
    },
    {
      "case_id": "ANCF_SINGLE_SLICE_HIGHRE_0P2S_PREP_V1",
      "window_index": 2,
      "iteration_index": 3,
      "sequence": 16,
      "request_id": 910016,
      "transaction_id": 1910016,
      "transport_ids": {
        "sequence": 16,
        "request_id": 910016,
        "transaction_id": 1910016
      },
      "physical_identity": {
        "global_step": 2,
        "bridge_step": 2,
        "integer_tick": 400000,
        "time_s": 0.0004,
        "dt_s": 0.0002
      },
      "physical_time_s": 30.0004,
      "case_local_time_s": 0.0004,
      "force_source_global_time_s": 30.0004,
      "force_source_kind": "PRECEDING_PRECICE_ADVANCE_ITERATE",
      "force_input_source_global_time_s": 30.0004,
      "force_input_read_offset_s": 0.0002,
      "force_input_source_kind": "PRECEDING_PRECICE_ADVANCE_ITERATE",
      "force_input_vector_raw_N": [
        0.048384010009922,
        0.04396544596969654,
        0.0
      ],
      "force_input_window_index": 2,
      "force_input_iteration_index": 3,
      "returned_force_source_global_time_s": 30.0004,
      "returned_force_source_kind": "CURRENT_WINDOW_ENDPOINT_RETRY_ITERATE",
      "force_source_time_global_s": 30.0004,
      "force_read_time_s": 0.0002,
      "force_read_offset_s": 0.0002,
      "force_read_source_global_time_s": 30.0004,
      "force_read_source_kind": "CURRENT_WINDOW_ENDPOINT_RETRY_ITERATE",
      "force_source_vector_raw_N": [
        0.051864314248258415,
        0.047004839318623814,
        0.0
      ],
      "force_read_vector_raw_N": [
        0.051864314248258415,
        0.047004839318623814,
        0.0
      ],
      "force_read_window_index": 2,
      "force_read_iteration_index": 3,
      "window_target_global_time_s": 30.0004,
      "dt_s": 0.0002,
      "D_previous_committed_m": [
        1.0464580731534774e-07,
        9.584711866676218e-08,
        0.0004163871573314992
      ],
      "D_trial_from_ancf_m": [
        4.956994515869211e-07,
        4.534520720668181e-07,
        0.0004163880479186588
      ],
      "D_trial_interface_m": [
        4.956994515869211e-07,
        4.534520720668181e-07
      ],
      "D_written_to_precice_m": [
        4.956994515869211e-07,
        4.534520720668181e-07
      ],
      "written_motion_vector_m": [
        [
          4.956994515869211e-07,
          4.534520720668181e-07
        ]
      ],
      "force_input_raw_N": [
        0.048384010009922,
        0.04396544596969654,
        0.0
      ],
      "force_input_applied_N": [
        3.4214407078444844,
        3.1089851078571122,
        0.0
      ],
      "Fx_raw_N": 0.048384010009922,
      "Fy_raw_N": 0.04396544596969654,
      "Fz_raw_N": 0.0,
      "Fx_section_Npm": 1.7280003574972143,
      "Fy_section_Npm": 1.5701944989177334,
      "Fx_applied_N": 3.4214407078444844,
      "Fy_applied_N": 3.1089851078571122,
      "Fz_applied_N": 0.0,
      "returned_force_raw_N": [
        0.051864314248258415,
        0.047004839318623814,
        0.0
      ],
      "returned_force_applied_N": [
        3.667547936126845,
        3.323913637531255,
        0.0
      ],
      "Fx_returned_raw_N": 0.051864314248258415,
      "Fy_returned_raw_N": 0.047004839318623814,
      "force_residual_raw_N": 0.004620652499472969,
      "force_residual_applied_N": 0.32674614103415994,
      "trial_displacement_residual_m": 9.37308526571519e-09,
      "written_motion_delta_m": 9.37308526571519e-09,
      "checkpoint_request": false,
      "checkpoint_created": false,
      "rollback_request": true,
      "commit_status": "rolled_back",
      "iteration_events": [
        "force_iterate_submitted_to_ancf",
        "ancf_trial_solved_and_scattered",
        "trial_displacement_written_to_precice",
        "precice_advance_completed",
        "requires_reading_checkpoint_true",
        "force_read_at_retry_endpoint_dt",
        "physical_state_rolled_back_trial_retained_as_history"
      ],
      "time_window_complete": false,
      "convergence_status": "retry_required",
      "precice_max_iterations": 20,
      "ancf_newton_iterations": 3,
      "ancf_residual": 9.32296835287616e-08,
      "q_state_hash": "f8b128c37cdd4f1d7504a19bdd74b7e8859b25d2a7851007d3e1ce24ee898a26",
      "qdot_state_hash": "14511153b18c0463d100d0c3bee646e025b6b2170814455a81eb8e7bc4e0d30f",
      "qddot_state_hash": "b6f0d38d58f42c83782c48300dacff2c27b080f329fab6b11575769877fba044"
    },
    {
      "case_id": "ANCF_SINGLE_SLICE_HIGHRE_0P2S_PREP_V1",
      "window_index": 2,
      "iteration_index": 4,
      "sequence": 17,
      "request_id": 910017,
      "transaction_id": 1910017,
      "transport_ids": {
        "sequence": 17,
        "request_id": 910017,
        "transaction_id": 1910017
      },
      "physical_identity": {
        "global_step": 2,
        "bridge_step": 2,
        "integer_tick": 400000,
        "time_s": 0.0004,
        "dt_s": 0.0002
      },
      "physical_time_s": 30.0004,
      "case_local_time_s": 0.0004,
      "force_source_global_time_s": 30.0004,
      "force_source_kind": "PRECEDING_PRECICE_ADVANCE_ITERATE",
      "force_input_source_global_time_s": 30.0004,
      "force_input_read_offset_s": 0.0002,
      "force_input_source_kind": "PRECEDING_PRECICE_ADVANCE_ITERATE",
      "force_input_vector_raw_N": [
        0.051864314248258415,
        0.047004839318623814,
        0.0
      ],
      "force_input_window_index": 2,
      "force_input_iteration_index": 4,
      "returned_force_source_global_time_s": 30.0004,
      "returned_force_source_kind": "CURRENT_WINDOW_ENDPOINT_RETRY_ITERATE",
      "force_source_time_global_s": 30.0004,
      "force_read_time_s": 0.0002,
      "force_read_offset_s": 0.0002,
      "force_read_source_global_time_s": 30.0004,
      "force_read_source_kind": "CURRENT_WINDOW_ENDPOINT_RETRY_ITERATE",
      "force_source_vector_raw_N": [
        0.05464855763892755,
        0.049436353997765636,
        0.0
      ],
      "force_read_vector_raw_N": [
        0.05464855763892755,
        0.049436353997765636,
        0.0
      ],
      "force_read_window_index": 2,
      "force_read_iteration_index": 4,
      "window_target_global_time_s": 30.0004,
      "dt_s": 0.0002,
      "D_previous_committed_m": [
        1.0464580731534774e-07,
        9.584711866676218e-08,
        0.0004163871573314992
      ],
      "D_trial_from_ancf_m": [
        5.013473445423444e-07,
        4.5838444783300766e-07,
        0.0004163880479191029
      ],
      "D_trial_interface_m": [
        5.013473445423444e-07,
        4.5838444783300766e-07
      ],
      "D_written_to_precice_m": [
        5.013473445423444e-07,
        4.5838444783300766e-07
      ],
      "written_motion_vector_m": [
        [
          5.013473445423444e-07,
          4.5838444783300766e-07
        ]
      ],
      "force_input_raw_N": [
        0.051864314248258415,
        0.047004839318623814,
        0.0
      ],
      "force_input_applied_N": [
        3.667547936126845,
        3.3239136375312555,
        0.0
      ],
      "Fx_raw_N": 0.051864314248258415,
      "Fy_raw_N": 0.047004839318623814,
      "Fz_raw_N": 0.0,
      "Fx_section_Npm": 1.8522969374378004,
      "Fy_section_Npm": 1.678744261379422,
      "Fx_applied_N": 3.667547936126845,
      "Fy_applied_N": 3.3239136375312555,
      "Fz_applied_N": 0.0,
      "returned_force_raw_N": [
        0.05464855763892755,
        0.049436353997765636,
        0.0
      ],
      "returned_force_applied_N": [
        3.864433718752734,
        3.4958564612705696,
        0.0
      ],
      "Fx_returned_raw_N": 0.05464855763892755,
      "Fy_returned_raw_N": 0.049436353997765636,
      "force_residual_raw_N": 0.003696521999578376,
      "force_residual_applied_N": 0.261396912827328,
      "trial_displacement_residual_m": 7.498468212562742e-09,
      "written_motion_delta_m": 7.498468212562742e-09,
      "checkpoint_request": false,
      "checkpoint_created": false,
      "rollback_request": true,
      "commit_status": "rolled_back",
      "iteration_events": [
        "force_iterate_submitted_to_ancf",
        "ancf_trial_solved_and_scattered",
        "trial_displacement_written_to_precice",
        "precice_advance_completed",
        "requires_reading_checkpoint_true",
        "force_read_at_retry_endpoint_dt",
        "physical_state_rolled_back_trial_retained_as_history"
      ],
      "time_window_complete": false,
      "convergence_status": "retry_required",
      "precice_max_iterations": 20,
      "ancf_newton_iterations": 3,
      "ancf_residual": 9.32296835287616e-08,
      "q_state_hash": "2db8872ef475fea684c3df271876b27667fa34644b0a4fc1463e95c956929d61",
      "qdot_state_hash": "2ef3bdb32f3c7a2f7c0eac1064184edcea78f76755e9f43a30bd892ff3f11dfe",
      "qddot_state_hash": "0142da320ac4cd0d7888a5ac59c9f34c850cafb95f9f8603e38551eca727531e"
    },
    {
      "case_id": "ANCF_SINGLE_SLICE_HIGHRE_0P2S_PREP_V1",
      "window_index": 2,
      "iteration_index": 5,
      "sequence": 18,
      "request_id": 910018,
      "transaction_id": 1910018,
      "transport_ids": {
        "sequence": 18,
        "request_id": 910018,
        "transaction_id": 1910018
      },
      "physical_identity": {
        "global_step": 2,
        "bridge_step": 2,
        "integer_tick": 400000,
        "time_s": 0.0004,
        "dt_s": 0.0002
      },
      "physical_time_s": 30.0004,
      "case_local_time_s": 0.0004,
      "force_source_global_time_s": 30.0004,
      "force_source_kind": "PRECEDING_PRECICE_ADVANCE_ITERATE",
      "force_input_source_global_time_s": 30.0004,
      "force_input_read_offset_s": 0.0002,
      "force_input_source_kind": "PRECEDING_PRECICE_ADVANCE_ITERATE",
      "force_input_vector_raw_N": [
        0.05464855763892755,
        0.049436353997765636,
        0.0
      ],
      "force_input_window_index": 2,
      "force_input_iteration_index": 5,
      "returned_force_source_global_time_s": 30.0004,
      "returned_force_source_kind": "CURRENT_WINDOW_ENDPOINT_RETRY_ITERATE",
      "force_source_time_global_s": 30.0004,
      "force_read_time_s": 0.0002,
      "force_read_offset_s": 0.0002,
      "force_read_source_global_time_s": 30.0004,
      "force_read_source_kind": "CURRENT_WINDOW_ENDPOINT_RETRY_ITERATE",
      "force_source_vector_raw_N": [
        0.05687595235146286,
        0.0513815657410791,
        0.0
      ],
      "force_read_vector_raw_N": [
        0.05687595235146286,
        0.0513815657410791,
        0.0
      ],
      "force_read_window_index": 2,
      "force_read_iteration_index": 5,
      "window_target_global_time_s": 30.0004,
      "dt_s": 0.0002,
      "D_previous_committed_m": [
        1.0464580731534774e-07,
        9.584711866676218e-08,
        0.0004163871573314992
      ],
      "D_trial_from_ancf_m": [
        5.05865658906678e-07,
        4.623303484459551e-07,
        0.0004163880479186588
      ],
      "D_trial_interface_m": [
        5.05865658906678e-07,
        4.623303484459551e-07
      ],
      "D_written_to_precice_m": [
        5.05865658906678e-07,
        4.623303484459551e-07
      ],
      "written_motion_vector_m": [
        [
          5.05865658906678e-07,
          4.623303484459551e-07
        ]
      ],
      "force_input_raw_N": [
        0.05464855763892755,
        0.049436353997765636,
        0.0
      ],
      "force_input_applied_N": [
        3.864433718752734,
        3.49585646127057,
        0.0
      ],
      "Fx_raw_N": 0.05464855763892755,
      "Fy_raw_N": 0.049436353997765636,
      "Fz_raw_N": 0.0,
      "Fx_section_Npm": 1.9517342013902697,
      "Fy_section_Npm": 1.7655840713487727,
      "Fx_applied_N": 3.864433718752734,
      "Fy_applied_N": 3.49585646127057,
      "Fz_applied_N": 0.0,
      "returned_force_raw_N": [
        0.05687595235146286,
        0.0513815657410791,
        0.0
      ],
      "returned_force_applied_N": [
        4.021942344853445,
        3.6334107202620216,
        0.0
      ],
      "Fx_returned_raw_N": 0.05687595235146286,
      "Fy_returned_raw_N": 0.0513815657410791,
      "force_residual_raw_N": 0.0029572175996627047,
      "force_residual_applied_N": 0.20911753026186267,
      "trial_displacement_residual_m": 5.998774570043648e-09,
      "written_motion_delta_m": 5.998774570043648e-09,
      "checkpoint_request": false,
      "checkpoint_created": false,
      "rollback_request": true,
      "commit_status": "rolled_back",
      "iteration_events": [
        "force_iterate_submitted_to_ancf",
        "ancf_trial_solved_and_scattered",
        "trial_displacement_written_to_precice",
        "precice_advance_completed",
        "requires_reading_checkpoint_true",
        "force_read_at_retry_endpoint_dt",
        "physical_state_rolled_back_trial_retained_as_history"
      ],
      "time_window_complete": false,
      "convergence_status": "retry_required",
      "precice_max_iterations": 20,
      "ancf_newton_iterations": 3,
      "ancf_residual": 9.32296835287616e-08,
      "q_state_hash": "f1130e60354338dbe9c6d8a7e7d0610d677001bc3d1d77d6b94d22255b7f8cba",
      "qdot_state_hash": "aa488c8e142fdfe65b41297ef71a341aac98cab01b874cd200e3e80e21e05695",
      "qddot_state_hash": "67072bc6c185f7f164f74af4768b28d9bb567e3bd160ceb228f948eb317d8eff"
    },
    {
      "case_id": "ANCF_SINGLE_SLICE_HIGHRE_0P2S_PREP_V1",
      "window_index": 2,
      "iteration_index": 6,
      "sequence": 19,
      "request_id": 910019,
      "transaction_id": 1910019,
      "transport_ids": {
        "sequence": 19,
        "request_id": 910019,
        "transaction_id": 1910019
      },
      "physical_identity": {
        "global_step": 2,
        "bridge_step": 2,
        "integer_tick": 400000,
        "time_s": 0.0004,
        "dt_s": 0.0002
      },
      "physical_time_s": 30.0004,
      "case_local_time_s": 0.0004,
      "force_source_global_time_s": 30.0004,
      "force_source_kind": "PRECEDING_PRECICE_ADVANCE_ITERATE",
      "force_input_source_global_time_s": 30.0004,
      "force_input_read_offset_s": 0.0002,
      "force_input_source_kind": "PRECEDING_PRECICE_ADVANCE_ITERATE",
      "force_input_vector_raw_N": [
        0.05687595235146286,
        0.0513815657410791,
        0.0
      ],
      "force_input_window_index": 2,
      "force_input_iteration_index": 6,
      "returned_force_source_global_time_s": 30.0004,
      "returned_force_source_kind": "CURRENT_WINDOW_ENDPOINT_RETRY_ITERATE",
      "force_source_time_global_s": 30.0004,
      "force_read_time_s": 0.0002,
      "force_read_offset_s": 0.0002,
      "force_read_source_global_time_s": 30.0004,
      "force_read_source_kind": "CURRENT_WINDOW_ENDPOINT_RETRY_ITERATE",
      "force_source_vector_raw_N": [
        0.058657868121491104,
        0.052937735135729864,
        0.0
      ],
      "force_read_vector_raw_N": [
        0.058657868121491104,
        0.052937735135729864,
        0.0
      ],
      "force_read_window_index": 2,
      "force_read_iteration_index": 6,
      "window_target_global_time_s": 30.0004,
      "dt_s": 0.0002,
      "D_previous_committed_m": [
        1.0464580731534774e-07,
        9.584711866676218e-08,
        0.0004163871573314992
      ],
      "D_trial_from_ancf_m": [
        5.094803103981408e-07,
        4.6548706893630903e-07,
        0.0004163880479186588
      ],
      "D_trial_interface_m": [
        5.094803103981408e-07,
        4.6548706893630903e-07
      ],
      "D_written_to_precice_m": [
        5.094803103981408e-07,
        4.6548706893630903e-07
      ],
      "written_motion_vector_m": [
        [
          5.094803103981408e-07,
          4.6548706893630903e-07
        ]
      ],
      "force_input_raw_N": [
        0.05687595235146286,
        0.0513815657410791,
        0.0
      ],
      "force_input_applied_N": [
        4.021942344853445,
        3.633410720262022,
        0.0
      ],
      "Fx_raw_N": 0.05687595235146286,
      "Fy_raw_N": 0.0513815657410791,
      "Fz_raw_N": 0.0,
      "Fx_section_Npm": 2.031284012552245,
      "Fy_section_Npm": 1.8350559193242535,
      "Fx_applied_N": 4.021942344853445,
      "Fy_applied_N": 3.633410720262022,
      "Fz_applied_N": 0.0,
      "returned_force_raw_N": [
        0.058657868121491104,
        0.052937735135729864,
        0.0
      ],
      "returned_force_applied_N": [
        4.147949245734013,
        3.743454127455183,
        0.0
      ],
      "Fx_returned_raw_N": 0.058657868121491104,
      "Fy_returned_raw_N": 0.052937735135729864,
      "force_residual_raw_N": 0.0023657740797301597,
      "force_residual_applied_N": 0.16729402420948986,
      "trial_displacement_residual_m": 4.7990196560292485e-09,
      "written_motion_delta_m": 4.7990196560292485e-09,
      "checkpoint_request": false,
      "checkpoint_created": false,
      "rollback_request": true,
      "commit_status": "rolled_back",
      "iteration_events": [
        "force_iterate_submitted_to_ancf",
        "ancf_trial_solved_and_scattered",
        "trial_displacement_written_to_precice",
        "precice_advance_completed",
        "requires_reading_checkpoint_true",
        "force_read_at_retry_endpoint_dt",
        "physical_state_rolled_back_trial_retained_as_history"
      ],
      "time_window_complete": false,
      "convergence_status": "retry_required",
      "precice_max_iterations": 20,
      "ancf_newton_iterations": 3,
      "ancf_residual": 9.32296835287616e-08,
      "q_state_hash": "1b72303feb3ef47bb8449754b93f89a6a797e789f24536670c6db9fd46f2519e",
      "qdot_state_hash": "5b349fcdcf918e277cd906e28e4c0703298d9feaa37c17a319f5fc1436bc23c6",
      "qddot_state_hash": "c45dbd319e2fd7f04a6ccff61eec36001f84e503a46d4ff7152eebd9663b7808"
    },
    {
      "case_id": "ANCF_SINGLE_SLICE_HIGHRE_0P2S_PREP_V1",
      "window_index": 2,
      "iteration_index": 7,
      "sequence": 20,
      "request_id": 910020,
      "transaction_id": 1910020,
      "transport_ids": {
        "sequence": 20,
        "request_id": 910020,
        "transaction_id": 1910020
      },
      "physical_identity": {
        "global_step": 2,
        "bridge_step": 2,
        "integer_tick": 400000,
        "time_s": 0.0004,
        "dt_s": 0.0002
      },
      "physical_time_s": 30.0004,
      "case_local_time_s": 0.0004,
      "force_source_global_time_s": 30.0004,
      "force_source_kind": "PRECEDING_PRECICE_ADVANCE_ITERATE",
      "force_input_source_global_time_s": 30.0004,
      "force_input_read_offset_s": 0.0002,
      "force_input_source_kind": "PRECEDING_PRECICE_ADVANCE_ITERATE",
      "force_input_vector_raw_N": [
        0.058657868121491104,
        0.052937735135729864,
        0.0
      ],
      "force_input_window_index": 2,
      "force_input_iteration_index": 7,
      "returned_force_source_global_time_s": 30.0004,
      "returned_force_source_kind": "CURRENT_WINDOW_ENDPOINT_RETRY_ITERATE",
      "force_source_time_global_s": 30.0004,
      "force_read_time_s": 0.0002,
      "force_read_offset_s": 0.0002,
      "force_read_source_global_time_s": 30.0004,
      "force_read_source_kind": "CURRENT_WINDOW_ENDPOINT_RETRY_ITERATE",
      "force_source_vector_raw_N": [
        0.0600834007375137,
        0.05418267065145048,
        0.0
      ],
      "force_read_vector_raw_N": [
        0.0600834007375137,
        0.05418267065145048,
        0.0
      ],
      "force_read_window_index": 2,
      "force_read_iteration_index": 7,
      "window_target_global_time_s": 30.0004,
      "dt_s": 0.0002,
      "D_previous_committed_m": [
        1.0464580731534774e-07,
        9.584711866676218e-08,
        0.0004163871573314992
      ],
      "D_trial_from_ancf_m": [
        5.123720315913096e-07,
        4.680124453285912e-07,
        0.0004163880479182147
      ],
      "D_trial_interface_m": [
        5.123720315913096e-07,
        4.680124453285912e-07
      ],
      "D_written_to_precice_m": [
        5.123720315913096e-07,
        4.680124453285912e-07
      ],
      "written_motion_vector_m": [
        [
          5.123720315913096e-07,
          4.680124453285912e-07
        ]
      ],
      "force_input_raw_N": [
        0.058657868121491104,
        0.052937735135729864,
        0.0
      ],
      "force_input_applied_N": [
        4.147949245734013,
        3.743454127455183,
        0.0
      ],
      "Fx_raw_N": 0.058657868121491104,
      "Fy_raw_N": 0.052937735135729864,
      "Fz_raw_N": 0.0,
      "Fx_section_Npm": 2.094923861481825,
      "Fy_section_Npm": 1.890633397704638,
      "Fx_applied_N": 4.147949245734013,
      "Fy_applied_N": 3.743454127455183,
      "Fz_applied_N": 0.0,
      "returned_force_raw_N": [
        0.0600834007375137,
        0.05418267065145048,
        0.0
      ],
      "returned_force_applied_N": [
        4.248754766438468,
        3.831488853209712,
        0.0
      ],
      "Fx_returned_raw_N": 0.0600834007375137,
      "Fy_returned_raw_N": 0.05418267065145048,
      "force_residual_raw_N": 0.0018926192637841277,
      "force_residual_applied_N": 0.13383521936759188,
      "trial_displacement_residual_m": 3.8392157248215955e-09,
      "written_motion_delta_m": 3.8392157248215955e-09,
      "checkpoint_request": false,
      "checkpoint_created": false,
      "rollback_request": true,
      "commit_status": "rolled_back",
      "iteration_events": [
        "force_iterate_submitted_to_ancf",
        "ancf_trial_solved_and_scattered",
        "trial_displacement_written_to_precice",
        "precice_advance_completed",
        "requires_reading_checkpoint_true",
        "force_read_at_retry_endpoint_dt",
        "physical_state_rolled_back_trial_retained_as_history"
      ],
      "time_window_complete": false,
      "convergence_status": "retry_required",
      "precice_max_iterations": 20,
      "ancf_newton_iterations": 3,
      "ancf_residual": 9.32296835287616e-08,
      "q_state_hash": "73a1fdd71845d118a14c4c2506237908be31746d4daa9a5154031181e23ef558",
      "qdot_state_hash": "37b5f3ec3de0657a1fef81d16deb5a6476bd992e569a2149fa1f58520dee8690",
      "qddot_state_hash": "27a2a0e0fb97d86b23a0f4204ab9b74d78cc9585518f6ab6ba1200e7a83e0cc2"
    },
    {
      "case_id": "ANCF_SINGLE_SLICE_HIGHRE_0P2S_PREP_V1",
      "window_index": 2,
      "iteration_index": 8,
      "sequence": 21,
      "request_id": 910021,
      "transaction_id": 1910021,
      "transport_ids": {
        "sequence": 21,
        "request_id": 910021,
        "transaction_id": 1910021
      },
      "physical_identity": {
        "global_step": 2,
        "bridge_step": 2,
        "integer_tick": 400000,
        "time_s": 0.0004,
        "dt_s": 0.0002
      },
      "physical_time_s": 30.0004,
      "case_local_time_s": 0.0004,
      "force_source_global_time_s": 30.0004,
      "force_source_kind": "PRECEDING_PRECICE_ADVANCE_ITERATE",
      "force_input_source_global_time_s": 30.0004,
      "force_input_read_offset_s": 0.0002,
      "force_input_source_kind": "PRECEDING_PRECICE_ADVANCE_ITERATE",
      "force_input_vector_raw_N": [
        0.0600834007375137,
        0.05418267065145048,
        0.0
      ],
      "force_input_window_index": 2,
      "force_input_iteration_index": 8,
      "returned_force_source_global_time_s": 30.0004,
      "returned_force_source_kind": "CURRENT_WINDOW_ENDPOINT_RETRY_ITERATE",
      "force_source_time_global_s": 30.0004,
      "force_read_time_s": 0.0002,
      "force_read_offset_s": 0.0002,
      "force_read_source_global_time_s": 30.0004,
      "force_read_source_kind": "CURRENT_WINDOW_ENDPOINT_RETRY_ITERATE",
      "force_source_vector_raw_N": [
        0.06122382683033178,
        0.05517861906402697,
        0.0
      ],
      "force_read_vector_raw_N": [
        0.06122382683033178,
        0.05517861906402697,
        0.0
      ],
      "force_read_window_index": 2,
      "force_read_iteration_index": 8,
      "window_target_global_time_s": 30.0004,
      "dt_s": 0.0002,
      "D_previous_committed_m": [
        1.0464580731534774e-07,
        9.584711866676218e-08,
        0.0004163871573314992
      ],
      "D_trial_from_ancf_m": [
        5.146854085458444e-07,
        4.700327464424168e-07,
        0.0004163880479182147
      ],
      "D_trial_interface_m": [
        5.146854085458444e-07,
        4.700327464424168e-07
      ],
      "D_written_to_precice_m": [
        5.146854085458444e-07,
        4.700327464424168e-07
      ],
      "written_motion_vector_m": [
        [
          5.146854085458444e-07,
          4.700327464424168e-07
        ]
      ],
      "force_input_raw_N": [
        0.0600834007375137,
        0.05418267065145048,
        0.0
      ],
      "force_input_applied_N": [
        4.248754766438469,
        3.8314888532097124,
        0.0
      ],
      "Fx_raw_N": 0.0600834007375137,
      "Fy_raw_N": 0.05418267065145048,
      "Fz_raw_N": 0.0,
      "Fx_section_Npm": 2.1458357406254893,
      "Fy_section_Npm": 1.9350953804089457,
      "Fx_applied_N": 4.248754766438469,
      "Fy_applied_N": 3.8314888532097124,
      "Fz_applied_N": 0.0,
      "returned_force_raw_N": [
        0.06122382683033178,
        0.05517861906402697,
        0.0
      ],
      "returned_force_applied_N": [
        4.329399183002033,
        3.9019166338133355,
        0.0
      ],
      "Fx_returned_raw_N": 0.06122382683033178,
      "Fy_returned_raw_N": 0.05517861906402697,
      "force_residual_raw_N": 0.0015140954110273044,
      "force_residual_applied_N": 0.10706817549407366,
      "trial_displacement_residual_m": 3.0713725798570084e-09,
      "written_motion_delta_m": 3.0713725798570084e-09,
      "checkpoint_request": false,
      "checkpoint_created": false,
      "rollback_request": true,
      "commit_status": "rolled_back",
      "iteration_events": [
        "force_iterate_submitted_to_ancf",
        "ancf_trial_solved_and_scattered",
        "trial_displacement_written_to_precice",
        "precice_advance_completed",
        "requires_reading_checkpoint_true",
        "force_read_at_retry_endpoint_dt",
        "physical_state_rolled_back_trial_retained_as_history"
      ],
      "time_window_complete": false,
      "convergence_status": "retry_required",
      "precice_max_iterations": 20,
      "ancf_newton_iterations": 3,
      "ancf_residual": 9.32296835287616e-08,
      "q_state_hash": "ef295409e76606911763d27a2846caaca681685fd13c9c28e3fa8e8f1695cce6",
      "qdot_state_hash": "fef695f4ff5884d0e69fdc7645ce4b53ffa78a7b0881c4497e93ff034c153408",
      "qddot_state_hash": "7de1b46b851550709e282e73da576fcfc1baafe7f02198dc50b51093d746d374"
    },
    {
      "case_id": "ANCF_SINGLE_SLICE_HIGHRE_0P2S_PREP_V1",
      "window_index": 2,
      "iteration_index": 9,
      "sequence": 22,
      "request_id": 910022,
      "transaction_id": 1910022,
      "transport_ids": {
        "sequence": 22,
        "request_id": 910022,
        "transaction_id": 1910022
      },
      "physical_identity": {
        "global_step": 2,
        "bridge_step": 2,
        "integer_tick": 400000,
        "time_s": 0.0004,
        "dt_s": 0.0002
      },
      "physical_time_s": 30.0004,
      "case_local_time_s": 0.0004,
      "force_source_global_time_s": 30.0004,
      "force_source_kind": "PRECEDING_PRECICE_ADVANCE_ITERATE",
      "force_input_source_global_time_s": 30.0004,
      "force_input_read_offset_s": 0.0002,
      "force_input_source_kind": "PRECEDING_PRECICE_ADVANCE_ITERATE",
      "force_input_vector_raw_N": [
        0.06122382683033178,
        0.05517861906402697,
        0.0
      ],
      "force_input_window_index": 2,
      "force_input_iteration_index": 9,
      "returned_force_source_global_time_s": 30.0004,
      "returned_force_source_kind": "CURRENT_WINDOW_ENDPOINT_RETRY_ITERATE",
      "force_source_time_global_s": 30.0004,
      "force_read_time_s": 0.0002,
      "force_read_offset_s": 0.0002,
      "force_read_source_global_time_s": 30.0004,
      "force_read_source_kind": "CURRENT_WINDOW_ENDPOINT_RETRY_ITERATE",
      "force_source_vector_raw_N": [
        0.062136167704586236,
        0.05597537779408816,
        0.0
      ],
      "force_read_vector_raw_N": [
        0.062136167704586236,
        0.05597537779408816,
        0.0
      ],
      "force_read_window_index": 2,
      "force_read_iteration_index": 9,
      "window_target_global_time_s": 30.0004,
      "dt_s": 0.0002,
      "D_previous_committed_m": [
        1.0464580731534774e-07,
        9.584711866676218e-08,
        0.0004163871573314992
      ],
      "D_trial_from_ancf_m": [
        5.165361101094692e-07,
        4.716489873334742e-07,
        0.0004163880479182147
      ],
      "D_trial_interface_m": [
        5.165361101094692e-07,
        4.716489873334742e-07
      ],
      "D_written_to_precice_m": [
        5.165361101094692e-07,
        4.716489873334742e-07
      ],
      "written_motion_vector_m": [
        [
          5.165361101094692e-07,
          4.716489873334742e-07
        ]
      ],
      "force_input_raw_N": [
        0.06122382683033178,
        0.05517861906402697,
        0.0
      ],
      "force_input_applied_N": [
        4.329399183002033,
        3.9019166338133355,
        0.0
      ],
      "Fx_raw_N": 0.06122382683033178,
      "Fy_raw_N": 0.05517861906402697,
      "Fz_raw_N": 0.0,
      "Fx_section_Npm": 2.1865652439404206,
      "Fy_section_Npm": 1.9706649665723917,
      "Fx_applied_N": 4.329399183002033,
      "Fy_applied_N": 3.9019166338133355,
      "Fz_applied_N": 0.0,
      "returned_force_raw_N": [
        0.062136167704586236,
        0.05597537779408816,
        0.0
      ],
      "returned_force_applied_N": [
        4.393914716252883,
        3.958258858296234,
        0.0
      ],
      "Fx_returned_raw_N": 0.062136167704586236,
      "Fy_returned_raw_N": 0.05597537779408816,
      "force_residual_raw_N": 0.0012112763288218403,
      "force_residual_applied_N": 0.0856545403952587,
      "trial_displacement_residual_m": 2.457098063881384e-09,
      "written_motion_delta_m": 2.457098063881384e-09,
      "checkpoint_request": false,
      "checkpoint_created": false,
      "rollback_request": true,
      "commit_status": "rolled_back",
      "iteration_events": [
        "force_iterate_submitted_to_ancf",
        "ancf_trial_solved_and_scattered",
        "trial_displacement_written_to_precice",
        "precice_advance_completed",
        "requires_reading_checkpoint_true",
        "force_read_at_retry_endpoint_dt",
        "physical_state_rolled_back_trial_retained_as_history"
      ],
      "time_window_complete": false,
      "convergence_status": "retry_required",
      "precice_max_iterations": 20,
      "ancf_newton_iterations": 3,
      "ancf_residual": 9.32296835287616e-08,
      "q_state_hash": "b190c7949a360b0aa6147ec82777331aeb271432703e4f3cf71b73418cbdf9aa",
      "qdot_state_hash": "7b34ff25fe8df5add523b7f7a6b09c8b06106aeff66fb6890124045279374d8f",
      "qddot_state_hash": "7af4827ef465d7d245738c152896c111e5aad55fa9863ef7dca8333f59f02f1c"
    },
    {
      "case_id": "ANCF_SINGLE_SLICE_HIGHRE_0P2S_PREP_V1",
      "window_index": 2,
      "iteration_index": 10,
      "sequence": 23,
      "request_id": 910023,
      "transaction_id": 1910023,
      "transport_ids": {
        "sequence": 23,
        "request_id": 910023,
        "transaction_id": 1910023
      },
      "physical_identity": {
        "global_step": 2,
        "bridge_step": 2,
        "integer_tick": 400000,
        "time_s": 0.0004,
        "dt_s": 0.0002
      },
      "physical_time_s": 30.0004,
      "case_local_time_s": 0.0004,
      "force_source_global_time_s": 30.0004,
      "force_source_kind": "PRECEDING_PRECICE_ADVANCE_ITERATE",
      "force_input_source_global_time_s": 30.0004,
      "force_input_read_offset_s": 0.0002,
      "force_input_source_kind": "PRECEDING_PRECICE_ADVANCE_ITERATE",
      "force_input_vector_raw_N": [
        0.062136167704586236,
        0.05597537779408816,
        0.0
      ],
      "force_input_window_index": 2,
      "force_input_iteration_index": 10,
      "returned_force_source_global_time_s": 30.0004,
      "returned_force_source_kind": "CURRENT_WINDOW_ENDPOINT_RETRY_ITERATE",
      "force_source_time_global_s": 30.0004,
      "force_read_time_s": 0.0002,
      "force_read_offset_s": 0.0002,
      "force_read_source_global_time_s": 30.0004,
      "force_read_source_kind": "CURRENT_WINDOW_ENDPOINT_RETRY_ITERATE",
      "force_source_vector_raw_N": [
        0.0628660404039898,
        0.05661278477813712,
        0.0
      ],
      "force_read_vector_raw_N": [
        0.0628660404039898,
        0.05661278477813712,
        0.0
      ],
      "force_read_window_index": 2,
      "force_read_iteration_index": 10,
      "window_target_global_time_s": 30.0004,
      "dt_s": 0.0002,
      "D_previous_committed_m": [
        1.0464580731534774e-07,
        9.584711866676218e-08,
        0.0004163871573314992
      ],
      "D_trial_from_ancf_m": [
        5.18016671360371e-07,
        4.72941980046322e-07,
        0.0004163880479186588
      ],
      "D_trial_interface_m": [
        5.18016671360371e-07,
        4.72941980046322e-07
      ],
      "D_written_to_precice_m": [
        5.18016671360371e-07,
        4.72941980046322e-07
      ],
      "written_motion_vector_m": [
        [
          5.18016671360371e-07,
          4.72941980046322e-07
        ]
      ],
      "force_input_raw_N": [
        0.062136167704586236,
        0.05597537779408816,
        0.0
      ],
      "force_input_applied_N": [
        4.393914716252884,
        3.958258858296234,
        0.0
      ],
      "Fx_raw_N": 0.062136167704586236,
      "Fy_raw_N": 0.05597537779408816,
      "Fz_raw_N": 0.0,
      "Fx_section_Npm": 2.2191488465923657,
      "Fy_section_Npm": 1.9991206355031486,
      "Fx_applied_N": 4.393914716252884,
      "Fy_applied_N": 3.958258858296234,
      "Fz_applied_N": 0.0,
      "returned_force_raw_N": [
        0.0628660404039898,
        0.05661278477813712,
        0.0
      ],
      "returned_force_applied_N": [
        4.445527142853564,
        4.003332637882553,
        0.0
      ],
      "Fx_returned_raw_N": 0.0628660404039898,
      "Fy_returned_raw_N": 0.05661278477813712,
      "force_residual_raw_N": 0.0009690210630574681,
      "force_residual_applied_N": 0.06852363231620667,
      "trial_displacement_residual_m": 1.9656784511077087e-09,
      "written_motion_delta_m": 1.9656784511077087e-09,
      "checkpoint_request": false,
      "checkpoint_created": false,
      "rollback_request": true,
      "commit_status": "rolled_back",
      "iteration_events": [
        "force_iterate_submitted_to_ancf",
        "ancf_trial_solved_and_scattered",
        "trial_displacement_written_to_precice",
        "precice_advance_completed",
        "requires_reading_checkpoint_true",
        "force_read_at_retry_endpoint_dt",
        "physical_state_rolled_back_trial_retained_as_history"
      ],
      "time_window_complete": false,
      "convergence_status": "retry_required",
      "precice_max_iterations": 20,
      "ancf_newton_iterations": 3,
      "ancf_residual": 9.32296835287616e-08,
      "q_state_hash": "b12e08d8418fd06d7fac2d92985ae4a01e818406138dfc6cec0ba2a3bdf4e956",
      "qdot_state_hash": "2efd3feadf4a8f1e3365a2ce3262430a7da9e97330560c998fb9493ce91444dc",
      "qddot_state_hash": "c30dfa8992af0c8ca389786ccf0fdadef1d823602c626a20cfe962920a84fc88"
    },
    {
      "case_id": "ANCF_SINGLE_SLICE_HIGHRE_0P2S_PREP_V1",
      "window_index": 2,
      "iteration_index": 11,
      "sequence": 24,
      "request_id": 910024,
      "transaction_id": 1910024,
      "transport_ids": {
        "sequence": 24,
        "request_id": 910024,
        "transaction_id": 1910024
      },
      "physical_identity": {
        "global_step": 2,
        "bridge_step": 2,
        "integer_tick": 400000,
        "time_s": 0.0004,
        "dt_s": 0.0002
      },
      "physical_time_s": 30.0004,
      "case_local_time_s": 0.0004,
      "force_source_global_time_s": 30.0004,
      "force_source_kind": "PRECEDING_PRECICE_ADVANCE_ITERATE",
      "force_input_source_global_time_s": 30.0004,
      "force_input_read_offset_s": 0.0002,
      "force_input_source_kind": "PRECEDING_PRECICE_ADVANCE_ITERATE",
      "force_input_vector_raw_N": [
        0.0628660404039898,
        0.05661278477813712,
        0.0
      ],
      "force_input_window_index": 2,
      "force_input_iteration_index": 11,
      "returned_force_source_global_time_s": 30.0004,
      "returned_force_source_kind": "CURRENT_WINDOW_ENDPOINT_RETRY_ITERATE",
      "force_source_time_global_s": 30.0004,
      "force_read_time_s": 0.0002,
      "force_read_offset_s": 0.0002,
      "force_read_source_global_time_s": 30.0004,
      "force_read_source_kind": "CURRENT_WINDOW_ENDPOINT_RETRY_ITERATE",
      "force_source_vector_raw_N": [
        0.06344993856351266,
        0.05712271036537628,
        0.0
      ],
      "force_read_vector_raw_N": [
        0.06344993856351266,
        0.05712271036537628,
        0.0
      ],
      "force_read_window_index": 2,
      "force_read_iteration_index": 11,
      "window_target_global_time_s": 30.0004,
      "dt_s": 0.0002,
      "D_previous_committed_m": [
        1.0464580731534774e-07,
        9.584711866676218e-08,
        0.0004163871573314992
      ],
      "D_trial_from_ancf_m": [
        5.192011203610898e-07,
        4.7397637421659807e-07,
        0.0004163880479186588
      ],
      "D_trial_interface_m": [
        5.192011203610898e-07,
        4.7397637421659807e-07
      ],
      "D_written_to_precice_m": [
        5.192011203610898e-07,
        4.7397637421659807e-07
      ],
      "written_motion_vector_m": [
        [
          5.192011203610898e-07,
          4.7397637421659807e-07
        ]
      ],
      "force_input_raw_N": [
        0.0628660404039898,
        0.05661278477813712,
        0.0
      ],
      "force_input_applied_N": [
        4.445527142853564,
        4.003332637882553,
        0.0
      ],
      "Fx_raw_N": 0.0628660404039898,
      "Fy_raw_N": 0.05661278477813712,
      "Fz_raw_N": 0.0,
      "Fx_section_Npm": 2.245215728713921,
      "Fy_section_Npm": 2.0218851706477543,
      "Fx_applied_N": 4.445527142853564,
      "Fy_applied_N": 4.003332637882553,
      "Fz_applied_N": 0.0,
      "returned_force_raw_N": [
        0.06344993856351266,
        0.05712271036537628,
        0.0
      ],
      "returned_force_applied_N": [
        4.48681708413411,
        4.0393916615516074,
        0.0
      ],
      "Fx_returned_raw_N": 0.06344993856351266,
      "Fy_returned_raw_N": 0.05712271036537628,
      "force_residual_raw_N": 0.0007752168504459861,
      "force_residual_applied_N": 0.05481890585296616,
      "trial_displacement_residual_m": 1.5725427608828142e-09,
      "written_motion_delta_m": 1.5725427608828142e-09,
      "checkpoint_request": false,
      "checkpoint_created": false,
      "rollback_request": true,
      "commit_status": "rolled_back",
      "iteration_events": [
        "force_iterate_submitted_to_ancf",
        "ancf_trial_solved_and_scattered",
        "trial_displacement_written_to_precice",
        "precice_advance_completed",
        "requires_reading_checkpoint_true",
        "force_read_at_retry_endpoint_dt",
        "physical_state_rolled_back_trial_retained_as_history"
      ],
      "time_window_complete": false,
      "convergence_status": "retry_required",
      "precice_max_iterations": 20,
      "ancf_newton_iterations": 3,
      "ancf_residual": 9.32296835287616e-08,
      "q_state_hash": "8e47302678ec75c896bb612afa12072d80485d76f90c29d6d8d5419d0b08ded9",
      "qdot_state_hash": "ea808a20e45d6d70ab9b8f3c39f7b6db0aeacb2cfe960697b8bbacfaac782835",
      "qddot_state_hash": "b87d24934a46192320aefcc18378ecfea81996826d2a778d102fcc207e2303fc"
    },
    {
      "case_id": "ANCF_SINGLE_SLICE_HIGHRE_0P2S_PREP_V1",
      "window_index": 2,
      "iteration_index": 12,
      "sequence": 25,
      "request_id": 910025,
      "transaction_id": 1910025,
      "transport_ids": {
        "sequence": 25,
        "request_id": 910025,
        "transaction_id": 1910025
      },
      "physical_identity": {
        "global_step": 2,
        "bridge_step": 2,
        "integer_tick": 400000,
        "time_s": 0.0004,
        "dt_s": 0.0002
      },
      "physical_time_s": 30.0004,
      "case_local_time_s": 0.0004,
      "force_source_global_time_s": 30.0004,
      "force_source_kind": "PRECEDING_PRECICE_ADVANCE_ITERATE",
      "force_input_source_global_time_s": 30.0004,
      "force_input_read_offset_s": 0.0002,
      "force_input_source_kind": "PRECEDING_PRECICE_ADVANCE_ITERATE",
      "force_input_vector_raw_N": [
        0.06344993856351266,
        0.05712271036537628,
        0.0
      ],
      "force_input_window_index": 2,
      "force_input_iteration_index": 12,
      "returned_force_source_global_time_s": 30.0004,
      "returned_force_source_kind": "CURRENT_WINDOW_ENDPOINT_RETRY_ITERATE",
      "force_source_time_global_s": 30.0004,
      "force_read_time_s": 0.0002,
      "force_read_offset_s": 0.0002,
      "force_read_source_global_time_s": 30.0004,
      "force_read_source_kind": "CURRENT_WINDOW_ENDPOINT_RETRY_ITERATE",
      "force_source_vector_raw_N": [
        0.06391705709113095,
        0.05753065083516761,
        0.0
      ],
      "force_read_vector_raw_N": [
        0.06391705709113095,
        0.05753065083516761,
        0.0
      ],
      "force_read_window_index": 2,
      "force_read_iteration_index": 12,
      "window_target_global_time_s": 30.0004,
      "dt_s": 0.0002,
      "D_previous_committed_m": [
        1.0464580731534774e-07,
        9.584711866676218e-08,
        0.0004163871573314992
      ],
      "D_trial_from_ancf_m": [
        5.201486795616647e-07,
        4.7480388955281877e-07,
        0.0004163880479182147
      ],
      "D_trial_interface_m": [
        5.201486795616647e-07,
        4.7480388955281877e-07
      ],
      "D_written_to_precice_m": [
        5.201486795616647e-07,
        4.7480388955281877e-07
      ],
      "written_motion_vector_m": [
        [
          5.201486795616647e-07,
          4.7480388955281877e-07
        ]
      ],
      "force_input_raw_N": [
        0.06344993856351266,
        0.05712271036537628,
        0.0
      ],
      "force_input_applied_N": [
        4.48681708413411,
        4.039391661551608,
        0.0
      ],
      "Fx_raw_N": 0.06344993856351266,
      "Fy_raw_N": 0.05712271036537628,
      "Fz_raw_N": 0.0,
      "Fx_section_Npm": 2.2660692344111664,
      "Fy_section_Npm": 2.0400967987634386,
      "Fx_applied_N": 4.48681708413411,
      "Fy_applied_N": 4.039391661551608,
      "Fz_applied_N": 0.0,
      "returned_force_raw_N": [
        0.06391705709113095,
        0.05753065083516761,
        0.0
      ],
      "returned_force_applied_N": [
        4.519849037158545,
        4.068238880486852,
        0.0
      ],
      "Fx_returned_raw_N": 0.06391705709113095,
      "Fy_returned_raw_N": 0.05753065083516761,
      "force_residual_raw_N": 0.0006201734803567854,
      "force_residual_applied_N": 0.043855124682372675,
      "trial_displacement_residual_m": 1.2580342087060033e-09,
      "written_motion_delta_m": 1.2580342087060033e-09,
      "checkpoint_request": false,
      "checkpoint_created": false,
      "rollback_request": true,
      "commit_status": "rolled_back",
      "iteration_events": [
        "force_iterate_submitted_to_ancf",
        "ancf_trial_solved_and_scattered",
        "trial_displacement_written_to_precice",
        "precice_advance_completed",
        "requires_reading_checkpoint_true",
        "force_read_at_retry_endpoint_dt",
        "physical_state_rolled_back_trial_retained_as_history"
      ],
      "time_window_complete": false,
      "convergence_status": "retry_required",
      "precice_max_iterations": 20,
      "ancf_newton_iterations": 3,
      "ancf_residual": 9.32296835287616e-08,
      "q_state_hash": "35ed9315927e1d991259f5da1f22e1c70ab3b990bc550ca0fb3918774c14d1a3",
      "qdot_state_hash": "b984c5677d5e501a1fdef9aa056654cf2c465daa41ea66e73d5cf6ff3194856d",
      "qddot_state_hash": "13ec909be409d2cf66ab0d8a15aa22653f69a4fee4fac05180ad0401d875faf8"
    },
    {
      "case_id": "ANCF_SINGLE_SLICE_HIGHRE_0P2S_PREP_V1",
      "window_index": 2,
      "iteration_index": 13,
      "sequence": 26,
      "request_id": 910026,
      "transaction_id": 1910026,
      "transport_ids": {
        "sequence": 26,
        "request_id": 910026,
        "transaction_id": 1910026
      },
      "physical_identity": {
        "global_step": 2,
        "bridge_step": 2,
        "integer_tick": 400000,
        "time_s": 0.0004,
        "dt_s": 0.0002
      },
      "physical_time_s": 30.0004,
      "case_local_time_s": 0.0004,
      "force_source_global_time_s": 30.0004,
      "force_source_kind": "PRECEDING_PRECICE_ADVANCE_ITERATE",
      "force_input_source_global_time_s": 30.0004,
      "force_input_read_offset_s": 0.0002,
      "force_input_source_kind": "PRECEDING_PRECICE_ADVANCE_ITERATE",
      "force_input_vector_raw_N": [
        0.06391705709113095,
        0.05753065083516761,
        0.0
      ],
      "force_input_window_index": 2,
      "force_input_iteration_index": 13,
      "returned_force_source_global_time_s": 30.0004,
      "returned_force_source_kind": "CURRENT_WINDOW_ENDPOINT_RETRY_ITERATE",
      "force_source_time_global_s": 30.0004,
      "force_read_time_s": 0.0002,
      "force_read_offset_s": 0.0002,
      "force_read_source_global_time_s": 30.0004,
      "force_read_source_kind": "CURRENT_WINDOW_ENDPOINT_RETRY_ITERATE",
      "force_source_vector_raw_N": [
        0.06429075191322559,
        0.05785700321100067,
        0.0
      ],
      "force_read_vector_raw_N": [
        0.06429075191322559,
        0.05785700321100067,
        0.0
      ],
      "force_read_window_index": 2,
      "force_read_iteration_index": 13,
      "window_target_global_time_s": 30.0004,
      "dt_s": 0.0002,
      "D_previous_committed_m": [
        1.0464580731534774e-07,
        9.584711866676218e-08,
        0.0004163871573314992
      ],
      "D_trial_from_ancf_m": [
        5.209067269221256e-07,
        4.7546590182179615e-07,
        0.0004163880479182147
      ],
      "D_trial_interface_m": [
        5.209067269221256e-07,
        4.7546590182179615e-07
      ],
      "D_written_to_precice_m": [
        5.209067269221256e-07,
        4.7546590182179615e-07
      ],
      "written_motion_vector_m": [
        [
          5.209067269221256e-07,
          4.7546590182179615e-07
        ]
      ],
      "force_input_raw_N": [
        0.06391705709113095,
        0.05753065083516761,
        0.0
      ],
      "force_input_applied_N": [
        4.519849037158546,
        4.068238880486852,
        0.0
      ],
      "Fx_raw_N": 0.06391705709113095,
      "Fy_raw_N": 0.05753065083516761,
      "Fz_raw_N": 0.0,
      "Fx_section_Npm": 2.2827520389689626,
      "Fy_section_Npm": 2.054666101255986,
      "Fx_applied_N": 4.519849037158546,
      "Fy_applied_N": 4.068238880486852,
      "Fz_applied_N": 0.0,
      "returned_force_raw_N": [
        0.06429075191322559,
        0.05785700321100067,
        0.0
      ],
      "returned_force_applied_N": [
        4.546274599578094,
        4.0913166556350475,
        0.0
      ],
      "Fx_returned_raw_N": 0.06429075191322559,
      "Fy_returned_raw_N": 0.05785700321100067,
      "force_residual_raw_N": 0.000496138784285431,
      "force_residual_applied_N": 0.03508409974589833,
      "trial_displacement_residual_m": 1.0064273669661204e-09,
      "written_motion_delta_m": 1.0064273669661204e-09,
      "checkpoint_request": false,
      "checkpoint_created": false,
      "rollback_request": true,
      "commit_status": "rolled_back",
      "iteration_events": [
        "force_iterate_submitted_to_ancf",
        "ancf_trial_solved_and_scattered",
        "trial_displacement_written_to_precice",
        "precice_advance_completed",
        "requires_reading_checkpoint_true",
        "force_read_at_retry_endpoint_dt",
        "physical_state_rolled_back_trial_retained_as_history"
      ],
      "time_window_complete": false,
      "convergence_status": "retry_required",
      "precice_max_iterations": 20,
      "ancf_newton_iterations": 3,
      "ancf_residual": 9.32296835287616e-08,
      "q_state_hash": "4120a6cf495ad2a5dc7cdbfd44fad94b834962f59e4adcb639ccd8800d09365b",
      "qdot_state_hash": "eb0ebeb7a68a4b7b6f90f7132b3e9c03ed6f5627befb97acfe1bd8870629a57b",
      "qddot_state_hash": "5475ff86fe729749cb007d1e5d4d50d999bdbc27ad52a4462fe2748e013fb0a0"
    },
    {
      "case_id": "ANCF_SINGLE_SLICE_HIGHRE_0P2S_PREP_V1",
      "window_index": 2,
      "iteration_index": 14,
      "sequence": 27,
      "request_id": 910027,
      "transaction_id": 1910027,
      "transport_ids": {
        "sequence": 27,
        "request_id": 910027,
        "transaction_id": 1910027
      },
      "physical_identity": {
        "global_step": 2,
        "bridge_step": 2,
        "integer_tick": 400000,
        "time_s": 0.0004,
        "dt_s": 0.0002
      },
      "physical_time_s": 30.0004,
      "case_local_time_s": 0.0004,
      "force_source_global_time_s": 30.0004,
      "force_source_kind": "PRECEDING_PRECICE_ADVANCE_ITERATE",
      "force_input_source_global_time_s": 30.0004,
      "force_input_read_offset_s": 0.0002,
      "force_input_source_kind": "PRECEDING_PRECICE_ADVANCE_ITERATE",
      "force_input_vector_raw_N": [
        0.06429075191322559,
        0.05785700321100067,
        0.0
      ],
      "force_input_window_index": 2,
      "force_input_iteration_index": 14,
      "returned_force_source_global_time_s": 30.0004,
      "returned_force_source_kind": "CURRENT_WINDOW_ENDPOINT_RETRY_ITERATE",
      "force_source_time_global_s": 30.0004,
      "force_read_time_s": 0.0002,
      "force_read_offset_s": 0.0002,
      "force_read_source_global_time_s": 30.0004,
      "force_read_source_kind": "CURRENT_WINDOW_ENDPOINT_RETRY_ITERATE",
      "force_source_vector_raw_N": [
        0.06458970777090128,
        0.05811808511166713,
        0.0
      ],
      "force_read_vector_raw_N": [
        0.06458970777090128,
        0.05811808511166713,
        0.0
      ],
      "force_read_window_index": 2,
      "force_read_iteration_index": 14,
      "window_target_global_time_s": 30.0004,
      "dt_s": 0.0002,
      "D_previous_committed_m": [
        1.0464580731534774e-07,
        9.584711866676218e-08,
        0.0004163871573314992
      ],
      "D_trial_from_ancf_m": [
        5.215131648104943e-07,
        4.7599551163697793e-07,
        0.0004163880479182147
      ],
      "D_trial_interface_m": [
        5.215131648104943e-07,
        4.7599551163697793e-07
      ],
      "D_written_to_precice_m": [
        5.215131648104943e-07,
        4.7599551163697793e-07
      ],
      "written_motion_vector_m": [
        [
          5.215131648104943e-07,
          4.7599551163697793e-07
        ]
      ],
      "force_input_raw_N": [
        0.06429075191322559,
        0.05785700321100067,
        0.0
      ],
      "force_input_applied_N": [
        4.546274599578095,
        4.0913166556350475,
        0.0
      ],
      "Fx_raw_N": 0.06429075191322559,
      "Fy_raw_N": 0.05785700321100067,
      "Fz_raw_N": 0.0,
      "Fx_section_Npm": 2.2960982826151994,
      "Fy_section_Npm": 2.066321543250024,
      "Fx_applied_N": 4.546274599578095,
      "Fy_applied_N": 4.0913166556350475,
      "Fz_applied_N": 0.0,
      "returned_force_raw_N": [
        0.06458970777090128,
        0.05811808511166713,
        0.0
      ],
      "returned_force_applied_N": [
        4.567415049513733,
        4.109778875753603,
        0.0
      ],
      "Fx_returned_raw_N": 0.06458970777090128,
      "Fy_returned_raw_N": 0.05811808511166713,
      "force_residual_raw_N": 0.00039691102742834004,
      "force_residual_applied_N": 0.02806727979671833,
      "trial_displacement_residual_m": 8.05141893572772e-10,
      "written_motion_delta_m": 8.05141893572772e-10,
      "checkpoint_request": false,
      "checkpoint_created": false,
      "rollback_request": true,
      "commit_status": "rolled_back",
      "iteration_events": [
        "force_iterate_submitted_to_ancf",
        "ancf_trial_solved_and_scattered",
        "trial_displacement_written_to_precice",
        "precice_advance_completed",
        "requires_reading_checkpoint_true",
        "force_read_at_retry_endpoint_dt",
        "physical_state_rolled_back_trial_retained_as_history"
      ],
      "time_window_complete": false,
      "convergence_status": "retry_required",
      "precice_max_iterations": 20,
      "ancf_newton_iterations": 3,
      "ancf_residual": 9.32296835287616e-08,
      "q_state_hash": "74f23cce65c43b1bd23eaa29814ff124afe3f283209e3fa6d304b8c9964b835e",
      "qdot_state_hash": "2b518abc6cd0d7b0485869b07d4f3a1ce8d3da459b33f435175683a358e1f3b2",
      "qddot_state_hash": "c42d9df6c2c67430e53556b74d42bc681b9118a2cd6b8c86f22e70ddf1f1de38"
    },
    {
      "case_id": "ANCF_SINGLE_SLICE_HIGHRE_0P2S_PREP_V1",
      "window_index": 2,
      "iteration_index": 15,
      "sequence": 28,
      "request_id": 910028,
      "transaction_id": 1910028,
      "transport_ids": {
        "sequence": 28,
        "request_id": 910028,
        "transaction_id": 1910028
      },
      "physical_identity": {
        "global_step": 2,
        "bridge_step": 2,
        "integer_tick": 400000,
        "time_s": 0.0004,
        "dt_s": 0.0002
      },
      "physical_time_s": 30.0004,
      "case_local_time_s": 0.0004,
      "force_source_global_time_s": 30.0004,
      "force_source_kind": "PRECEDING_PRECICE_ADVANCE_ITERATE",
      "force_input_source_global_time_s": 30.0004,
      "force_input_read_offset_s": 0.0002,
      "force_input_source_kind": "PRECEDING_PRECICE_ADVANCE_ITERATE",
      "force_input_vector_raw_N": [
        0.06458970777090128,
        0.05811808511166713,
        0.0
      ],
      "force_input_window_index": 2,
      "force_input_iteration_index": 15,
      "returned_force_source_global_time_s": 30.0004,
      "returned_force_source_kind": "CURRENT_WINDOW_ENDPOINT_RETRY_ITERATE",
      "force_source_time_global_s": 30.0004,
      "force_read_time_s": 0.0002,
      "force_read_offset_s": 0.0002,
      "force_read_source_global_time_s": 30.0004,
      "force_read_source_kind": "CURRENT_WINDOW_ENDPOINT_RETRY_ITERATE",
      "force_source_vector_raw_N": [
        0.06482887245704184,
        0.05832695063220029,
        0.0
      ],
      "force_read_vector_raw_N": [
        0.06482887245704184,
        0.05832695063220029,
        0.0
      ],
      "force_read_window_index": 2,
      "force_read_iteration_index": 15,
      "window_target_global_time_s": 30.0004,
      "dt_s": 0.0002,
      "D_previous_committed_m": [
        1.0464580731534774e-07,
        9.584711866676218e-08,
        0.0004163871573314992
      ],
      "D_trial_from_ancf_m": [
        5.219983151211884e-07,
        4.7641919948912254e-07,
        0.0004163880479182147
      ],
      "D_trial_interface_m": [
        5.219983151211884e-07,
        4.7641919948912254e-07
      ],
      "D_written_to_precice_m": [
        5.219983151211884e-07,
        4.7641919948912254e-07
      ],
      "written_motion_vector_m": [
        [
          5.219983151211884e-07,
          4.7641919948912254e-07
        ]
      ],
      "force_input_raw_N": [
        0.06458970777090128,
        0.05811808511166713,
        0.0
      ],
      "force_input_applied_N": [
        4.567415049513734,
        4.109778875753604,
        0.0
      ],
      "Fx_raw_N": 0.06458970777090128,
      "Fy_raw_N": 0.05811808511166713,
      "Fz_raw_N": 0.0,
      "Fx_section_Npm": 2.306775277532189,
      "Fy_section_Npm": 2.0756458968452547,
      "Fx_applied_N": 4.567415049513734,
      "Fy_applied_N": 4.109778875753604,
      "Fz_applied_N": 0.0,
      "returned_force_raw_N": [
        0.06482887245704184,
        0.05832695063220029,
        0.0
      ],
      "returned_force_applied_N": [
        4.584327409462245,
        4.124548651848449,
        0.0
      ],
      "Fx_returned_raw_N": 0.06482887245704184,
      "Fy_returned_raw_N": 0.05832695063220029,
      "force_residual_raw_N": 0.0003175288219426723,
      "force_residual_applied_N": 0.022453823837374685,
      "trial_displacement_residual_m": 6.441135148570273e-10,
      "written_motion_delta_m": 6.441135148570273e-10,
      "checkpoint_request": false,
      "checkpoint_created": false,
      "rollback_request": true,
      "commit_status": "rolled_back",
      "iteration_events": [
        "force_iterate_submitted_to_ancf",
        "ancf_trial_solved_and_scattered",
        "trial_displacement_written_to_precice",
        "precice_advance_completed",
        "requires_reading_checkpoint_true",
        "force_read_at_retry_endpoint_dt",
        "physical_state_rolled_back_trial_retained_as_history"
      ],
      "time_window_complete": false,
      "convergence_status": "retry_required",
      "precice_max_iterations": 20,
      "ancf_newton_iterations": 3,
      "ancf_residual": 9.32296835287616e-08,
      "q_state_hash": "23d47b24e197214128fbfff3c30adaebb585d3d8fb41414e130194897281b750",
      "qdot_state_hash": "5b563660bc1ce7256090cc1ebe7b4b88737476f6d205172baa6e23739b15c55e",
      "qddot_state_hash": "f3ea541fbc7cbefcec499116ad185078278a7ff8c2ad1fa828b77615fb9017b7"
    },
    {
      "case_id": "ANCF_SINGLE_SLICE_HIGHRE_0P2S_PREP_V1",
      "window_index": 2,
      "iteration_index": 16,
      "sequence": 29,
      "request_id": 910029,
      "transaction_id": 1910029,
      "transport_ids": {
        "sequence": 29,
        "request_id": 910029,
        "transaction_id": 1910029
      },
      "physical_identity": {
        "global_step": 2,
        "bridge_step": 2,
        "integer_tick": 400000,
        "time_s": 0.0004,
        "dt_s": 0.0002
      },
      "physical_time_s": 30.0004,
      "case_local_time_s": 0.0004,
      "force_source_global_time_s": 30.0004,
      "force_source_kind": "PRECEDING_PRECICE_ADVANCE_ITERATE",
      "force_input_source_global_time_s": 30.0004,
      "force_input_read_offset_s": 0.0002,
      "force_input_source_kind": "PRECEDING_PRECICE_ADVANCE_ITERATE",
      "force_input_vector_raw_N": [
        0.06482887245704184,
        0.05832695063220029,
        0.0
      ],
      "force_input_window_index": 2,
      "force_input_iteration_index": 16,
      "returned_force_source_global_time_s": 30.0004,
      "returned_force_source_kind": "CURRENT_WINDOW_ENDPOINT_RETRY_ITERATE",
      "force_source_time_global_s": 30.0004,
      "force_read_time_s": 0.0002,
      "force_read_offset_s": 0.0002,
      "force_read_source_global_time_s": 30.0004,
      "force_read_source_kind": "CURRENT_WINDOW_ENDPOINT_RETRY_ITERATE",
      "force_source_vector_raw_N": [
        0.0650202042059543,
        0.05849404304862681,
        0.0
      ],
      "force_read_vector_raw_N": [
        0.0650202042059543,
        0.05849404304862681,
        0.0
      ],
      "force_read_window_index": 2,
      "force_read_iteration_index": 16,
      "window_target_global_time_s": 30.0004,
      "dt_s": 0.0002,
      "D_previous_committed_m": [
        1.0464580731534774e-07,
        9.584711866676218e-08,
        0.0004163871573314992
      ],
      "D_trial_from_ancf_m": [
        5.223864353697439e-07,
        4.7675814977083857e-07,
        0.0004163880479186588
      ],
      "D_trial_interface_m": [
        5.223864353697439e-07,
        4.7675814977083857e-07
      ],
      "D_written_to_precice_m": [
        5.223864353697439e-07,
        4.7675814977083857e-07
      ],
      "written_motion_vector_m": [
        [
          5.223864353697439e-07,
          4.7675814977083857e-07
        ]
      ],
      "force_input_raw_N": [
        0.06482887245704184,
        0.05832695063220029,
        0.0
      ],
      "force_input_applied_N": [
        4.584327409462245,
        4.124548651848449,
        0.0
      ],
      "Fx_raw_N": 0.06482887245704184,
      "Fy_raw_N": 0.05832695063220029,
      "Fz_raw_N": 0.0,
      "Fx_section_Npm": 2.3153168734657803,
      "Fy_section_Npm": 2.083105379721439,
      "Fx_applied_N": 4.584327409462245,
      "Fy_applied_N": 4.124548651848449,
      "Fz_applied_N": 0.0,
      "returned_force_raw_N": [
        0.0650202042059543,
        0.05849404304862681,
        0.0
      ],
      "returned_force_applied_N": [
        4.597857297421053,
        4.136364472724324,
        0.0
      ],
      "Fx_returned_raw_N": 0.0650202042059543,
      "Fy_returned_raw_N": 0.05849404304862681,
      "force_residual_raw_N": 0.000254023057554136,
      "force_residual_applied_N": 0.017963059069899617,
      "trial_displacement_residual_m": 5.152908118860203e-10,
      "written_motion_delta_m": 5.152908118860203e-10,
      "checkpoint_request": false,
      "checkpoint_created": false,
      "rollback_request": true,
      "commit_status": "rolled_back",
      "iteration_events": [
        "force_iterate_submitted_to_ancf",
        "ancf_trial_solved_and_scattered",
        "trial_displacement_written_to_precice",
        "precice_advance_completed",
        "requires_reading_checkpoint_true",
        "force_read_at_retry_endpoint_dt",
        "physical_state_rolled_back_trial_retained_as_history"
      ],
      "time_window_complete": false,
      "convergence_status": "retry_required",
      "precice_max_iterations": 20,
      "ancf_newton_iterations": 3,
      "ancf_residual": 9.32296835287616e-08,
      "q_state_hash": "55b93a4cacb55e420d9a6fdc4c3d0ebfe141235f21102c2996e6fccb357fa3b9",
      "qdot_state_hash": "4c7bf12602763eed5f1e0e22569f5d9806e6461d1a658b7957dd860fef81f8a4",
      "qddot_state_hash": "44cf3240546f6f18db7228945ec5c37472679ce791afc2acddfc08f246667c12"
    },
    {
      "case_id": "ANCF_SINGLE_SLICE_HIGHRE_0P2S_PREP_V1",
      "window_index": 2,
      "iteration_index": 17,
      "sequence": 30,
      "request_id": 910030,
      "transaction_id": 1910030,
      "transport_ids": {
        "sequence": 30,
        "request_id": 910030,
        "transaction_id": 1910030
      },
      "physical_identity": {
        "global_step": 2,
        "bridge_step": 2,
        "integer_tick": 400000,
        "time_s": 0.0004,
        "dt_s": 0.0002
      },
      "physical_time_s": 30.0004,
      "case_local_time_s": 0.0004,
      "force_source_global_time_s": 30.0004,
      "force_source_kind": "PRECEDING_PRECICE_ADVANCE_ITERATE",
      "force_input_source_global_time_s": 30.0004,
      "force_input_read_offset_s": 0.0002,
      "force_input_source_kind": "PRECEDING_PRECICE_ADVANCE_ITERATE",
      "force_input_vector_raw_N": [
        0.0650202042059543,
        0.05849404304862681,
        0.0
      ],
      "force_input_window_index": 2,
      "force_input_iteration_index": 17,
      "returned_force_source_global_time_s": 30.0004,
      "returned_force_source_kind": "CURRENT_WINDOW_ENDPOINT_RETRY_ITERATE",
      "force_source_time_global_s": 30.0004,
      "force_read_time_s": 0.0002,
      "force_read_offset_s": 0.0002,
      "force_read_source_global_time_s": 30.0004,
      "force_read_source_kind": "CURRENT_WINDOW_ENDPOINT_RETRY_ITERATE",
      "force_source_vector_raw_N": [
        0.06517326960508425,
        0.05862771698176804,
        0.0
      ],
      "force_read_vector_raw_N": [
        0.06517326960508425,
        0.05862771698176804,
        0.0
      ],
      "force_read_window_index": 2,
      "force_read_iteration_index": 17,
      "window_target_global_time_s": 30.0004,
      "dt_s": 0.0002,
      "D_previous_committed_m": [
        1.0464580731534774e-07,
        9.584711866676218e-08,
        0.0004163871573314992
      ],
      "D_trial_from_ancf_m": [
        5.226969315685887e-07,
        4.770293099962117e-07,
        0.0004163880479182147
      ],
      "D_trial_interface_m": [
        5.226969315685887e-07,
        4.770293099962117e-07
      ],
      "D_written_to_precice_m": [
        5.226969315685887e-07,
        4.770293099962117e-07
      ],
      "written_motion_vector_m": [
        [
          5.226969315685887e-07,
          4.770293099962117e-07
        ]
      ],
      "force_input_raw_N": [
        0.0650202042059543,
        0.05849404304862681,
        0.0
      ],
      "force_input_applied_N": [
        4.597857297421053,
        4.136364472724325,
        0.0
      ],
      "Fx_raw_N": 0.0650202042059543,
      "Fy_raw_N": 0.05849404304862681,
      "Fz_raw_N": 0.0,
      "Fx_section_Npm": 2.322150150212653,
      "Fy_section_Npm": 2.0890729660223863,
      "Fx_applied_N": 4.597857297421053,
      "Fy_applied_N": 4.136364472724325,
      "Fz_applied_N": 0.0,
      "returned_force_raw_N": [
        0.06517326960508425,
        0.05862771698176804,
        0.0
      ],
      "returned_force_applied_N": [
        4.6086812077881,
        4.1458171294250254,
        0.0
      ],
      "Fx_returned_raw_N": 0.06517326960508425,
      "Fy_returned_raw_N": 0.05862771698176804,
      "force_residual_raw_N": 0.00020321844604331154,
      "force_residual_applied_N": 0.014370447255919886,
      "trial_displacement_residual_m": 4.1223264950939194e-10,
      "written_motion_delta_m": 4.1223264950939194e-10,
      "checkpoint_request": false,
      "checkpoint_created": false,
      "rollback_request": true,
      "commit_status": "rolled_back",
      "iteration_events": [
        "force_iterate_submitted_to_ancf",
        "ancf_trial_solved_and_scattered",
        "trial_displacement_written_to_precice",
        "precice_advance_completed",
        "requires_reading_checkpoint_true",
        "force_read_at_retry_endpoint_dt",
        "physical_state_rolled_back_trial_retained_as_history"
      ],
      "time_window_complete": false,
      "convergence_status": "retry_required",
      "precice_max_iterations": 20,
      "ancf_newton_iterations": 3,
      "ancf_residual": 9.32296835287616e-08,
      "q_state_hash": "a3d1a7dbf94ccb314a8970c9a14a62243657f81880b8a34e64d858f72ca3b3c3",
      "qdot_state_hash": "46b69fd897a2a2dba99abd913273bcc84ddb1b1e5b86f9fd0c02df913fea95dc",
      "qddot_state_hash": "22d3dc5e6e7de34d572b2cfda1e5533c944ec7fc9c2ab27f4962669755646d3b"
    },
    {
      "case_id": "ANCF_SINGLE_SLICE_HIGHRE_0P2S_PREP_V1",
      "window_index": 2,
      "iteration_index": 18,
      "sequence": 31,
      "request_id": 910031,
      "transaction_id": 1910031,
      "transport_ids": {
        "sequence": 31,
        "request_id": 910031,
        "transaction_id": 1910031
      },
      "physical_identity": {
        "global_step": 2,
        "bridge_step": 2,
        "integer_tick": 400000,
        "time_s": 0.0004,
        "dt_s": 0.0002
      },
      "physical_time_s": 30.0004,
      "case_local_time_s": 0.0004,
      "force_source_global_time_s": 30.0004,
      "force_source_kind": "PRECEDING_PRECICE_ADVANCE_ITERATE",
      "force_input_source_global_time_s": 30.0004,
      "force_input_read_offset_s": 0.0002,
      "force_input_source_kind": "PRECEDING_PRECICE_ADVANCE_ITERATE",
      "force_input_vector_raw_N": [
        0.06517326960508425,
        0.05862771698176804,
        0.0
      ],
      "force_input_window_index": 2,
      "force_input_iteration_index": 18,
      "returned_force_source_global_time_s": 30.0004,
      "returned_force_source_kind": "CURRENT_WINDOW_ENDPOINT_RETRY_ITERATE",
      "force_source_time_global_s": 30.0004,
      "force_read_time_s": 0.0002,
      "force_read_offset_s": 0.0002,
      "force_read_source_global_time_s": 30.0004,
      "force_read_source_kind": "CURRENT_WINDOW_ENDPOINT_RETRY_ITERATE",
      "force_source_vector_raw_N": [
        0.06529572192438822,
        0.058734656128281014,
        0.0
      ],
      "force_read_vector_raw_N": [
        0.06529572192438822,
        0.058734656128281014,
        0.0
      ],
      "force_read_window_index": 2,
      "force_read_iteration_index": 18,
      "window_target_global_time_s": 30.0004,
      "dt_s": 0.0002,
      "D_previous_committed_m": [
        1.0464580731534774e-07,
        9.584711866676218e-08,
        0.0004163871573314992
      ],
      "D_trial_from_ancf_m": [
        5.229453285276638e-07,
        4.772462381765096e-07,
        0.0004163880479182147
      ],
      "D_trial_interface_m": [
        5.229453285276638e-07,
        4.772462381765096e-07
      ],
      "D_written_to_precice_m": [
        5.229453285276638e-07,
        4.772462381765096e-07
      ],
      "written_motion_vector_m": [
        [
          5.229453285276638e-07,
          4.772462381765096e-07
        ]
      ],
      "force_input_raw_N": [
        0.06517326960508425,
        0.05862771698176804,
        0.0
      ],
      "force_input_applied_N": [
        4.6086812077881,
        4.1458171294250254,
        0.0
      ],
      "Fx_raw_N": 0.06517326960508425,
      "Fy_raw_N": 0.05862771698176804,
      "Fz_raw_N": 0.0,
      "Fx_section_Npm": 2.3276167716101517,
      "Fy_section_Npm": 2.093847035063144,
      "Fx_applied_N": 4.6086812077881,
      "Fy_applied_N": 4.1458171294250254,
      "Fz_applied_N": 0.0,
      "returned_force_raw_N": [
        0.06529572192438822,
        0.058734656128281014,
        0.0
      ],
      "returned_force_applied_N": [
        4.617340336081738,
        4.153379254785586,
        0.0
      ],
      "Fx_returned_raw_N": 0.06529572192438822,
      "Fy_returned_raw_N": 0.058734656128281014,
      "force_residual_raw_N": 0.00016257475683464651,
      "force_residual_applied_N": 0.011496357804735716,
      "trial_displacement_residual_m": 3.2978611960647564e-10,
      "written_motion_delta_m": 3.2978611960647564e-10,
      "checkpoint_request": false,
      "checkpoint_created": false,
      "rollback_request": true,
      "commit_status": "rolled_back",
      "iteration_events": [
        "force_iterate_submitted_to_ancf",
        "ancf_trial_solved_and_scattered",
        "trial_displacement_written_to_precice",
        "precice_advance_completed",
        "requires_reading_checkpoint_true",
        "force_read_at_retry_endpoint_dt",
        "physical_state_rolled_back_trial_retained_as_history"
      ],
      "time_window_complete": false,
      "convergence_status": "retry_required",
      "precice_max_iterations": 20,
      "ancf_newton_iterations": 3,
      "ancf_residual": 9.32296835287616e-08,
      "q_state_hash": "c65588aec48f8644892129446511461e73900736be3426f3ddfced908724f98f",
      "qdot_state_hash": "4cf15bac37f6e2162a463b7b88a10b7ab2ebd5bd13d4850d9d66d17b4ac8f35e",
      "qddot_state_hash": "e4a24c05daea7aad52c732bf9e16fc2482bc0906e0310684914058f9519879be"
    },
    {
      "case_id": "ANCF_SINGLE_SLICE_HIGHRE_0P2S_PREP_V1",
      "window_index": 2,
      "iteration_index": 19,
      "sequence": 32,
      "request_id": 910032,
      "transaction_id": 1910032,
      "transport_ids": {
        "sequence": 32,
        "request_id": 910032,
        "transaction_id": 1910032
      },
      "physical_identity": {
        "global_step": 2,
        "bridge_step": 2,
        "integer_tick": 400000,
        "time_s": 0.0004,
        "dt_s": 0.0002
      },
      "physical_time_s": 30.0004,
      "case_local_time_s": 0.0004,
      "force_source_global_time_s": 30.0004,
      "force_source_kind": "PRECEDING_PRECICE_ADVANCE_ITERATE",
      "force_input_source_global_time_s": 30.0004,
      "force_input_read_offset_s": 0.0002,
      "force_input_source_kind": "PRECEDING_PRECICE_ADVANCE_ITERATE",
      "force_input_vector_raw_N": [
        0.06529572192438822,
        0.058734656128281014,
        0.0
      ],
      "force_input_window_index": 2,
      "force_input_iteration_index": 19,
      "returned_force_source_global_time_s": 30.0004,
      "returned_force_source_kind": "CURRENT_WINDOW_ENDPOINT_RETRY_ITERATE",
      "force_source_time_global_s": 30.0004,
      "force_read_time_s": 0.0002,
      "force_read_offset_s": 0.0002,
      "force_read_source_global_time_s": 30.0004,
      "force_read_source_kind": "CURRENT_WINDOW_ENDPOINT_RETRY_ITERATE",
      "force_source_vector_raw_N": [
        0.0653936837798314,
        0.0588202074454914,
        0.0
      ],
      "force_read_vector_raw_N": [
        0.0653936837798314,
        0.0588202074454914,
        0.0
      ],
      "force_read_window_index": 2,
      "force_read_iteration_index": 19,
      "window_target_global_time_s": 30.0004,
      "dt_s": 0.0002,
      "D_previous_committed_m": [
        1.0464580731534774e-07,
        9.584711866676218e-08,
        0.0004163871573314992
      ],
      "D_trial_from_ancf_m": [
        5.231440460949244e-07,
        4.774197807207482e-07,
        0.0004163880479177706
      ],
      "D_trial_interface_m": [
        5.231440460949244e-07,
        4.774197807207482e-07
      ],
      "D_written_to_precice_m": [
        5.231440460949244e-07,
        4.774197807207482e-07
      ],
      "written_motion_vector_m": [
        [
          5.231440460949244e-07,
          4.774197807207482e-07
        ]
      ],
      "force_input_raw_N": [
        0.06529572192438822,
        0.058734656128281014,
        0.0
      ],
      "force_input_applied_N": [
        4.617340336081738,
        4.153379254785586,
        0.0
      ],
      "Fx_raw_N": 0.06529572192438822,
      "Fy_raw_N": 0.058734656128281014,
      "Fz_raw_N": 0.0,
      "Fx_section_Npm": 2.3319900687281505,
      "Fy_section_Npm": 2.0976662902957504,
      "Fx_applied_N": 4.617340336081738,
      "Fy_applied_N": 4.153379254785586,
      "Fz_applied_N": 0.0,
      "returned_force_raw_N": [
        0.0653936837798314,
        0.0588202074454914,
        0.0
      ],
      "returned_force_applied_N": [
        4.624267638716649,
        4.159428955074034,
        0.0
      ],
      "Fx_returned_raw_N": 0.0653936837798314,
      "Fy_returned_raw_N": 0.0588202074454914,
      "force_residual_raw_N": 0.00013005980546772713,
      "force_residual_applied_N": 0.009197086243789275,
      "trial_displacement_residual_m": 2.6382889568575227e-10,
      "written_motion_delta_m": 2.6382889568575227e-10,
      "checkpoint_request": false,
      "checkpoint_created": false,
      "rollback_request": true,
      "commit_status": "rolled_back",
      "iteration_events": [
        "force_iterate_submitted_to_ancf",
        "ancf_trial_solved_and_scattered",
        "trial_displacement_written_to_precice",
        "precice_advance_completed",
        "requires_reading_checkpoint_true",
        "force_read_at_retry_endpoint_dt",
        "physical_state_rolled_back_trial_retained_as_history"
      ],
      "time_window_complete": false,
      "convergence_status": "retry_required",
      "precice_max_iterations": 20,
      "ancf_newton_iterations": 3,
      "ancf_residual": 9.32296835287616e-08,
      "q_state_hash": "1ea108fa085c55829c2054cd34afb5096af894ef9c7172b35341f5b6d82ab6b6",
      "qdot_state_hash": "52ed3b7e8d3cc09fc0f0820114da2577b69350ec536fb1e79b479390b4299015",
      "qddot_state_hash": "4c9e8ecbc08674597151d7ac30731186857caba7398b9b29198e6acc7c7989d7"
    },
    {
      "case_id": "ANCF_SINGLE_SLICE_HIGHRE_0P2S_PREP_V1",
      "window_index": 2,
      "iteration_index": 20,
      "sequence": 33,
      "request_id": 910033,
      "transaction_id": 1910033,
      "transport_ids": {
        "sequence": 33,
        "request_id": 910033,
        "transaction_id": 1910033
      },
      "physical_identity": {
        "global_step": 2,
        "bridge_step": 2,
        "integer_tick": 400000,
        "time_s": 0.0004,
        "dt_s": 0.0002
      },
      "physical_time_s": 30.0004,
      "case_local_time_s": 0.0004,
      "force_source_global_time_s": 30.0004,
      "force_source_kind": "PRECEDING_PRECICE_ADVANCE_ITERATE",
      "force_input_source_global_time_s": 30.0004,
      "force_input_read_offset_s": 0.0002,
      "force_input_source_kind": "PRECEDING_PRECICE_ADVANCE_ITERATE",
      "force_input_vector_raw_N": [
        0.0653936837798314,
        0.0588202074454914,
        0.0
      ],
      "force_input_window_index": 2,
      "force_input_iteration_index": 20,
      "returned_force_source_global_time_s": 30.0004,
      "returned_force_source_kind": "ACCEPTED_WINDOW_BOUNDARY_FORCE",
      "force_source_time_global_s": 30.0004,
      "force_read_time_s": 0.0,
      "force_read_offset_s": 0.0,
      "force_read_source_global_time_s": 30.0004,
      "force_read_source_kind": "ACCEPTED_WINDOW_BOUNDARY_FORCE",
      "force_source_vector_raw_N": [
        0.06578553120160406,
        0.05916241271433292,
        0.0
      ],
      "force_read_vector_raw_N": [
        0.06578553120160406,
        0.05916241271433292,
        0.0
      ],
      "force_read_window_index": 2,
      "force_read_iteration_index": 20,
      "window_target_global_time_s": 30.0004,
      "dt_s": 0.0002,
      "D_previous_committed_m": [
        1.0464580731534774e-07,
        9.584711866676218e-08,
        0.0004163871573314992
      ],
      "D_trial_from_ancf_m": [
        5.233030201487327e-07,
        4.775586147561392e-07,
        0.0004163880479182147
      ],
      "D_trial_interface_m": [
        5.233030201487327e-07,
        4.775586147561392e-07
      ],
      "D_written_to_precice_m": [
        5.233030201487327e-07,
        4.775586147561392e-07
      ],
      "written_motion_vector_m": [
        [
          5.233030201487327e-07,
          4.775586147561392e-07
        ]
      ],
      "force_input_raw_N": [
        0.0653936837798314,
        0.0588202074454914,
        0.0
      ],
      "force_input_applied_N": [
        4.624267638716649,
        4.159428955074034,
        0.0
      ],
      "Fx_raw_N": 0.0653936837798314,
      "Fy_raw_N": 0.0588202074454914,
      "Fz_raw_N": 0.0,
      "Fx_section_Npm": 2.33548870642255,
      "Fy_section_Npm": 2.1007216944818357,
      "Fx_applied_N": 4.624267638716649,
      "Fy_applied_N": 4.159428955074034,
      "Fz_applied_N": 0.0,
      "returned_force_raw_N": [
        0.06578553120160406,
        0.05916241271433292,
        0.0
      ],
      "returned_force_applied_N": [
        4.651976849256287,
        4.1836277562278275,
        0.0
      ],
      "Fx_returned_raw_N": 0.06578553120160406,
      "Fy_returned_raw_N": 0.05916241271433292,
      "force_residual_raw_N": 0.000520239221870838,
      "force_residual_applied_N": 0.03678834497515211,
      "trial_displacement_residual_m": 2.110631165486097e-10,
      "written_motion_delta_m": 2.110631165486097e-10,
      "checkpoint_request": false,
      "checkpoint_created": false,
      "rollback_request": false,
      "commit_status": "committed",
      "iteration_events": [
        "force_iterate_submitted_to_ancf",
        "ancf_trial_solved_and_scattered",
        "trial_displacement_written_to_precice",
        "precice_advance_completed",
        "requires_reading_checkpoint_false",
        "force_read_at_accepted_window_start_zero",
        "accepted_trial_committed"
      ],
      "time_window_complete": true,
      "convergence_status": "ACCEPTED_AT_ITERATION_LIMIT",
      "precice_max_iterations": 20,
      "ancf_newton_iterations": 3,
      "ancf_residual": 9.32296835287616e-08,
      "q_state_hash": "8ca3090718ff43d561a3aec451ec21644c0cb8bbdf22f3375d6f8667bbc62088",
      "qdot_state_hash": "44025602defef245f146e06ea8776238e2b09a212f15a36ec40bda7f1e3a241a",
      "qddot_state_hash": "a5c7f1ca47f2db7002beba775ed34eb1308cc33aafe29ecf659f344b716f508f"
    },
    {
      "case_id": "ANCF_SINGLE_SLICE_HIGHRE_0P2S_PREP_V1",
      "window_index": 3,
      "iteration_index": 1,
      "sequence": 34,
      "request_id": 910034,
      "transaction_id": 1910034,
      "transport_ids": {
        "sequence": 34,
        "request_id": 910034,
        "transaction_id": 1910034
      },
      "physical_identity": {
        "global_step": 3,
        "bridge_step": 3,
        "integer_tick": 600000,
        "time_s": 0.0006000000000000001,
        "dt_s": 0.0002
      },
      "physical_time_s": 30.0006,
      "case_local_time_s": 0.0006000000000000001,
      "force_source_global_time_s": 30.0004,
      "force_source_kind": "PRECEDING_ACCEPTED_PRECICE_EXCHANGE",
      "force_input_source_global_time_s": 30.0004,
      "force_input_read_offset_s": 0.0,
      "force_input_source_kind": "PRECEDING_ACCEPTED_PRECICE_EXCHANGE",
      "force_input_vector_raw_N": [
        0.06578553120160406,
        0.05916241271433292,
        0.0
      ],
      "force_input_window_index": 3,
      "force_input_iteration_index": 1,
      "returned_force_source_global_time_s": 30.0006,
      "returned_force_source_kind": "CURRENT_WINDOW_ENDPOINT_RETRY_ITERATE",
      "force_source_time_global_s": 30.0006,
      "force_read_time_s": 0.0002,
      "force_read_offset_s": 0.0002,
      "force_read_source_global_time_s": 30.0006,
      "force_read_source_kind": "CURRENT_WINDOW_ENDPOINT_RETRY_ITERATE",
      "force_source_vector_raw_N": [
        -0.03725396868946759,
        -0.03502293885343326,
        0.0
      ],
      "force_read_vector_raw_N": [
        -0.03725396868946759,
        -0.03502293885343326,
        0.0
      ],
      "force_read_window_index": 3,
      "force_read_iteration_index": 1,
      "window_target_global_time_s": 30.0006,
      "dt_s": 0.0002,
      "D_previous_committed_m": [
        5.233030201487327e-07,
        4.775586147561392e-07,
        0.0004163880479182147
      ],
      "D_trial_from_ancf_m": [
        1.358622673307491e-06,
        1.2356613568516936e-06,
        0.0004163898290121537
      ],
      "D_trial_interface_m": [
        1.358622673307491e-06,
        1.2356613568516936e-06
      ],
      "D_written_to_precice_m": [
        1.358622673307491e-06,
        1.2356613568516936e-06
      ],
      "written_motion_vector_m": [
        [
          1.358622673307491e-06,
          1.2356613568516936e-06
        ]
      ],
      "force_input_raw_N": [
        0.06578553120160406,
        0.05916241271433292,
        0.0
      ],
      "force_input_applied_N": [
        4.651976849256287,
        4.1836277562278275,
        0.0
      ],
      "Fx_raw_N": 0.06578553120160406,
      "Fy_raw_N": 0.05916241271433292,
      "Fz_raw_N": 0.0,
      "Fx_section_Npm": 2.349483257200145,
      "Fy_section_Npm": 2.1129433112261755,
      "Fx_applied_N": 4.651976849256287,
      "Fy_applied_N": 4.1836277562278275,
      "Fz_applied_N": 0.0,
      "returned_force_raw_N": [
        -0.03725396868946759,
        -0.03502293885343326,
        0.0
      ],
      "returned_force_applied_N": [
        -2.634387785898065,
        -2.4766221046356374,
        0.0
      ],
      "Fx_returned_raw_N": -0.03725396868946759,
      "Fy_returned_raw_N": -0.03502293885343326,
      "force_residual_raw_N": 0.13959949494086957,
      "force_residual_applied_N": 9.871678570818633,
      "trial_displacement_residual_m": 1.1280419719700445e-06,
      "written_motion_delta_m": null,
      "checkpoint_request": true,
      "checkpoint_created": true,
      "rollback_request": true,
      "commit_status": "rolled_back",
      "iteration_events": [
        "physical_checkpoint_created",
        "force_iterate_submitted_to_ancf",
        "ancf_trial_solved_and_scattered",
        "trial_displacement_written_to_precice",
        "precice_advance_completed",
        "requires_reading_checkpoint_true",
        "force_read_at_retry_endpoint_dt",
        "physical_state_rolled_back_trial_retained_as_history"
      ],
      "time_window_complete": false,
      "convergence_status": "retry_required",
      "precice_max_iterations": 20,
      "ancf_newton_iterations": 3,
      "ancf_residual": 9.540127887674998e-08,
      "q_state_hash": "1ddefcd3342887ca3ac277d375d734666da95e6db297b838368fd2b2931be605",
      "qdot_state_hash": "f0499e0279f843e4f635c7716bdb3f77a8069e4a589ebd2a9e193d65637da082",
      "qddot_state_hash": "4cabdc32b9e331528e20c8bb23d328ba030f9815fb97ca7ea287b8462b3d057c"
    },
    {
      "case_id": "ANCF_SINGLE_SLICE_HIGHRE_0P2S_PREP_V1",
      "window_index": 3,
      "iteration_index": 2,
      "sequence": 35,
      "request_id": 910035,
      "transaction_id": 1910035,
      "transport_ids": {
        "sequence": 35,
        "request_id": 910035,
        "transaction_id": 1910035
      },
      "physical_identity": {
        "global_step": 3,
        "bridge_step": 3,
        "integer_tick": 600000,
        "time_s": 0.0006000000000000001,
        "dt_s": 0.0002
      },
      "physical_time_s": 30.0006,
      "case_local_time_s": 0.0006000000000000001,
      "force_source_global_time_s": 30.0006,
      "force_source_kind": "PRECEDING_PRECICE_ADVANCE_ITERATE",
      "force_input_source_global_time_s": 30.0006,
      "force_input_read_offset_s": 0.0002,
      "force_input_source_kind": "PRECEDING_PRECICE_ADVANCE_ITERATE",
      "force_input_vector_raw_N": [
        -0.03725396868946759,
        -0.03502293885343326,
        0.0
      ],
      "force_input_window_index": 3,
      "force_input_iteration_index": 2,
      "returned_force_source_global_time_s": 30.0006,
      "returned_force_source_kind": "CURRENT_WINDOW_ENDPOINT_RETRY_ITERATE",
      "force_source_time_global_s": 30.0006,
      "force_read_time_s": 0.0002,
      "force_read_offset_s": 0.0002,
      "force_read_source_global_time_s": 30.0006,
      "force_read_source_kind": "CURRENT_WINDOW_ENDPOINT_RETRY_ITERATE",
      "force_source_vector_raw_N": [
        -0.016607118251688886,
        -0.01617985101589672,
        0.0
      ],
      "force_read_vector_raw_N": [
        -0.016607118251688886,
        -0.01617985101589672,
        0.0
      ],
      "force_read_window_index": 3,
      "force_read_iteration_index": 2,
      "window_target_global_time_s": 30.0006,
      "dt_s": 0.0002,
      "D_previous_committed_m": [
        5.233030201487327e-07,
        4.775586147561392e-07,
        0.0004163880479182147
      ],
      "D_trial_from_ancf_m": [
        1.1914085375475235e-06,
        1.082815873514506e-06,
        0.00041638982901881505
      ],
      "D_trial_interface_m": [
        1.1914085375475235e-06,
        1.082815873514506e-06
      ],
      "D_written_to_precice_m": [
        1.1914085375475235e-06,
        1.082815873514506e-06
      ],
      "written_motion_vector_m": [
        [
          1.1914085375475235e-06,
          1.082815873514506e-06
        ]
      ],
      "force_input_raw_N": [
        -0.03725396868946759,
        -0.03502293885343326,
        0.0
      ],
      "force_input_applied_N": [
        -2.634387785898065,
        -2.476622104635638,
        0.0
      ],
      "Fx_raw_N": -0.03725396868946759,
      "Fy_raw_N": -0.03502293885343326,
      "Fz_raw_N": 0.0,
      "Fx_section_Npm": -1.3304988817666996,
      "Fy_section_Npm": -1.2508192447654736,
      "Fx_applied_N": -2.634387785898065,
      "Fy_applied_N": -2.476622104635638,
      "Fz_applied_N": 0.0,
      "returned_force_raw_N": [
        -0.016607118251688886,
        -0.01617985101589672,
        0.0
      ],
      "returned_force_applied_N": [
        -1.1743605049408568,
        -1.1441466075526965,
        0.0
      ],
      "Fx_returned_raw_N": -0.016607118251688886,
      "Fy_returned_raw_N": -0.01617985101589672,
      "force_residual_raw_N": 0.02795271708176363,
      "force_residual_applied_N": 1.976656422210428,
      "trial_displacement_residual_m": 2.2654427596946993e-07,
      "written_motion_delta_m": 2.2654427596946993e-07,
      "checkpoint_request": false,
      "checkpoint_created": false,
      "rollback_request": true,
      "commit_status": "rolled_back",
      "iteration_events": [
        "force_iterate_submitted_to_ancf",
        "ancf_trial_solved_and_scattered",
        "trial_displacement_written_to_precice",
        "precice_advance_completed",
        "requires_reading_checkpoint_true",
        "force_read_at_retry_endpoint_dt",
        "physical_state_rolled_back_trial_retained_as_history"
      ],
      "time_window_complete": false,
      "convergence_status": "retry_required",
      "precice_max_iterations": 20,
      "ancf_newton_iterations": 3,
      "ancf_residual": 9.540127887674998e-08,
      "q_state_hash": "4cb8323cfff80eacb322a312b744ed13bc813fe20a2902cfb663289d011b728e",
      "qdot_state_hash": "4d3262bbc820c3e64a1cfc40c0760003288a0a471c312cac64194a3988adc3c6",
      "qddot_state_hash": "432c3808b07de790c5b3363725f32a7fd79ff842909e98d93aef91cbf368b42b"
    },
    {
      "case_id": "ANCF_SINGLE_SLICE_HIGHRE_0P2S_PREP_V1",
      "window_index": 3,
      "iteration_index": 3,
      "sequence": 36,
      "request_id": 910036,
      "transaction_id": 1910036,
      "transport_ids": {
        "sequence": 36,
        "request_id": 910036,
        "transaction_id": 1910036
      },
      "physical_identity": {
        "global_step": 3,
        "bridge_step": 3,
        "integer_tick": 600000,
        "time_s": 0.0006000000000000001,
        "dt_s": 0.0002
      },
      "physical_time_s": 30.0006,
      "case_local_time_s": 0.0006000000000000001,
      "force_source_global_time_s": 30.0006,
      "force_source_kind": "PRECEDING_PRECICE_ADVANCE_ITERATE",
      "force_input_source_global_time_s": 30.0006,
      "force_input_read_offset_s": 0.0002,
      "force_input_source_kind": "PRECEDING_PRECICE_ADVANCE_ITERATE",
      "force_input_vector_raw_N": [
        -0.016607118251688886,
        -0.01617985101589672,
        0.0
      ],
      "force_input_window_index": 3,
      "force_input_iteration_index": 3,
      "returned_force_source_global_time_s": 30.0006,
      "returned_force_source_kind": "CURRENT_WINDOW_ENDPOINT_RETRY_ITERATE",
      "force_source_time_global_s": 30.0006,
      "force_read_time_s": 0.0002,
      "force_read_offset_s": 0.0002,
      "force_read_source_global_time_s": 30.0006,
      "force_read_source_kind": "CURRENT_WINDOW_ENDPOINT_RETRY_ITERATE",
      "force_source_vector_raw_N": [
        -8.97812479290546e-05,
        -0.0011056233159383467,
        0.0
      ],
      "force_read_vector_raw_N": [
        -8.97812479290546e-05,
        -0.0011056233159383467,
        0.0
      ],
      "force_read_window_index": 3,
      "force_read_iteration_index": 3,
      "window_target_global_time_s": 30.0006,
      "dt_s": 0.0002,
      "D_previous_committed_m": [
        5.233030201487327e-07,
        4.775586147561392e-07,
        0.0004163880479182147
      ],
      "D_trial_from_ancf_m": [
        1.2249145741247384e-06,
        1.1133947355165038e-06,
        0.0004163898290174828
      ],
      "D_trial_interface_m": [
        1.2249145741247384e-06,
        1.1133947355165038e-06
      ],
      "D_written_to_precice_m": [
        1.2249145741247384e-06,
        1.1133947355165038e-06
      ],
      "written_motion_vector_m": [
        [
          1.2249145741247384e-06,
          1.1133947355165038e-06
        ]
      ],
      "force_input_raw_N": [
        -0.016607118251688886,
        -0.01617985101589672,
        0.0
      ],
      "force_input_applied_N": [
        -1.1743605049408568,
        -1.1441466075526967,
        0.0
      ],
      "Fx_raw_N": -0.016607118251688886,
      "Fy_raw_N": -0.01617985101589672,
      "Fz_raw_N": 0.0,
      "Fx_section_Npm": -0.5931113661317459,
      "Fy_section_Npm": -0.5778518219963115,
      "Fx_applied_N": -1.1743605049408568,
      "Fy_applied_N": -1.1441466075526967,
      "Fz_applied_N": 0.0,
      "returned_force_raw_N": [
        -8.97812479290546e-05,
        -0.0011056233159383467,
        0.0
      ],
      "returned_force_applied_N": [
        -0.00634881681784029,
        -0.07818336305564022,
        0.0
      ],
      "Fx_returned_raw_N": -8.97812479290546e-05,
      "Fy_returned_raw_N": -0.0011056233159383467,
      "force_residual_raw_N": 0.022361904266988673,
      "force_residual_applied_N": 1.5813060874513418,
      "trial_displacement_residual_m": 4.5362112918722086e-08,
      "written_motion_delta_m": 4.5362112918722086e-08,
      "checkpoint_request": false,
      "checkpoint_created": false,
      "rollback_request": true,
      "commit_status": "rolled_back",
      "iteration_events": [
        "force_iterate_submitted_to_ancf",
        "ancf_trial_solved_and_scattered",
        "trial_displacement_written_to_precice",
        "precice_advance_completed",
        "requires_reading_checkpoint_true",
        "force_read_at_retry_endpoint_dt",
        "physical_state_rolled_back_trial_retained_as_history"
      ],
      "time_window_complete": false,
      "convergence_status": "retry_required",
      "precice_max_iterations": 20,
      "ancf_newton_iterations": 3,
      "ancf_residual": 9.540127887674998e-08,
      "q_state_hash": "74b0f761a39f4bd90811c75b9f41a59d80eb74a7c601121a889810d94148b904",
      "qdot_state_hash": "89ddb59bebb5eccbd942f468aef9618a431e0ea8901625f942f12da0593a8e7d",
      "qddot_state_hash": "154b69427e19241148798b8cb9b4dee235f1140b22b183dfe16ac85c20ce7867"
    },
    {
      "case_id": "ANCF_SINGLE_SLICE_HIGHRE_0P2S_PREP_V1",
      "window_index": 3,
      "iteration_index": 4,
      "sequence": 37,
      "request_id": 910037,
      "transaction_id": 1910037,
      "transport_ids": {
        "sequence": 37,
        "request_id": 910037,
        "transaction_id": 1910037
      },
      "physical_identity": {
        "global_step": 3,
        "bridge_step": 3,
        "integer_tick": 600000,
        "time_s": 0.0006000000000000001,
        "dt_s": 0.0002
      },
      "physical_time_s": 30.0006,
      "case_local_time_s": 0.0006000000000000001,
      "force_source_global_time_s": 30.0006,
      "force_source_kind": "PRECEDING_PRECICE_ADVANCE_ITERATE",
      "force_input_source_global_time_s": 30.0006,
      "force_input_read_offset_s": 0.0002,
      "force_input_source_kind": "PRECEDING_PRECICE_ADVANCE_ITERATE",
      "force_input_vector_raw_N": [
        -8.97812479290546e-05,
        -0.0011056233159383467,
        0.0
      ],
      "force_input_window_index": 3,
      "force_input_iteration_index": 4,
      "returned_force_source_global_time_s": 30.0006,
      "returned_force_source_kind": "CURRENT_WINDOW_ENDPOINT_RETRY_ITERATE",
      "force_source_time_global_s": 30.0006,
      "force_read_time_s": 0.0002,
      "force_read_offset_s": 0.0002,
      "force_read_source_global_time_s": 30.0006,
      "force_read_source_kind": "CURRENT_WINDOW_ENDPOINT_RETRY_ITERATE",
      "force_source_vector_raw_N": [
        0.013124231701541946,
        0.010954001414099211,
        0.0
      ],
      "force_read_vector_raw_N": [
        0.013124231701541946,
        0.010954001414099211,
        0.0
      ],
      "force_read_window_index": 3,
      "force_read_iteration_index": 4,
      "window_target_global_time_s": 30.0006,
      "dt_s": 0.0002,
      "D_previous_committed_m": [
        5.233030201487327e-07,
        4.775586147561392e-07,
        0.0004163880479182147
      ],
      "D_trial_from_ancf_m": [
        1.2517191707611553e-06,
        1.1378574314711411e-06,
        0.0004163898290170387
      ],
      "D_trial_interface_m": [
        1.2517191707611553e-06,
        1.1378574314711411e-06
      ],
      "D_written_to_precice_m": [
        1.2517191707611553e-06,
        1.1378574314711411e-06
      ],
      "written_motion_vector_m": [
        [
          1.2517191707611553e-06,
          1.1378574314711411e-06
        ]
      ],
      "force_input_raw_N": [
        -8.97812479290546e-05,
        -0.0011056233159383467,
        0.0
      ],
      "force_input_applied_N": [
        -0.0063488168178402905,
        -0.07818336305564023,
        0.0
      ],
      "Fx_raw_N": -8.97812479290546e-05,
      "Fy_raw_N": -0.0011056233159383467,
      "Fz_raw_N": 0.0,
      "Fx_section_Npm": -0.003206473140323379,
      "Fy_section_Npm": -0.0394865469977981,
      "Fx_applied_N": -0.0063488168178402905,
      "Fy_applied_N": -0.07818336305564023,
      "Fz_applied_N": 0.0,
      "returned_force_raw_N": [
        0.013124231701541946,
        0.010954001414099211,
        0.0
      ],
      "returned_force_applied_N": [
        0.9280706703233232,
        0.7746043857113013,
        0.0
      ],
      "Fx_returned_raw_N": 0.013124231701541946,
      "Fy_returned_raw_N": 0.010954001414099211,
      "force_residual_raw_N": 0.017889792812051254,
      "force_residual_applied_N": 1.2650639202807672,
      "trial_displacement_residual_m": 3.628925315034803e-08,
      "written_motion_delta_m": 3.628925315034803e-08,
      "checkpoint_request": false,
      "checkpoint_created": false,
      "rollback_request": true,
      "commit_status": "rolled_back",
      "iteration_events": [
        "force_iterate_submitted_to_ancf",
        "ancf_trial_solved_and_scattered",
        "trial_displacement_written_to_precice",
        "precice_advance_completed",
        "requires_reading_checkpoint_true",
        "force_read_at_retry_endpoint_dt",
        "physical_state_rolled_back_trial_retained_as_history"
      ],
      "time_window_complete": false,
      "convergence_status": "retry_required",
      "precice_max_iterations": 20,
      "ancf_newton_iterations": 3,
      "ancf_residual": 9.540127887674998e-08,
      "q_state_hash": "d0a522013b912e209a2e0b80ae53ac9f9e53471915a5beb2703b113ee811fb39",
      "qdot_state_hash": "f022d3dbc45eb5366474fb6bdce8e2e038321fe9d02ede61d10cc1a6d077cc29",
      "qddot_state_hash": "bb4127e7fda0d07a229e21e417382156cdb7e869d4967fc4ea83551c030b57df"
    },
    {
      "case_id": "ANCF_SINGLE_SLICE_HIGHRE_0P2S_PREP_V1",
      "window_index": 3,
      "iteration_index": 5,
      "sequence": 38,
      "request_id": 910038,
      "transaction_id": 1910038,
      "transport_ids": {
        "sequence": 38,
        "request_id": 910038,
        "transaction_id": 1910038
      },
      "physical_identity": {
        "global_step": 3,
        "bridge_step": 3,
        "integer_tick": 600000,
        "time_s": 0.0006000000000000001,
        "dt_s": 0.0002
      },
      "physical_time_s": 30.0006,
      "case_local_time_s": 0.0006000000000000001,
      "force_source_global_time_s": 30.0006,
      "force_source_kind": "PRECEDING_PRECICE_ADVANCE_ITERATE",
      "force_input_source_global_time_s": 30.0006,
      "force_input_read_offset_s": 0.0002,
      "force_input_source_kind": "PRECEDING_PRECICE_ADVANCE_ITERATE",
      "force_input_vector_raw_N": [
        0.013124231701541946,
        0.010954001414099211,
        0.0
      ],
      "force_input_window_index": 3,
      "force_input_iteration_index": 5,
      "returned_force_source_global_time_s": 30.0006,
      "returned_force_source_kind": "CURRENT_WINDOW_ENDPOINT_RETRY_ITERATE",
      "force_source_time_global_s": 30.0006,
      "force_read_time_s": 0.0002,
      "force_read_offset_s": 0.0002,
      "force_read_source_global_time_s": 30.0006,
      "force_read_source_kind": "CURRENT_WINDOW_ENDPOINT_RETRY_ITERATE",
      "force_source_vector_raw_N": [
        0.02369529871465561,
        0.0206014586280584,
        0.0
      ],
      "force_read_vector_raw_N": [
        0.02369529871465561,
        0.0206014586280584,
        0.0
      ],
      "force_read_window_index": 3,
      "force_read_iteration_index": 5,
      "window_target_global_time_s": 30.0006,
      "dt_s": 0.0002,
      "D_previous_committed_m": [
        5.233030201487327e-07,
        4.775586147561392e-07,
        0.0004163880479182147
      ],
      "D_trial_from_ancf_m": [
        1.2731630806949167e-06,
        1.1574279818811496e-06,
        0.0004163898290157064
      ],
      "D_trial_interface_m": [
        1.2731630806949167e-06,
        1.1574279818811496e-06
      ],
      "D_written_to_precice_m": [
        1.2731630806949167e-06,
        1.1574279818811496e-06
      ],
      "written_motion_vector_m": [
        [
          1.2731630806949167e-06,
          1.1574279818811496e-06
        ]
      ],
      "force_input_raw_N": [
        0.013124231701541946,
        0.010954001414099211,
        0.0
      ],
      "force_input_applied_N": [
        0.9280706703233232,
        0.7746043857113014,
        0.0
      ],
      "Fx_raw_N": 0.013124231701541946,
      "Fy_raw_N": 0.010954001414099211,
      "Fz_raw_N": 0.0,
      "Fx_section_Npm": 0.4687225607693552,
      "Fy_section_Npm": 0.391214336217829,
      "Fx_applied_N": 0.9280706703233232,
      "Fy_applied_N": 0.7746043857113014,
      "Fz_applied_N": 0.0,
      "returned_force_raw_N": [
        0.02369529871465561,
        0.0206014586280584,
        0.0
      ],
      "returned_force_applied_N": [
        1.6755961233935037,
        1.4568174315555582,
        0.0
      ],
      "Fx_returned_raw_N": 0.02369529871465561,
      "Fy_returned_raw_N": 0.0206014586280584,
      "force_residual_raw_N": 0.01431156485122829,
      "force_residual_applied_N": 1.012032085908286,
      "trial_displacement_residual_m": 2.9031839703986258e-08,
      "written_motion_delta_m": 2.9031839703986258e-08,
      "checkpoint_request": false,
      "checkpoint_created": false,
      "rollback_request": true,
      "commit_status": "rolled_back",
      "iteration_events": [
        "force_iterate_submitted_to_ancf",
        "ancf_trial_solved_and_scattered",
        "trial_displacement_written_to_precice",
        "precice_advance_completed",
        "requires_reading_checkpoint_true",
        "force_read_at_retry_endpoint_dt",
        "physical_state_rolled_back_trial_retained_as_history"
      ],
      "time_window_complete": false,
      "convergence_status": "retry_required",
      "precice_max_iterations": 20,
      "ancf_newton_iterations": 3,
      "ancf_residual": 9.540127887674998e-08,
      "q_state_hash": "3c9a96653291a09b3f77a31032429f34c3ff00d7d7e0e02df329c63692955d6a",
      "qdot_state_hash": "3fd98bd4b91ff3b20b3494a4e5663646203c62838b27cc823cbd3dc877e23fa3",
      "qddot_state_hash": "db36e12caaa62bb812618832e43b024d7c0abfe6c201dc89aa274dca2beb7ad9"
    },
    {
      "case_id": "ANCF_SINGLE_SLICE_HIGHRE_0P2S_PREP_V1",
      "window_index": 3,
      "iteration_index": 6,
      "sequence": 39,
      "request_id": 910039,
      "transaction_id": 1910039,
      "transport_ids": {
        "sequence": 39,
        "request_id": 910039,
        "transaction_id": 1910039
      },
      "physical_identity": {
        "global_step": 3,
        "bridge_step": 3,
        "integer_tick": 600000,
        "time_s": 0.0006000000000000001,
        "dt_s": 0.0002
      },
      "physical_time_s": 30.0006,
      "case_local_time_s": 0.0006000000000000001,
      "force_source_global_time_s": 30.0006,
      "force_source_kind": "PRECEDING_PRECICE_ADVANCE_ITERATE",
      "force_input_source_global_time_s": 30.0006,
      "force_input_read_offset_s": 0.0002,
      "force_input_source_kind": "PRECEDING_PRECICE_ADVANCE_ITERATE",
      "force_input_vector_raw_N": [
        0.02369529871465561,
        0.0206014586280584,
        0.0
      ],
      "force_input_window_index": 3,
      "force_input_iteration_index": 6,
      "returned_force_source_global_time_s": 30.0006,
      "returned_force_source_kind": "CURRENT_WINDOW_ENDPOINT_RETRY_ITERATE",
      "force_source_time_global_s": 30.0006,
      "force_read_time_s": 0.0002,
      "force_read_offset_s": 0.0002,
      "force_read_source_global_time_s": 30.0006,
      "force_read_source_kind": "CURRENT_WINDOW_ENDPOINT_RETRY_ITERATE",
      "force_source_vector_raw_N": [
        0.03215229567160968,
        0.02831966696929661,
        0.0
      ],
      "force_read_vector_raw_N": [
        0.03215229567160968,
        0.02831966696929661,
        0.0
      ],
      "force_read_window_index": 3,
      "force_read_iteration_index": 6,
      "window_target_global_time_s": 30.0006,
      "dt_s": 0.0002,
      "D_previous_committed_m": [
        5.233030201487327e-07,
        4.775586147561392e-07,
        0.0004163880479182147
      ],
      "D_trial_from_ancf_m": [
        1.2903179760168252e-06,
        1.1730840285624268e-06,
        0.0004163898290157064
      ],
      "D_trial_interface_m": [
        1.2903179760168252e-06,
        1.1730840285624268e-06
      ],
      "D_written_to_precice_m": [
        1.2903179760168252e-06,
        1.1730840285624268e-06
      ],
      "written_motion_vector_m": [
        [
          1.2903179760168252e-06,
          1.1730840285624268e-06
        ]
      ],
      "force_input_raw_N": [
        0.02369529871465561,
        0.0206014586280584,
        0.0
      ],
      "force_input_applied_N": [
        1.6755961233935037,
        1.4568174315555584,
        0.0
      ],
      "Fx_raw_N": 0.02369529871465561,
      "Fy_raw_N": 0.0206014586280584,
      "Fz_raw_N": 0.0,
      "Fx_section_Npm": 0.8462606683805575,
      "Fy_section_Npm": 0.7357663795735143,
      "Fx_applied_N": 1.6755961233935037,
      "Fy_applied_N": 1.4568174315555584,
      "Fz_applied_N": 0.0,
      "returned_force_raw_N": [
        0.03215229567160968,
        0.02831966696929661,
        0.0
      ],
      "returned_force_applied_N": [
        2.2736266224923987,
        2.00260502140026,
        0.0
      ],
      "Fx_returned_raw_N": 0.03215229567160968,
      "Fy_returned_raw_N": 0.02831966696929661,
      "force_residual_raw_N": 0.011449521279454854,
      "force_residual_applied_N": 0.8096447190471646,
      "trial_displacement_residual_m": 2.32250345789187e-08,
      "written_motion_delta_m": 2.32250345789187e-08,
      "checkpoint_request": false,
      "checkpoint_created": false,
      "rollback_request": true,
      "commit_status": "rolled_back",
      "iteration_events": [
        "force_iterate_submitted_to_ancf",
        "ancf_trial_solved_and_scattered",
        "trial_displacement_written_to_precice",
        "precice_advance_completed",
        "requires_reading_checkpoint_true",
        "force_read_at_retry_endpoint_dt",
        "physical_state_rolled_back_trial_retained_as_history"
      ],
      "time_window_complete": false,
      "convergence_status": "retry_required",
      "precice_max_iterations": 20,
      "ancf_newton_iterations": 3,
      "ancf_residual": 9.540127887674998e-08,
      "q_state_hash": "3191439da554522a063f7ed602f204bb3e3632475b0ee1cfe20c804f2234dbb4",
      "qdot_state_hash": "79f9807bf1f2064b23d438d175880a1f07bf3664e305aadd40acdab67ce1d788",
      "qddot_state_hash": "ec448cd3aa7000f069c776ba40a23d8d80642e32622c8e07be76717a55aa0b6b"
    },
    {
      "case_id": "ANCF_SINGLE_SLICE_HIGHRE_0P2S_PREP_V1",
      "window_index": 3,
      "iteration_index": 7,
      "sequence": 40,
      "request_id": 910040,
      "transaction_id": 1910040,
      "transport_ids": {
        "sequence": 40,
        "request_id": 910040,
        "transaction_id": 1910040
      },
      "physical_identity": {
        "global_step": 3,
        "bridge_step": 3,
        "integer_tick": 600000,
        "time_s": 0.0006000000000000001,
        "dt_s": 0.0002
      },
      "physical_time_s": 30.0006,
      "case_local_time_s": 0.0006000000000000001,
      "force_source_global_time_s": 30.0006,
      "force_source_kind": "PRECEDING_PRECICE_ADVANCE_ITERATE",
      "force_input_source_global_time_s": 30.0006,
      "force_input_read_offset_s": 0.0002,
      "force_input_source_kind": "PRECEDING_PRECICE_ADVANCE_ITERATE",
      "force_input_vector_raw_N": [
        0.03215229567160968,
        0.02831966696929661,
        0.0
      ],
      "force_input_window_index": 3,
      "force_input_iteration_index": 7,
      "returned_force_source_global_time_s": 30.0006,
      "returned_force_source_kind": "CURRENT_WINDOW_ENDPOINT_RETRY_ITERATE",
      "force_source_time_global_s": 30.0006,
      "force_read_time_s": 0.0002,
      "force_read_offset_s": 0.0002,
      "force_read_source_global_time_s": 30.0006,
      "force_read_source_kind": "CURRENT_WINDOW_ENDPOINT_RETRY_ITERATE",
      "force_source_vector_raw_N": [
        0.0389177498907098,
        0.03449399107221632,
        0.0
      ],
      "force_read_vector_raw_N": [
        0.0389177498907098,
        0.03449399107221632,
        0.0
      ],
      "force_read_window_index": 3,
      "force_read_iteration_index": 7,
      "window_target_global_time_s": 30.0006,
      "dt_s": 0.0002,
      "D_previous_committed_m": [
        5.233030201487327e-07,
        4.775586147561392e-07,
        0.0004163880479182147
      ],
      "D_trial_from_ancf_m": [
        1.3040421248991446e-06,
        1.185609259553897e-06,
        0.00041638982901526234
      ],
      "D_trial_interface_m": [
        1.3040421248991446e-06,
        1.185609259553897e-06
      ],
      "D_written_to_precice_m": [
        1.3040421248991446e-06,
        1.185609259553897e-06
      ],
      "written_motion_vector_m": [
        [
          1.3040421248991446e-06,
          1.185609259553897e-06
        ]
      ],
      "force_input_raw_N": [
        0.03215229567160968,
        0.02831966696929661,
        0.0
      ],
      "force_input_applied_N": [
        2.2736266224923987,
        2.00260502140026,
        0.0
      ],
      "Fx_raw_N": 0.03215229567160968,
      "Fy_raw_N": 0.02831966696929661,
      "Fz_raw_N": 0.0,
      "Fx_section_Npm": 1.14829627398606,
      "Fy_section_Npm": 1.011416677474879,
      "Fx_applied_N": 2.2736266224923987,
      "Fy_applied_N": 2.00260502140026,
      "Fz_applied_N": 0.0,
      "returned_force_raw_N": [
        0.0389177498907098,
        0.03449399107221632,
        0.0
      ],
      "returned_force_applied_N": [
        2.752040885128764,
        2.439217940106725,
        0.0
      ],
      "Fx_returned_raw_N": 0.0389177498907098,
      "Fy_returned_raw_N": 0.03449399107221632,
      "force_residual_raw_N": 0.009159347625166044,
      "force_residual_applied_N": 0.6476967249224559,
      "trial_displacement_residual_m": 1.8580464847084805e-08,
      "written_motion_delta_m": 1.8580464847084805e-08,
      "checkpoint_request": false,
      "checkpoint_created": false,
      "rollback_request": true,
      "commit_status": "rolled_back",
      "iteration_events": [
        "force_iterate_submitted_to_ancf",
        "ancf_trial_solved_and_scattered",
        "trial_displacement_written_to_precice",
        "precice_advance_completed",
        "requires_reading_checkpoint_true",
        "force_read_at_retry_endpoint_dt",
        "physical_state_rolled_back_trial_retained_as_history"
      ],
      "time_window_complete": false,
      "convergence_status": "retry_required",
      "precice_max_iterations": 20,
      "ancf_newton_iterations": 3,
      "ancf_residual": 9.540127887674998e-08,
      "q_state_hash": "a1f7f3b7ab7d9091e28bd9a1cc17af072725ff7cef63ffc6e0b54419be3a4631",
      "qdot_state_hash": "e6a7ac246b5410b2d8cfa24cb8e079ecf20cb0de3433008ba30b624fa2c02700",
      "qddot_state_hash": "e70fd0dce6e21f37d7c589f98ac63a0c6113f8b419fbca56d60698aeb4671c25"
    },
    {
      "case_id": "ANCF_SINGLE_SLICE_HIGHRE_0P2S_PREP_V1",
      "window_index": 3,
      "iteration_index": 8,
      "sequence": 41,
      "request_id": 910041,
      "transaction_id": 1910041,
      "transport_ids": {
        "sequence": 41,
        "request_id": 910041,
        "transaction_id": 1910041
      },
      "physical_identity": {
        "global_step": 3,
        "bridge_step": 3,
        "integer_tick": 600000,
        "time_s": 0.0006000000000000001,
        "dt_s": 0.0002
      },
      "physical_time_s": 30.0006,
      "case_local_time_s": 0.0006000000000000001,
      "force_source_global_time_s": 30.0006,
      "force_source_kind": "PRECEDING_PRECICE_ADVANCE_ITERATE",
      "force_input_source_global_time_s": 30.0006,
      "force_input_read_offset_s": 0.0002,
      "force_input_source_kind": "PRECEDING_PRECICE_ADVANCE_ITERATE",
      "force_input_vector_raw_N": [
        0.0389177498907098,
        0.03449399107221632,
        0.0
      ],
      "force_input_window_index": 3,
      "force_input_iteration_index": 8,
      "returned_force_source_global_time_s": 30.0006,
      "returned_force_source_kind": "CURRENT_WINDOW_ENDPOINT_RETRY_ITERATE",
      "force_source_time_global_s": 30.0006,
      "force_read_time_s": 0.0002,
      "force_read_offset_s": 0.0002,
      "force_read_source_global_time_s": 30.0006,
      "force_read_source_kind": "CURRENT_WINDOW_ENDPOINT_RETRY_ITERATE",
      "force_source_vector_raw_N": [
        0.04433025661245303,
        0.03943369292462294,
        0.0
      ],
      "force_read_vector_raw_N": [
        0.04433025661245303,
        0.03943369292462294,
        0.0
      ],
      "force_read_window_index": 3,
      "force_read_iteration_index": 8,
      "window_target_global_time_s": 30.0006,
      "dt_s": 0.0002,
      "D_previous_committed_m": [
        5.233030201487327e-07,
        4.775586147561392e-07,
        0.0004163880479182147
      ],
      "D_trial_from_ancf_m": [
        1.315021211380006e-06,
        1.195629050700441e-06,
        0.00041638982901437416
      ],
      "D_trial_interface_m": [
        1.315021211380006e-06,
        1.195629050700441e-06
      ],
      "D_written_to_precice_m": [
        1.315021211380006e-06,
        1.195629050700441e-06
      ],
      "written_motion_vector_m": [
        [
          1.315021211380006e-06,
          1.195629050700441e-06
        ]
      ],
      "force_input_raw_N": [
        0.0389177498907098,
        0.03449399107221632,
        0.0
      ],
      "force_input_applied_N": [
        2.7520408851287645,
        2.439217940106725,
        0.0
      ],
      "Fx_raw_N": 0.0389177498907098,
      "Fy_raw_N": 0.03449399107221632,
      "Fz_raw_N": 0.0,
      "Fx_section_Npm": 1.3899196389539215,
      "Fy_section_Npm": 1.2319282525791542,
      "Fx_applied_N": 2.7520408851287645,
      "Fy_applied_N": 2.439217940106725,
      "Fz_applied_N": 0.0,
      "returned_force_raw_N": [
        0.04433025661245303,
        0.03943369292462294,
        0.0
      ],
      "returned_force_applied_N": [
        3.134782431880607,
        2.7885254282411935,
        0.0
      ],
      "Fx_returned_raw_N": 0.04433025661245303,
      "Fy_returned_raw_N": 0.03943369292462294,
      "force_residual_raw_N": 0.007327747498623645,
      "force_residual_applied_N": 0.5181764302598149,
      "trial_displacement_residual_m": 1.4863934693565928e-08,
      "written_motion_delta_m": 1.4863934693565928e-08,
      "checkpoint_request": false,
      "checkpoint_created": false,
      "rollback_request": true,
      "commit_status": "rolled_back",
      "iteration_events": [
        "force_iterate_submitted_to_ancf",
        "ancf_trial_solved_and_scattered",
        "trial_displacement_written_to_precice",
        "precice_advance_completed",
        "requires_reading_checkpoint_true",
        "force_read_at_retry_endpoint_dt",
        "physical_state_rolled_back_trial_retained_as_history"
      ],
      "time_window_complete": false,
      "convergence_status": "retry_required",
      "precice_max_iterations": 20,
      "ancf_newton_iterations": 3,
      "ancf_residual": 9.540127887674998e-08,
      "q_state_hash": "a9fdad254fa7840e420ea0755d87ecbb95b21359201b8855f6a6e3eb0469be86",
      "qdot_state_hash": "b93f90d2e27499dba41396268f680f502f3f3ecde30d575cb07e0b6079e2836d",
      "qddot_state_hash": "73c92c2ee231ecd481d305c29b29ec81d93bd90c0f83a7497588be01a00e1189"
    },
    {
      "case_id": "ANCF_SINGLE_SLICE_HIGHRE_0P2S_PREP_V1",
      "window_index": 3,
      "iteration_index": 9,
      "sequence": 42,
      "request_id": 910042,
      "transaction_id": 1910042,
      "transport_ids": {
        "sequence": 42,
        "request_id": 910042,
        "transaction_id": 1910042
      },
      "physical_identity": {
        "global_step": 3,
        "bridge_step": 3,
        "integer_tick": 600000,
        "time_s": 0.0006000000000000001,
        "dt_s": 0.0002
      },
      "physical_time_s": 30.0006,
      "case_local_time_s": 0.0006000000000000001,
      "force_source_global_time_s": 30.0006,
      "force_source_kind": "PRECEDING_PRECICE_ADVANCE_ITERATE",
      "force_input_source_global_time_s": 30.0006,
      "force_input_read_offset_s": 0.0002,
      "force_input_source_kind": "PRECEDING_PRECICE_ADVANCE_ITERATE",
      "force_input_vector_raw_N": [
        0.04433025661245303,
        0.03943369292462294,
        0.0
      ],
      "force_input_window_index": 3,
      "force_input_iteration_index": 9,
      "returned_force_source_global_time_s": 30.0006,
      "returned_force_source_kind": "CURRENT_WINDOW_ENDPOINT_RETRY_ITERATE",
      "force_source_time_global_s": 30.0006,
      "force_read_time_s": 0.0002,
      "force_read_offset_s": 0.0002,
      "force_read_source_global_time_s": 30.0006,
      "force_read_source_kind": "CURRENT_WINDOW_ENDPOINT_RETRY_ITERATE",
      "force_source_vector_raw_N": [
        0.04866011864338448,
        0.04338521183647739,
        0.0
      ],
      "force_read_vector_raw_N": [
        0.04866011864338448,
        0.04338521183647739,
        0.0
      ],
      "force_read_window_index": 3,
      "force_read_iteration_index": 9,
      "window_target_global_time_s": 30.0006,
      "dt_s": 0.0002,
      "D_previous_committed_m": [
        5.233030201487327e-07,
        4.775586147561392e-07,
        0.0004163880479182147
      ],
      "D_trial_from_ancf_m": [
        1.3238047131895615e-06,
        1.2036452772641921e-06,
        0.00041638982901393007
      ],
      "D_trial_interface_m": [
        1.3238047131895615e-06,
        1.2036452772641921e-06
      ],
      "D_written_to_precice_m": [
        1.3238047131895615e-06,
        1.2036452772641921e-06
      ],
      "written_motion_vector_m": [
        [
          1.3238047131895615e-06,
          1.2036452772641921e-06
        ]
      ],
      "force_input_raw_N": [
        0.04433025661245303,
        0.03943369292462294,
        0.0
      ],
      "force_input_applied_N": [
        3.1347824318806072,
        2.7885254282411935,
        0.0
      ],
      "Fx_raw_N": 0.04433025661245303,
      "Fy_raw_N": 0.03943369292462294,
      "Fz_raw_N": 0.0,
      "Fx_section_Npm": 1.583223450444751,
      "Fy_section_Npm": 1.4083461758793907,
      "Fx_applied_N": 3.1347824318806072,
      "Fy_applied_N": 2.7885254282411935,
      "Fz_applied_N": 0.0,
      "returned_force_raw_N": [
        0.04866011864338448,
        0.04338521183647739,
        0.0
      ],
      "returned_force_applied_N": [
        3.4409655326393307,
        3.067954265579472,
        0.0
      ],
      "Fx_returned_raw_N": 0.04866011864338448,
      "Fy_returned_raw_N": 0.04338521183647739,
      "force_residual_raw_N": 0.005861928600524333,
      "force_residual_applied_N": 0.4145220938942207,
      "trial_displacement_residual_m": 1.1891584938932911e-08,
      "written_motion_delta_m": 1.1891584938932911e-08,
      "checkpoint_request": false,
      "checkpoint_created": false,
      "rollback_request": true,
      "commit_status": "rolled_back",
      "iteration_events": [
        "force_iterate_submitted_to_ancf",
        "ancf_trial_solved_and_scattered",
        "trial_displacement_written_to_precice",
        "precice_advance_completed",
        "requires_reading_checkpoint_true",
        "force_read_at_retry_endpoint_dt",
        "physical_state_rolled_back_trial_retained_as_history"
      ],
      "time_window_complete": false,
      "convergence_status": "retry_required",
      "precice_max_iterations": 20,
      "ancf_newton_iterations": 3,
      "ancf_residual": 9.540127887674998e-08,
      "q_state_hash": "f2738e47922a837714791c7c6e4ca4ec025636dec0d0769c048527902c68468e",
      "qdot_state_hash": "5ccebe9e5fe89d57dbd3966b66d2a94d578b28dbb4082d4bb88387680475519c",
      "qddot_state_hash": "55e1e40c3ddbd525e65f3ac84d9649a854a2e5f374f0e30807af040f73fd508b"
    },
    {
      "case_id": "ANCF_SINGLE_SLICE_HIGHRE_0P2S_PREP_V1",
      "window_index": 3,
      "iteration_index": 10,
      "sequence": 43,
      "request_id": 910043,
      "transaction_id": 1910043,
      "transport_ids": {
        "sequence": 43,
        "request_id": 910043,
        "transaction_id": 1910043
      },
      "physical_identity": {
        "global_step": 3,
        "bridge_step": 3,
        "integer_tick": 600000,
        "time_s": 0.0006000000000000001,
        "dt_s": 0.0002
      },
      "physical_time_s": 30.0006,
      "case_local_time_s": 0.0006000000000000001,
      "force_source_global_time_s": 30.0006,
      "force_source_kind": "PRECEDING_PRECICE_ADVANCE_ITERATE",
      "force_input_source_global_time_s": 30.0006,
      "force_input_read_offset_s": 0.0002,
      "force_input_source_kind": "PRECEDING_PRECICE_ADVANCE_ITERATE",
      "force_input_vector_raw_N": [
        0.04866011864338448,
        0.04338521183647739,
        0.0
      ],
      "force_input_window_index": 3,
      "force_input_iteration_index": 10,
      "returned_force_source_global_time_s": 30.0006,
      "returned_force_source_kind": "CURRENT_WINDOW_ENDPOINT_RETRY_ITERATE",
      "force_source_time_global_s": 30.0006,
      "force_read_time_s": 0.0002,
      "force_read_offset_s": 0.0002,
      "force_read_source_global_time_s": 30.0006,
      "force_read_source_kind": "CURRENT_WINDOW_ENDPOINT_RETRY_ITERATE",
      "force_source_vector_raw_N": [
        0.05212415161459277,
        0.0465466695360318,
        0.0
      ],
      "force_read_vector_raw_N": [
        0.05212415161459277,
        0.0465466695360318,
        0.0
      ],
      "force_read_window_index": 3,
      "force_read_iteration_index": 10,
      "window_target_global_time_s": 30.0006,
      "dt_s": 0.0002,
      "D_previous_committed_m": [
        5.233030201487327e-07,
        4.775586147561392e-07,
        0.0004163880479182147
      ],
      "D_trial_from_ancf_m": [
        1.3308312820122557e-06,
        1.2100578648686006e-06,
        0.000416389829013486
      ],
      "D_trial_interface_m": [
        1.3308312820122557e-06,
        1.2100578648686006e-06
      ],
      "D_written_to_precice_m": [
        1.3308312820122557e-06,
        1.2100578648686006e-06
      ],
      "written_motion_vector_m": [
        [
          1.3308312820122557e-06,
          1.2100578648686006e-06
        ]
      ],
      "force_input_raw_N": [
        0.04866011864338448,
        0.04338521183647739,
        0.0
      ],
      "force_input_applied_N": [
        3.4409655326393307,
        3.0679542655794725,
        0.0
      ],
      "Fx_raw_N": 0.04866011864338448,
      "Fy_raw_N": 0.04338521183647739,
      "Fz_raw_N": 0.0,
      "Fx_section_Npm": 1.7378613801208742,
      "Fy_section_Npm": 1.5494718513027639,
      "Fx_applied_N": 3.4409655326393307,
      "Fy_applied_N": 3.0679542655794725,
      "Fz_applied_N": 0.0,
      "returned_force_raw_N": [
        0.05212415161459277,
        0.0465466695360318,
        0.0
      ],
      "returned_force_applied_N": [
        3.68592214988906,
        3.2915144886193914,
        0.0
      ],
      "Fx_returned_raw_N": 0.05212415161459277,
      "Fy_returned_raw_N": 0.0465466695360318,
      "force_residual_raw_N": 0.004689812278939323,
      "force_residual_applied_N": 0.33163672543928063,
      "trial_displacement_residual_m": 9.512830767141388e-09,
      "written_motion_delta_m": 9.512830767141388e-09,
      "checkpoint_request": false,
      "checkpoint_created": false,
      "rollback_request": true,
      "commit_status": "rolled_back",
      "iteration_events": [
        "force_iterate_submitted_to_ancf",
        "ancf_trial_solved_and_scattered",
        "trial_displacement_written_to_precice",
        "precice_advance_completed",
        "requires_reading_checkpoint_true",
        "force_read_at_retry_endpoint_dt",
        "physical_state_rolled_back_trial_retained_as_history"
      ],
      "time_window_complete": false,
      "convergence_status": "retry_required",
      "precice_max_iterations": 20,
      "ancf_newton_iterations": 3,
      "ancf_residual": 9.540127887674998e-08,
      "q_state_hash": "b5931f7bc7f93da42f59a033b937db6027da443cd3b87497844782eb159af68a",
      "qdot_state_hash": "2dc07aa7829e1db5636d64ddb83f67f367ad91e78aa09a427f34d082fce5e97c",
      "qddot_state_hash": "3d1f6f195903ee878d34c0ff773d7ac1471f1fe55bfb19ce7bfbbd3c19d39c0f"
    },
    {
      "case_id": "ANCF_SINGLE_SLICE_HIGHRE_0P2S_PREP_V1",
      "window_index": 3,
      "iteration_index": 11,
      "sequence": 44,
      "request_id": 910044,
      "transaction_id": 1910044,
      "transport_ids": {
        "sequence": 44,
        "request_id": 910044,
        "transaction_id": 1910044
      },
      "physical_identity": {
        "global_step": 3,
        "bridge_step": 3,
        "integer_tick": 600000,
        "time_s": 0.0006000000000000001,
        "dt_s": 0.0002
      },
      "physical_time_s": 30.0006,
      "case_local_time_s": 0.0006000000000000001,
      "force_source_global_time_s": 30.0006,
      "force_source_kind": "PRECEDING_PRECICE_ADVANCE_ITERATE",
      "force_input_source_global_time_s": 30.0006,
      "force_input_read_offset_s": 0.0002,
      "force_input_source_kind": "PRECEDING_PRECICE_ADVANCE_ITERATE",
      "force_input_vector_raw_N": [
        0.05212415161459277,
        0.0465466695360318,
        0.0
      ],
      "force_input_window_index": 3,
      "force_input_iteration_index": 11,
      "returned_force_source_global_time_s": 30.0006,
      "returned_force_source_kind": "CURRENT_WINDOW_ENDPOINT_RETRY_ITERATE",
      "force_source_time_global_s": 30.0006,
      "force_read_time_s": 0.0002,
      "force_read_offset_s": 0.0002,
      "force_read_source_global_time_s": 30.0006,
      "force_read_source_kind": "CURRENT_WINDOW_ENDPOINT_RETRY_ITERATE",
      "force_source_vector_raw_N": [
        0.054895234645096276,
        0.04907559312560447,
        0.0
      ],
      "force_read_vector_raw_N": [
        0.054895234645096276,
        0.04907559312560447,
        0.0
      ],
      "force_read_window_index": 3,
      "force_read_iteration_index": 11,
      "window_target_global_time_s": 30.0006,
      "dt_s": 0.0002,
      "D_previous_committed_m": [
        5.233030201487327e-07,
        4.775586147561392e-07,
        0.0004163880479182147
      ],
      "D_trial_from_ancf_m": [
        1.3364527696953064e-06,
        1.2151883285986702e-06,
        0.000416389829013486
      ],
      "D_trial_interface_m": [
        1.3364527696953064e-06,
        1.2151883285986702e-06
      ],
      "D_written_to_precice_m": [
        1.3364527696953064e-06,
        1.2151883285986702e-06
      ],
      "written_motion_vector_m": [
        [
          1.3364527696953064e-06,
          1.2151883285986702e-06
        ]
      ],
      "force_input_raw_N": [
        0.05212415161459277,
        0.0465466695360318,
        0.0
      ],
      "force_input_applied_N": [
        3.6859221498890604,
        3.2915144886193914,
        0.0
      ],
      "Fx_raw_N": 0.05212415161459277,
      "Fy_raw_N": 0.0465466695360318,
      "Fz_raw_N": 0.0,
      "Fx_section_Npm": 1.8615768433783133,
      "Fy_section_Npm": 1.6623810548582785,
      "Fx_applied_N": 3.6859221498890604,
      "Fy_applied_N": 3.2915144886193914,
      "Fz_applied_N": 0.0,
      "returned_force_raw_N": [
        0.054895234645096276,
        0.04907559312560447,
        0.0
      ],
      "returned_force_applied_N": [
        3.8818773070460937,
        3.4703455138820303,
        0.0
      ],
      "Fx_returned_raw_N": 0.054895234645096276,
      "Fy_returned_raw_N": 0.04907559312560447,
      "force_residual_raw_N": 0.003751580424813201,
      "force_residual_applied_N": 0.26529033004036207,
      "trial_displacement_residual_m": 7.61070179787974e-09,
      "written_motion_delta_m": 7.61070179787974e-09,
      "checkpoint_request": false,
      "checkpoint_created": false,
      "rollback_request": true,
      "commit_status": "rolled_back",
      "iteration_events": [
        "force_iterate_submitted_to_ancf",
        "ancf_trial_solved_and_scattered",
        "trial_displacement_written_to_precice",
        "precice_advance_completed",
        "requires_reading_checkpoint_true",
        "force_read_at_retry_endpoint_dt",
        "physical_state_rolled_back_trial_retained_as_history"
      ],
      "time_window_complete": false,
      "convergence_status": "retry_required",
      "precice_max_iterations": 20,
      "ancf_newton_iterations": 3,
      "ancf_residual": 9.540127887674998e-08,
      "q_state_hash": "bf5875e8bdc5f26dba0d42305ce8de69ebab4c1d149111fbfde2fbe14fb2cf72",
      "qdot_state_hash": "a606e6af9bfbd431660ffda195ba2398e1494acc8a335124bdb69f3b779d017e",
      "qddot_state_hash": "4ce96a56df8c267d5fe29ba08f4b674453b4157c583d8869d81ba2a0f33a5e86"
    },
    {
      "case_id": "ANCF_SINGLE_SLICE_HIGHRE_0P2S_PREP_V1",
      "window_index": 3,
      "iteration_index": 12,
      "sequence": 45,
      "request_id": 910045,
      "transaction_id": 1910045,
      "transport_ids": {
        "sequence": 45,
        "request_id": 910045,
        "transaction_id": 1910045
      },
      "physical_identity": {
        "global_step": 3,
        "bridge_step": 3,
        "integer_tick": 600000,
        "time_s": 0.0006000000000000001,
        "dt_s": 0.0002
      },
      "physical_time_s": 30.0006,
      "case_local_time_s": 0.0006000000000000001,
      "force_source_global_time_s": 30.0006,
      "force_source_kind": "PRECEDING_PRECICE_ADVANCE_ITERATE",
      "force_input_source_global_time_s": 30.0006,
      "force_input_read_offset_s": 0.0002,
      "force_input_source_kind": "PRECEDING_PRECICE_ADVANCE_ITERATE",
      "force_input_vector_raw_N": [
        0.054895234645096276,
        0.04907559312560447,
        0.0
      ],
      "force_input_window_index": 3,
      "force_input_iteration_index": 12,
      "returned_force_source_global_time_s": 30.0006,
      "returned_force_source_kind": "CURRENT_WINDOW_ENDPOINT_RETRY_ITERATE",
      "force_source_time_global_s": 30.0006,
      "force_read_time_s": 0.0002,
      "force_read_offset_s": 0.0002,
      "force_read_source_global_time_s": 30.0006,
      "force_read_source_kind": "CURRENT_WINDOW_ENDPOINT_RETRY_ITERATE",
      "force_source_vector_raw_N": [
        0.057112244415962216,
        0.05109897456733347,
        0.0
      ],
      "force_read_vector_raw_N": [
        0.057112244415962216,
        0.05109897456733347,
        0.0
      ],
      "force_read_window_index": 3,
      "force_read_iteration_index": 12,
      "window_target_global_time_s": 30.0006,
      "dt_s": 0.0002,
      "D_previous_committed_m": [
        5.233030201487327e-07,
        4.775586147561392e-07,
        0.0004163880479182147
      ],
      "D_trial_from_ancf_m": [
        1.34094972721682e-06,
        1.219292305936154e-06,
        0.0004163898290125978
      ],
      "D_trial_interface_m": [
        1.34094972721682e-06,
        1.219292305936154e-06
      ],
      "D_written_to_precice_m": [
        1.34094972721682e-06,
        1.219292305936154e-06
      ],
      "written_motion_vector_m": [
        [
          1.34094972721682e-06,
          1.219292305936154e-06
        ]
      ],
      "force_input_raw_N": [
        0.054895234645096276,
        0.04907559312560447,
        0.0
      ],
      "force_input_applied_N": [
        3.8818773070460937,
        3.4703455138820307,
        0.0
      ],
      "Fx_raw_N": 0.054895234645096276,
      "Fy_raw_N": 0.04907559312560447,
      "Fz_raw_N": 0.0,
      "Fx_section_Npm": 1.9605440944677242,
      "Fy_section_Npm": 1.752699754485874,
      "Fx_applied_N": 3.8818773070460937,
      "Fy_applied_N": 3.4703455138820307,
      "Fz_applied_N": 0.0,
      "returned_force_raw_N": [
        0.057112244415962216,
        0.05109897456733347,
        0.0
      ],
      "returned_force_applied_N": [
        4.038651569414471,
        3.613427487261438,
        0.0
      ],
      "Fx_returned_raw_N": 0.057112244415962216,
      "Fy_returned_raw_N": 0.05109897456733347,
      "force_residual_raw_N": 0.003001533738415806,
      "force_residual_applied_N": 0.21225131435940342,
      "trial_displacement_residual_m": 6.088124254388824e-09,
      "written_motion_delta_m": 6.088124254388824e-09,
      "checkpoint_request": false,
      "checkpoint_created": false,
      "rollback_request": true,
      "commit_status": "rolled_back",
      "iteration_events": [
        "force_iterate_submitted_to_ancf",
        "ancf_trial_solved_and_scattered",
        "trial_displacement_written_to_precice",
        "precice_advance_completed",
        "requires_reading_checkpoint_true",
        "force_read_at_retry_endpoint_dt",
        "physical_state_rolled_back_trial_retained_as_history"
      ],
      "time_window_complete": false,
      "convergence_status": "retry_required",
      "precice_max_iterations": 20,
      "ancf_newton_iterations": 3,
      "ancf_residual": 9.540127887674998e-08,
      "q_state_hash": "0fe6d6f21db96554f0be9254a1b68080de778494f631e97c3f9626f7a2f1ef21",
      "qdot_state_hash": "e0bf31c7ba1db1c5a431a4e7d78d0a7d59b1777ebfcc0db6eb5304b31093b8b6",
      "qddot_state_hash": "b88282d9a7f10248e9fc77403e9750da4602574117ed77a7e76bb6880cf1f870"
    },
    {
      "case_id": "ANCF_SINGLE_SLICE_HIGHRE_0P2S_PREP_V1",
      "window_index": 3,
      "iteration_index": 13,
      "sequence": 46,
      "request_id": 910046,
      "transaction_id": 1910046,
      "transport_ids": {
        "sequence": 46,
        "request_id": 910046,
        "transaction_id": 1910046
      },
      "physical_identity": {
        "global_step": 3,
        "bridge_step": 3,
        "integer_tick": 600000,
        "time_s": 0.0006000000000000001,
        "dt_s": 0.0002
      },
      "physical_time_s": 30.0006,
      "case_local_time_s": 0.0006000000000000001,
      "force_source_global_time_s": 30.0006,
      "force_source_kind": "PRECEDING_PRECICE_ADVANCE_ITERATE",
      "force_input_source_global_time_s": 30.0006,
      "force_input_read_offset_s": 0.0002,
      "force_input_source_kind": "PRECEDING_PRECICE_ADVANCE_ITERATE",
      "force_input_vector_raw_N": [
        0.057112244415962216,
        0.05109897456733347,
        0.0
      ],
      "force_input_window_index": 3,
      "force_input_iteration_index": 13,
      "returned_force_source_global_time_s": 30.0006,
      "returned_force_source_kind": "CURRENT_WINDOW_ENDPOINT_RETRY_ITERATE",
      "force_source_time_global_s": 30.0006,
      "force_read_time_s": 0.0002,
      "force_read_offset_s": 0.0002,
      "force_read_source_global_time_s": 30.0006,
      "force_read_source_kind": "CURRENT_WINDOW_ENDPOINT_RETRY_ITERATE",
      "force_source_vector_raw_N": [
        0.05888570888619183,
        0.052717437150645814,
        0.0
      ],
      "force_read_vector_raw_N": [
        0.05888570888619183,
        0.052717437150645814,
        0.0
      ],
      "force_read_window_index": 3,
      "force_read_iteration_index": 13,
      "window_target_global_time_s": 30.0006,
      "dt_s": 0.0002,
      "D_previous_committed_m": [
        5.233030201487327e-07,
        4.775586147561392e-07,
        0.0004163880479182147
      ],
      "D_trial_from_ancf_m": [
        1.3445475258589335e-06,
        1.2225758814526904e-06,
        0.0004163898290121537
      ],
      "D_trial_interface_m": [
        1.3445475258589335e-06,
        1.2225758814526904e-06
      ],
      "D_written_to_precice_m": [
        1.3445475258589335e-06,
        1.2225758814526904e-06
      ],
      "written_motion_vector_m": [
        [
          1.3445475258589335e-06,
          1.2225758814526904e-06
        ]
      ],
      "force_input_raw_N": [
        0.057112244415962216,
        0.05109897456733347,
        0.0
      ],
      "force_input_applied_N": [
        4.038651569414471,
        3.613427487261438,
        0.0
      ],
      "Fx_raw_N": 0.057112244415962216,
      "Fy_raw_N": 0.05109897456733347,
      "Fz_raw_N": 0.0,
      "Fx_section_Npm": 2.0397230148557934,
      "Fy_section_Npm": 1.8249633774047667,
      "Fx_applied_N": 4.038651569414471,
      "Fy_applied_N": 3.613427487261438,
      "Fz_applied_N": 0.0,
      "returned_force_raw_N": [
        0.05888570888619183,
        0.052717437150645814,
        0.0
      ],
      "returned_force_applied_N": [
        4.164060842666422,
        3.727875912795668,
        0.0
      ],
      "Fx_returned_raw_N": 0.05888570888619183,
      "Fy_returned_raw_N": 0.052717437150645814,
      "force_residual_raw_N": 0.0024009575924511606,
      "force_residual_applied_N": 0.16978200118047493,
      "trial_displacement_residual_m": 4.870936587761294e-09,
      "written_motion_delta_m": 4.870936587761294e-09,
      "checkpoint_request": false,
      "checkpoint_created": false,
      "rollback_request": true,
      "commit_status": "rolled_back",
      "iteration_events": [
        "force_iterate_submitted_to_ancf",
        "ancf_trial_solved_and_scattered",
        "trial_displacement_written_to_precice",
        "precice_advance_completed",
        "requires_reading_checkpoint_true",
        "force_read_at_retry_endpoint_dt",
        "physical_state_rolled_back_trial_retained_as_history"
      ],
      "time_window_complete": false,
      "convergence_status": "retry_required",
      "precice_max_iterations": 20,
      "ancf_newton_iterations": 3,
      "ancf_residual": 9.540127887674998e-08,
      "q_state_hash": "56c7dc32062eb233691a9e85079453a984c714092b8951fef34624892d9766ed",
      "qdot_state_hash": "d31f3ec4a73fc8c410ba1d78fb8bb08899949c0eb8a2ad7d6f87ffe8d947d2ac",
      "qddot_state_hash": "ef3213d7c1111ec5c8b7e8c58b183e6c3b9f879b39ca48e25e20c04818e40ca3"
    },
    {
      "case_id": "ANCF_SINGLE_SLICE_HIGHRE_0P2S_PREP_V1",
      "window_index": 3,
      "iteration_index": 14,
      "sequence": 47,
      "request_id": 910047,
      "transaction_id": 1910047,
      "transport_ids": {
        "sequence": 47,
        "request_id": 910047,
        "transaction_id": 1910047
      },
      "physical_identity": {
        "global_step": 3,
        "bridge_step": 3,
        "integer_tick": 600000,
        "time_s": 0.0006000000000000001,
        "dt_s": 0.0002
      },
      "physical_time_s": 30.0006,
      "case_local_time_s": 0.0006000000000000001,
      "force_source_global_time_s": 30.0006,
      "force_source_kind": "PRECEDING_PRECICE_ADVANCE_ITERATE",
      "force_input_source_global_time_s": 30.0006,
      "force_input_read_offset_s": 0.0002,
      "force_input_source_kind": "PRECEDING_PRECICE_ADVANCE_ITERATE",
      "force_input_vector_raw_N": [
        0.05888570888619183,
        0.052717437150645814,
        0.0
      ],
      "force_input_window_index": 3,
      "force_input_iteration_index": 14,
      "returned_force_source_global_time_s": 30.0006,
      "returned_force_source_kind": "CURRENT_WINDOW_ENDPOINT_RETRY_ITERATE",
      "force_source_time_global_s": 30.0006,
      "force_read_time_s": 0.0002,
      "force_read_offset_s": 0.0002,
      "force_read_source_global_time_s": 30.0006,
      "force_read_source_kind": "CURRENT_WINDOW_ENDPOINT_RETRY_ITERATE",
      "force_source_vector_raw_N": [
        0.06030462380883866,
        0.054012449787366544,
        0.0
      ],
      "force_read_vector_raw_N": [
        0.06030462380883866,
        0.054012449787366544,
        0.0
      ],
      "force_read_window_index": 3,
      "force_read_iteration_index": 14,
      "window_target_global_time_s": 30.0006,
      "dt_s": 0.0002,
      "D_previous_committed_m": [
        5.233030201487327e-07,
        4.775586147561392e-07,
        0.0004163880479182147
      ],
      "D_trial_from_ancf_m": [
        1.3474255321477053e-06,
        1.2252023482193559e-06,
        0.0004163898290130419
      ],
      "D_trial_interface_m": [
        1.3474255321477053e-06,
        1.2252023482193559e-06
      ],
      "D_written_to_precice_m": [
        1.3474255321477053e-06,
        1.2252023482193559e-06
      ],
      "written_motion_vector_m": [
        [
          1.3474255321477053e-06,
          1.2252023482193559e-06
        ]
      ],
      "force_input_raw_N": [
        0.05888570888619183,
        0.052717437150645814,
        0.0
      ],
      "force_input_applied_N": [
        4.164060842666422,
        3.727875912795668,
        0.0
      ],
      "Fx_raw_N": 0.05888570888619183,
      "Fy_raw_N": 0.052717437150645814,
      "Fz_raw_N": 0.0,
      "Fx_section_Npm": 2.103061031649708,
      "Fy_section_Npm": 1.8827656125230647,
      "Fx_applied_N": 4.164060842666422,
      "Fy_applied_N": 3.727875912795668,
      "Fz_applied_N": 0.0,
      "returned_force_raw_N": [
        0.06030462380883866,
        0.054012449787366544,
        0.0
      ],
      "returned_force_applied_N": [
        4.264398397910734,
        3.819451806392348,
        0.0
      ],
      "Fx_returned_raw_N": 0.06030462380883866,
      "Fy_returned_raw_N": 0.054012449787366544,
      "force_residual_raw_N": 0.001921035472597065,
      "force_residual_applied_N": 0.13584465127650672,
      "trial_displacement_residual_m": 3.896312086397619e-09,
      "written_motion_delta_m": 3.896312086397619e-09,
      "checkpoint_request": false,
      "checkpoint_created": false,
      "rollback_request": true,
      "commit_status": "rolled_back",
      "iteration_events": [
        "force_iterate_submitted_to_ancf",
        "ancf_trial_solved_and_scattered",
        "trial_displacement_written_to_precice",
        "precice_advance_completed",
        "requires_reading_checkpoint_true",
        "force_read_at_retry_endpoint_dt",
        "physical_state_rolled_back_trial_retained_as_history"
      ],
      "time_window_complete": false,
      "convergence_status": "retry_required",
      "precice_max_iterations": 20,
      "ancf_newton_iterations": 3,
      "ancf_residual": 9.540127887674998e-08,
      "q_state_hash": "c42b84b8d9029a14c86b984a60293bf6531757c68ba6d534b0888750781469f3",
      "qdot_state_hash": "2d81c53ee93175ca5fbe763f1b4d2f1a6525992638078081cf8a7c93d8a3abfd",
      "qddot_state_hash": "7d84b7ed51d7c523c0de939030a8d19fea641286976eb64fb39759acb3ee291d"
    },
    {
      "case_id": "ANCF_SINGLE_SLICE_HIGHRE_0P2S_PREP_V1",
      "window_index": 3,
      "iteration_index": 15,
      "sequence": 48,
      "request_id": 910048,
      "transaction_id": 1910048,
      "transport_ids": {
        "sequence": 48,
        "request_id": 910048,
        "transaction_id": 1910048
      },
      "physical_identity": {
        "global_step": 3,
        "bridge_step": 3,
        "integer_tick": 600000,
        "time_s": 0.0006000000000000001,
        "dt_s": 0.0002
      },
      "physical_time_s": 30.0006,
      "case_local_time_s": 0.0006000000000000001,
      "force_source_global_time_s": 30.0006,
      "force_source_kind": "PRECEDING_PRECICE_ADVANCE_ITERATE",
      "force_input_source_global_time_s": 30.0006,
      "force_input_read_offset_s": 0.0002,
      "force_input_source_kind": "PRECEDING_PRECICE_ADVANCE_ITERATE",
      "force_input_vector_raw_N": [
        0.06030462380883866,
        0.054012449787366544,
        0.0
      ],
      "force_input_window_index": 3,
      "force_input_iteration_index": 15,
      "returned_force_source_global_time_s": 30.0006,
      "returned_force_source_kind": "CURRENT_WINDOW_ENDPOINT_RETRY_ITERATE",
      "force_source_time_global_s": 30.0006,
      "force_read_time_s": 0.0002,
      "force_read_offset_s": 0.0002,
      "force_read_source_global_time_s": 30.0006,
      "force_read_source_kind": "CURRENT_WINDOW_ENDPOINT_RETRY_ITERATE",
      "force_source_vector_raw_N": [
        0.061439612400492984,
        0.05504821732667227,
        0.0
      ],
      "force_read_vector_raw_N": [
        0.061439612400492984,
        0.05504821732667227,
        0.0
      ],
      "force_read_window_index": 3,
      "force_read_iteration_index": 15,
      "window_target_global_time_s": 30.0006,
      "dt_s": 0.0002,
      "D_previous_committed_m": [
        5.233030201487327e-07,
        4.775586147561392e-07,
        0.0004163880479182147
      ],
      "D_trial_from_ancf_m": [
        1.3497281698036356e-06,
        1.227303915279246e-06,
        0.0004163898290125978
      ],
      "D_trial_interface_m": [
        1.3497281698036356e-06,
        1.227303915279246e-06
      ],
      "D_written_to_precice_m": [
        1.3497281698036356e-06,
        1.227303915279246e-06
      ],
      "written_motion_vector_m": [
        [
          1.3497281698036356e-06,
          1.227303915279246e-06
        ]
      ],
      "force_input_raw_N": [
        0.06030462380883866,
        0.054012449787366544,
        0.0
      ],
      "force_input_applied_N": [
        4.264398397910734,
        3.8194518063923484,
        0.0
      ],
      "Fx_raw_N": 0.06030462380883866,
      "Fy_raw_N": 0.054012449787366544,
      "Fz_raw_N": 0.0,
      "Fx_section_Npm": 2.1537365646013806,
      "Fy_section_Npm": 1.9290160638345193,
      "Fx_applied_N": 4.264398397910734,
      "Fy_applied_N": 3.8194518063923484,
      "Fz_applied_N": 0.0,
      "returned_force_raw_N": [
        0.061439612400492984,
        0.05504821732667227,
        0.0
      ],
      "returned_force_applied_N": [
        4.344658305463432,
        3.8926953681003957,
        0.0
      ],
      "Fx_returned_raw_N": 0.061439612400492984,
      "Fy_returned_raw_N": 0.05504821732667227,
      "force_residual_raw_N": 0.0015365589798848945,
      "force_residual_applied_N": 0.10865667072043182,
      "trial_displacement_residual_m": 3.117486853496515e-09,
      "written_motion_delta_m": 3.117486853496515e-09,
      "checkpoint_request": false,
      "checkpoint_created": false,
      "rollback_request": true,
      "commit_status": "rolled_back",
      "iteration_events": [
        "force_iterate_submitted_to_ancf",
        "ancf_trial_solved_and_scattered",
        "trial_displacement_written_to_precice",
        "precice_advance_completed",
        "requires_reading_checkpoint_true",
        "force_read_at_retry_endpoint_dt",
        "physical_state_rolled_back_trial_retained_as_history"
      ],
      "time_window_complete": false,
      "convergence_status": "retry_required",
      "precice_max_iterations": 20,
      "ancf_newton_iterations": 3,
      "ancf_residual": 9.540127887674998e-08,
      "q_state_hash": "6ce76dad1da3bac753b374adba0ece728107e4c68c557037ebde4f31c948d288",
      "qdot_state_hash": "2c1449c10e77ac0a5f85413d4eea81630f321d18a2a6af3782039522292e332d",
      "qddot_state_hash": "da0624bd4240b27ce0e3385e0ed6296eae863098320f7d14598c5ffc6bd67afb"
    },
    {
      "case_id": "ANCF_SINGLE_SLICE_HIGHRE_0P2S_PREP_V1",
      "window_index": 3,
      "iteration_index": 16,
      "sequence": 49,
      "request_id": 910049,
      "transaction_id": 1910049,
      "transport_ids": {
        "sequence": 49,
        "request_id": 910049,
        "transaction_id": 1910049
      },
      "physical_identity": {
        "global_step": 3,
        "bridge_step": 3,
        "integer_tick": 600000,
        "time_s": 0.0006000000000000001,
        "dt_s": 0.0002
      },
      "physical_time_s": 30.0006,
      "case_local_time_s": 0.0006000000000000001,
      "force_source_global_time_s": 30.0006,
      "force_source_kind": "PRECEDING_PRECICE_ADVANCE_ITERATE",
      "force_input_source_global_time_s": 30.0006,
      "force_input_read_offset_s": 0.0002,
      "force_input_source_kind": "PRECEDING_PRECICE_ADVANCE_ITERATE",
      "force_input_vector_raw_N": [
        0.061439612400492984,
        0.05504821732667227,
        0.0
      ],
      "force_input_window_index": 3,
      "force_input_iteration_index": 16,
      "returned_force_source_global_time_s": 30.0006,
      "returned_force_source_kind": "CURRENT_WINDOW_ENDPOINT_RETRY_ITERATE",
      "force_source_time_global_s": 30.0006,
      "force_read_time_s": 0.0002,
      "force_read_offset_s": 0.0002,
      "force_read_source_global_time_s": 30.0006,
      "force_read_source_kind": "CURRENT_WINDOW_ENDPOINT_RETRY_ITERATE",
      "force_source_vector_raw_N": [
        0.06234774662027958,
        0.05587707392818771,
        0.0
      ],
      "force_read_vector_raw_N": [
        0.06234774662027958,
        0.05587707392818771,
        0.0
      ],
      "force_read_window_index": 3,
      "force_read_iteration_index": 16,
      "window_target_global_time_s": 30.0006,
      "dt_s": 0.0002,
      "D_previous_committed_m": [
        5.233030201487327e-07,
        4.775586147561392e-07,
        0.0004163880479182147
      ],
      "D_trial_from_ancf_m": [
        1.3515700473034601e-06,
        1.2289847752805942e-06,
        0.0004163898290121537
      ],
      "D_trial_interface_m": [
        1.3515700473034601e-06,
        1.2289847752805942e-06
      ],
      "D_written_to_precice_m": [
        1.3515700473034601e-06,
        1.2289847752805942e-06
      ],
      "written_motion_vector_m": [
        [
          1.3515700473034601e-06,
          1.2289847752805942e-06
        ]
      ],
      "force_input_raw_N": [
        0.061439612400492984,
        0.05504821732667227,
        0.0
      ],
      "force_input_applied_N": [
        4.344658305463432,
        3.892695368100396,
        0.0
      ],
      "Fx_raw_N": 0.061439612400492984,
      "Fy_raw_N": 0.05504821732667227,
      "Fz_raw_N": 0.0,
      "Fx_section_Npm": 2.194271871446178,
      "Fy_section_Npm": 1.9660077616668667,
      "Fx_applied_N": 4.344658305463432,
      "Fy_applied_N": 3.892695368100396,
      "Fz_applied_N": 0.0,
      "returned_force_raw_N": [
        0.06234774662027958,
        0.05587707392818771,
        0.0
      ],
      "returned_force_applied_N": [
        4.408876368148341,
        3.95130737063613,
        0.0
      ],
      "Fx_returned_raw_N": 0.06234774662027958,
      "Fy_returned_raw_N": 0.05587707392818771,
      "force_residual_raw_N": 0.0012295165826547974,
      "force_residual_applied_N": 0.08694438691630352,
      "trial_displacement_residual_m": 2.4935522991291114e-09,
      "written_motion_delta_m": 2.4935522991291114e-09,
      "checkpoint_request": false,
      "checkpoint_created": false,
      "rollback_request": true,
      "commit_status": "rolled_back",
      "iteration_events": [
        "force_iterate_submitted_to_ancf",
        "ancf_trial_solved_and_scattered",
        "trial_displacement_written_to_precice",
        "precice_advance_completed",
        "requires_reading_checkpoint_true",
        "force_read_at_retry_endpoint_dt",
        "physical_state_rolled_back_trial_retained_as_history"
      ],
      "time_window_complete": false,
      "convergence_status": "retry_required",
      "precice_max_iterations": 20,
      "ancf_newton_iterations": 3,
      "ancf_residual": 9.540127887674998e-08,
      "q_state_hash": "d243d22f9b6f0d450df7bf56e7a29330f9efca169d26d86efdc58fc02e2a44a8",
      "qdot_state_hash": "dea33d53dc9d91521b53bdfdd4b18d270fef2deb2c2ef4e992b4e1e718b6ebfa",
      "qddot_state_hash": "9af25f17818709fdaa0e91feafa2a4bcff027016e190332116b964bef2e1443e"
    },
    {
      "case_id": "ANCF_SINGLE_SLICE_HIGHRE_0P2S_PREP_V1",
      "window_index": 3,
      "iteration_index": 17,
      "sequence": 50,
      "request_id": 910050,
      "transaction_id": 1910050,
      "transport_ids": {
        "sequence": 50,
        "request_id": 910050,
        "transaction_id": 1910050
      },
      "physical_identity": {
        "global_step": 3,
        "bridge_step": 3,
        "integer_tick": 600000,
        "time_s": 0.0006000000000000001,
        "dt_s": 0.0002
      },
      "physical_time_s": 30.0006,
      "case_local_time_s": 0.0006000000000000001,
      "force_source_global_time_s": 30.0006,
      "force_source_kind": "PRECEDING_PRECICE_ADVANCE_ITERATE",
      "force_input_source_global_time_s": 30.0006,
      "force_input_read_offset_s": 0.0002,
      "force_input_source_kind": "PRECEDING_PRECICE_ADVANCE_ITERATE",
      "force_input_vector_raw_N": [
        0.06234774662027958,
        0.05587707392818771,
        0.0
      ],
      "force_input_window_index": 3,
      "force_input_iteration_index": 17,
      "returned_force_source_global_time_s": 30.0006,
      "returned_force_source_kind": "CURRENT_WINDOW_ENDPOINT_RETRY_ITERATE",
      "force_source_time_global_s": 30.0006,
      "force_read_time_s": 0.0002,
      "force_read_offset_s": 0.0002,
      "force_read_source_global_time_s": 30.0006,
      "force_read_source_kind": "CURRENT_WINDOW_ENDPOINT_RETRY_ITERATE",
      "force_source_vector_raw_N": [
        0.06307411064964573,
        0.0565399166393292,
        0.0
      ],
      "force_read_vector_raw_N": [
        0.06307411064964573,
        0.0565399166393292,
        0.0
      ],
      "force_read_window_index": 3,
      "force_read_iteration_index": 17,
      "window_target_global_time_s": 30.0006,
      "dt_s": 0.0002,
      "D_previous_committed_m": [
        5.233030201487327e-07,
        4.775586147561392e-07,
        0.0004163880479182147
      ],
      "D_trial_from_ancf_m": [
        1.3530437819282337e-06,
        1.2303298569282312e-06,
        0.0004163898290125978
      ],
      "D_trial_interface_m": [
        1.3530437819282337e-06,
        1.2303298569282312e-06
      ],
      "D_written_to_precice_m": [
        1.3530437819282337e-06,
        1.2303298569282312e-06
      ],
      "written_motion_vector_m": [
        [
          1.3530437819282337e-06,
          1.2303298569282312e-06
        ]
      ],
      "force_input_raw_N": [
        0.06234774662027958,
        0.05587707392818771,
        0.0
      ],
      "force_input_applied_N": [
        4.408876368148341,
        3.9513073706361306,
        0.0
      ],
      "Fx_raw_N": 0.06234774662027958,
      "Fy_raw_N": 0.05587707392818771,
      "Fz_raw_N": 0.0,
      "Fx_section_Npm": 2.2267052364385562,
      "Fy_section_Npm": 1.995609783149561,
      "Fx_applied_N": 4.408876368148341,
      "Fy_applied_N": 3.9513073706361306,
      "Fz_applied_N": 0.0,
      "returned_force_raw_N": [
        0.06307411064964573,
        0.0565399166393292,
        0.0
      ],
      "returned_force_applied_N": [
        4.460240681653519,
        3.9981798194954217,
        0.0
      ],
      "Fx_returned_raw_N": 0.06307411064964573,
      "Fy_returned_raw_N": 0.0565399166393292,
      "force_residual_raw_N": 0.00098334386806978,
      "force_residual_applied_N": 0.06953645924207728,
      "trial_displacement_residual_m": 1.995279023862633e-09,
      "written_motion_delta_m": 1.995279023862633e-09,
      "checkpoint_request": false,
      "checkpoint_created": false,
      "rollback_request": true,
      "commit_status": "rolled_back",
      "iteration_events": [
        "force_iterate_submitted_to_ancf",
        "ancf_trial_solved_and_scattered",
        "trial_displacement_written_to_precice",
        "precice_advance_completed",
        "requires_reading_checkpoint_true",
        "force_read_at_retry_endpoint_dt",
        "physical_state_rolled_back_trial_retained_as_history"
      ],
      "time_window_complete": false,
      "convergence_status": "retry_required",
      "precice_max_iterations": 20,
      "ancf_newton_iterations": 3,
      "ancf_residual": 9.540127887674998e-08,
      "q_state_hash": "69258b5b3c8059a497bf570d4a3b4a7c5b8d6ab05e86551408e5d0e40b9104a1",
      "qdot_state_hash": "5b84982b849fc845d2cb0c02030bff1bd954074f5d83bc89a4c8e2afe2e0f702",
      "qddot_state_hash": "fe6e0813dd07b406e9d80bf4bff76db868b9cf95685e0df72c36834952bb4a94"
    },
    {
      "case_id": "ANCF_SINGLE_SLICE_HIGHRE_0P2S_PREP_V1",
      "window_index": 3,
      "iteration_index": 18,
      "sequence": 51,
      "request_id": 910051,
      "transaction_id": 1910051,
      "transport_ids": {
        "sequence": 51,
        "request_id": 910051,
        "transaction_id": 1910051
      },
      "physical_identity": {
        "global_step": 3,
        "bridge_step": 3,
        "integer_tick": 600000,
        "time_s": 0.0006000000000000001,
        "dt_s": 0.0002
      },
      "physical_time_s": 30.0006,
      "case_local_time_s": 0.0006000000000000001,
      "force_source_global_time_s": 30.0006,
      "force_source_kind": "PRECEDING_PRECICE_ADVANCE_ITERATE",
      "force_input_source_global_time_s": 30.0006,
      "force_input_read_offset_s": 0.0002,
      "force_input_source_kind": "PRECEDING_PRECICE_ADVANCE_ITERATE",
      "force_input_vector_raw_N": [
        0.06307411064964573,
        0.0565399166393292,
        0.0
      ],
      "force_input_window_index": 3,
      "force_input_iteration_index": 18,
      "returned_force_source_global_time_s": 30.0006,
      "returned_force_source_kind": "CURRENT_WINDOW_ENDPOINT_RETRY_ITERATE",
      "force_source_time_global_s": 30.0006,
      "force_read_time_s": 0.0002,
      "force_read_offset_s": 0.0002,
      "force_read_source_global_time_s": 30.0006,
      "force_read_source_kind": "CURRENT_WINDOW_ENDPOINT_RETRY_ITERATE",
      "force_source_vector_raw_N": [
        0.06365534521960178,
        0.05707043337831325,
        0.0
      ],
      "force_read_vector_raw_N": [
        0.06365534521960178,
        0.05707043337831325,
        0.0
      ],
      "force_read_window_index": 3,
      "force_read_iteration_index": 18,
      "window_target_global_time_s": 30.0006,
      "dt_s": 0.0002,
      "D_previous_committed_m": [
        5.233030201487327e-07,
        4.775586147561392e-07,
        0.0004163880479182147
      ],
      "D_trial_from_ancf_m": [
        1.3542225370031387e-06,
        1.2314055285997822e-06,
        0.0004163898290125978
      ],
      "D_trial_interface_m": [
        1.3542225370031387e-06,
        1.2314055285997822e-06
      ],
      "D_written_to_precice_m": [
        1.3542225370031387e-06,
        1.2314055285997822e-06
      ],
      "written_motion_vector_m": [
        [
          1.3542225370031387e-06,
          1.2314055285997822e-06
        ]
      ],
      "force_input_raw_N": [
        0.06307411064964573,
        0.0565399166393292,
        0.0
      ],
      "force_input_applied_N": [
        4.460240681653519,
        3.998179819495422,
        0.0
      ],
      "Fx_raw_N": 0.06307411064964573,
      "Fy_raw_N": 0.0565399166393292,
      "Fz_raw_N": 0.0,
      "Fx_section_Npm": 2.2526468089159186,
      "Fy_section_Npm": 2.0192827371189,
      "Fx_applied_N": 4.460240681653519,
      "Fy_applied_N": 3.998179819495422,
      "Fz_applied_N": 0.0,
      "returned_force_raw_N": [
        0.06365534521960178,
        0.05707043337831325,
        0.0
      ],
      "returned_force_applied_N": [
        4.5013422691004115,
        4.035694931752151,
        0.0
      ],
      "Fx_returned_raw_N": 0.06365534521960178,
      "Fy_returned_raw_N": 0.05707043337831325,
      "force_residual_raw_N": 0.000786944493375657,
      "force_residual_applied_N": 0.05564821774585003,
      "trial_displacement_residual_m": 1.5957860356550834e-09,
      "written_motion_delta_m": 1.5957860356550834e-09,
      "checkpoint_request": false,
      "checkpoint_created": false,
      "rollback_request": true,
      "commit_status": "rolled_back",
      "iteration_events": [
        "force_iterate_submitted_to_ancf",
        "ancf_trial_solved_and_scattered",
        "trial_displacement_written_to_precice",
        "precice_advance_completed",
        "requires_reading_checkpoint_true",
        "force_read_at_retry_endpoint_dt",
        "physical_state_rolled_back_trial_retained_as_history"
      ],
      "time_window_complete": false,
      "convergence_status": "retry_required",
      "precice_max_iterations": 20,
      "ancf_newton_iterations": 3,
      "ancf_residual": 9.540127887674998e-08,
      "q_state_hash": "ad66c2d4631abd35ad8200ba24c6db8308f09c5e20331428ab9084b78e42f18a",
      "qdot_state_hash": "0563b4e11e8d3ebb1cabdc7549010811b490dba61b56ae24956d6c1a3ea208f9",
      "qddot_state_hash": "30ffb3cf63b1f5e102e52a65cf868244a9af1bb9e815e799f374928290ad2fd7"
    },
    {
      "case_id": "ANCF_SINGLE_SLICE_HIGHRE_0P2S_PREP_V1",
      "window_index": 3,
      "iteration_index": 19,
      "sequence": 52,
      "request_id": 910052,
      "transaction_id": 1910052,
      "transport_ids": {
        "sequence": 52,
        "request_id": 910052,
        "transaction_id": 1910052
      },
      "physical_identity": {
        "global_step": 3,
        "bridge_step": 3,
        "integer_tick": 600000,
        "time_s": 0.0006000000000000001,
        "dt_s": 0.0002
      },
      "physical_time_s": 30.0006,
      "case_local_time_s": 0.0006000000000000001,
      "force_source_global_time_s": 30.0006,
      "force_source_kind": "PRECEDING_PRECICE_ADVANCE_ITERATE",
      "force_input_source_global_time_s": 30.0006,
      "force_input_read_offset_s": 0.0002,
      "force_input_source_kind": "PRECEDING_PRECICE_ADVANCE_ITERATE",
      "force_input_vector_raw_N": [
        0.06365534521960178,
        0.05707043337831325,
        0.0
      ],
      "force_input_window_index": 3,
      "force_input_iteration_index": 19,
      "returned_force_source_global_time_s": 30.0006,
      "returned_force_source_kind": "CURRENT_WINDOW_ENDPOINT_RETRY_ITERATE",
      "force_source_time_global_s": 30.0006,
      "force_read_time_s": 0.0002,
      "force_read_offset_s": 0.0002,
      "force_read_source_global_time_s": 30.0006,
      "force_read_source_kind": "CURRENT_WINDOW_ENDPOINT_RETRY_ITERATE",
      "force_source_vector_raw_N": [
        0.06412018952910349,
        0.05749460419942964,
        0.0
      ],
      "force_read_vector_raw_N": [
        0.06412018952910349,
        0.05749460419942964,
        0.0
      ],
      "force_read_window_index": 3,
      "force_read_iteration_index": 19,
      "window_target_global_time_s": 30.0006,
      "dt_s": 0.0002,
      "D_previous_committed_m": [
        5.233030201487327e-07,
        4.775586147561392e-07,
        0.0004163880479182147
      ],
      "D_trial_from_ancf_m": [
        1.3551657736879756e-06,
        1.2322664595835812e-06,
        0.0004163898290121537
      ],
      "D_trial_interface_m": [
        1.3551657736879756e-06,
        1.2322664595835812e-06
      ],
      "D_written_to_precice_m": [
        1.3551657736879756e-06,
        1.2322664595835812e-06
      ],
      "written_motion_vector_m": [
        [
          1.3551657736879756e-06,
          1.2322664595835812e-06
        ]
      ],
      "force_input_raw_N": [
        0.06365534521960178,
        0.05707043337831325,
        0.0
      ],
      "force_input_applied_N": [
        4.5013422691004115,
        4.035694931752151,
        0.0
      ],
      "Fx_raw_N": 0.06365534521960178,
      "Fy_raw_N": 0.05707043337831325,
      "Fz_raw_N": 0.0,
      "Fx_section_Npm": 2.273405186414349,
      "Fy_section_Npm": 2.0382297635111875,
      "Fx_applied_N": 4.5013422691004115,
      "Fy_applied_N": 4.035694931752151,
      "Fz_applied_N": 0.0,
      "returned_force_raw_N": [
        0.06412018952910349,
        0.05749460419942964,
        0.0
      ],
      "returned_force_applied_N": [
        4.534213402415175,
        4.0656898683882385,
        0.0
      ],
      "Fx_returned_raw_N": 0.06412018952910349,
      "Fy_returned_raw_N": 0.05749460419942964,
      "force_residual_raw_N": 0.0006292861968632934,
      "force_residual_applied_N": 0.044499523921047175,
      "trial_displacement_residual_m": 1.2770660133631057e-09,
      "written_motion_delta_m": 1.2770660133631057e-09,
      "checkpoint_request": false,
      "checkpoint_created": false,
      "rollback_request": true,
      "commit_status": "rolled_back",
      "iteration_events": [
        "force_iterate_submitted_to_ancf",
        "ancf_trial_solved_and_scattered",
        "trial_displacement_written_to_precice",
        "precice_advance_completed",
        "requires_reading_checkpoint_true",
        "force_read_at_retry_endpoint_dt",
        "physical_state_rolled_back_trial_retained_as_history"
      ],
      "time_window_complete": false,
      "convergence_status": "retry_required",
      "precice_max_iterations": 20,
      "ancf_newton_iterations": 3,
      "ancf_residual": 9.540127887674998e-08,
      "q_state_hash": "33217d83a407f05f256b0d56d3d6af8bf4e1ada8cd8b4f6e848d86f48ab4af8d",
      "qdot_state_hash": "2a2716858c695a1952f8da747d43599cc6fb176c96a3e73c2bc7718fb77ee7bd",
      "qddot_state_hash": "ef9e95f24fca36816161f82ef716b63ccecdd09c2de0029c20d1eac5a572ae0f"
    },
    {
      "case_id": "ANCF_SINGLE_SLICE_HIGHRE_0P2S_PREP_V1",
      "window_index": 3,
      "iteration_index": 20,
      "sequence": 53,
      "request_id": 910053,
      "transaction_id": 1910053,
      "transport_ids": {
        "sequence": 53,
        "request_id": 910053,
        "transaction_id": 1910053
      },
      "physical_identity": {
        "global_step": 3,
        "bridge_step": 3,
        "integer_tick": 600000,
        "time_s": 0.0006000000000000001,
        "dt_s": 0.0002
      },
      "physical_time_s": 30.0006,
      "case_local_time_s": 0.0006000000000000001,
      "force_source_global_time_s": 30.0006,
      "force_source_kind": "PRECEDING_PRECICE_ADVANCE_ITERATE",
      "force_input_source_global_time_s": 30.0006,
      "force_input_read_offset_s": 0.0002,
      "force_input_source_kind": "PRECEDING_PRECICE_ADVANCE_ITERATE",
      "force_input_vector_raw_N": [
        0.06412018952910349,
        0.05749460419942964,
        0.0
      ],
      "force_input_window_index": 3,
      "force_input_iteration_index": 20,
      "returned_force_source_global_time_s": 30.0006,
      "returned_force_source_kind": "ACCEPTED_WINDOW_BOUNDARY_FORCE",
      "force_source_time_global_s": 30.0006,
      "force_read_time_s": 0.0,
      "force_read_offset_s": 0.0,
      "force_read_source_global_time_s": 30.0006,
      "force_read_source_kind": "ACCEPTED_WINDOW_BOUNDARY_FORCE",
      "force_source_vector_raw_N": [
        0.06598028349942595,
        0.059192500334249436,
        0.0
      ],
      "force_read_vector_raw_N": [
        0.06598028349942595,
        0.059192500334249436,
        0.0
      ],
      "force_read_window_index": 3,
      "force_read_iteration_index": 20,
      "window_target_global_time_s": 30.0006,
      "dt_s": 0.0002,
      "D_previous_committed_m": [
        5.233030201487327e-07,
        4.775586147561392e-07,
        0.0004163880479182147
      ],
      "D_trial_from_ancf_m": [
        1.3559201304109314e-06,
        1.2329548107240614e-06,
        0.0004163898290125978
      ],
      "D_trial_interface_m": [
        1.3559201304109314e-06,
        1.2329548107240614e-06
      ],
      "D_written_to_precice_m": [
        1.3559201304109314e-06,
        1.2329548107240614e-06
      ],
      "written_motion_vector_m": [
        [
          1.3559201304109314e-06,
          1.2329548107240614e-06
        ]
      ],
      "force_input_raw_N": [
        0.06412018952910349,
        0.05749460419942964,
        0.0
      ],
      "force_input_applied_N": [
        4.534213402415175,
        4.0656898683882385,
        0.0
      ],
      "Fx_raw_N": 0.06412018952910349,
      "Fy_raw_N": 0.05749460419942964,
      "Fz_raw_N": 0.0,
      "Fx_section_Npm": 2.290006768896553,
      "Fy_section_Npm": 2.053378721408201,
      "Fx_applied_N": 4.534213402415175,
      "Fy_applied_N": 4.0656898683882385,
      "Fz_applied_N": 0.0,
      "returned_force_raw_N": [
        0.06598028349942595,
        0.059192500334249436,
        0.0
      ],
      "returned_force_applied_N": [
        4.665748618887977,
        4.185755380779067,
        0.0
      ],
      "Fx_returned_raw_N": 0.06598028349942595,
      "Fy_returned_raw_N": 0.059192500334249436,
      "force_residual_raw_N": 0.0025184917834025116,
      "force_residual_applied_N": 0.17809334754060616,
      "trial_displacement_residual_m": 1.0212156276071738e-09,
      "written_motion_delta_m": 1.0212156276071738e-09,
      "checkpoint_request": false,
      "checkpoint_created": false,
      "rollback_request": false,
      "commit_status": "committed",
      "iteration_events": [
        "force_iterate_submitted_to_ancf",
        "ancf_trial_solved_and_scattered",
        "trial_displacement_written_to_precice",
        "precice_advance_completed",
        "requires_reading_checkpoint_false",
        "force_read_at_accepted_window_start_zero",
        "accepted_trial_committed"
      ],
      "time_window_complete": true,
      "convergence_status": "ACCEPTED_AT_ITERATION_LIMIT",
      "precice_max_iterations": 20,
      "ancf_newton_iterations": 3,
      "ancf_residual": 9.540127887674998e-08,
      "q_state_hash": "056a16b62820a616e08b3af149dea70ba887001e16241f9529babc899afc59b8",
      "qdot_state_hash": "3197e5bdf6ee86edc8eac863d51ff69872dcd172f2d4ec519505e355a5cbe377",
      "qddot_state_hash": "c7c0a6563f9d6c2bf063b63340fc7d4b1dd9227b0b1ff1f05899dfff17ddd2ed"
    },
    {
      "case_id": "ANCF_SINGLE_SLICE_HIGHRE_0P2S_PREP_V1",
      "window_index": 4,
      "iteration_index": 1,
      "sequence": 54,
      "request_id": 910054,
      "transaction_id": 1910054,
      "transport_ids": {
        "sequence": 54,
        "request_id": 910054,
        "transaction_id": 1910054
      },
      "physical_identity": {
        "global_step": 4,
        "bridge_step": 4,
        "integer_tick": 800000,
        "time_s": 0.0008,
        "dt_s": 0.0002
      },
      "physical_time_s": 30.0008,
      "case_local_time_s": 0.0008,
      "force_source_global_time_s": 30.0006,
      "force_source_kind": "PRECEDING_ACCEPTED_PRECICE_EXCHANGE",
      "force_input_source_global_time_s": 30.0006,
      "force_input_read_offset_s": 0.0,
      "force_input_source_kind": "PRECEDING_ACCEPTED_PRECICE_EXCHANGE",
      "force_input_vector_raw_N": [
        0.06598028349942595,
        0.059192500334249436,
        0.0
      ],
      "force_input_window_index": 4,
      "force_input_iteration_index": 1,
      "returned_force_source_global_time_s": 30.0008,
      "returned_force_source_kind": "CURRENT_WINDOW_ENDPOINT_RETRY_ITERATE",
      "force_source_time_global_s": 30.0008,
      "force_read_time_s": 0.0002,
      "force_read_offset_s": 0.0002,
      "force_read_source_global_time_s": 30.0008,
      "force_read_source_kind": "CURRENT_WINDOW_ENDPOINT_RETRY_ITERATE",
      "force_source_vector_raw_N": [
        -0.20115137546286832,
        -0.1839754791467808,
        0.0
      ],
      "force_read_vector_raw_N": [
        -0.20115137546286832,
        -0.1839754791467808,
        0.0
      ],
      "force_read_window_index": 4,
      "force_read_iteration_index": 1,
      "window_target_global_time_s": 30.0008,
      "dt_s": 0.0002,
      "D_previous_committed_m": [
        1.3559201304109314e-06,
        1.2329548107240614e-06,
        0.0004163898290125978
      ],
      "D_trial_from_ancf_m": [
        2.5918613470216482e-06,
        2.350119583195704e-06,
        0.0004163925001128277
      ],
      "D_trial_interface_m": [
        2.5918613470216482e-06,
        2.350119583195704e-06
      ],
      "D_written_to_precice_m": [
        2.5918613470216482e-06,
        2.350119583195704e-06
      ],
      "written_motion_vector_m": [
        [
          2.5918613470216482e-06,
          2.350119583195704e-06
        ]
      ],
      "force_input_raw_N": [
        0.06598028349942595,
        0.059192500334249436,
        0.0
      ],
      "force_input_applied_N": [
        4.665748618887977,
        4.185755380779067,
        0.0
      ],
      "Fx_raw_N": 0.06598028349942595,
      "Fy_raw_N": 0.059192500334249436,
      "Fz_raw_N": 0.0,
      "Fx_section_Npm": 2.3564386964080692,
      "Fy_section_Npm": 2.114017869080337,
      "Fx_applied_N": 4.665748618887977,
      "Fy_applied_N": 4.185755380779067,
      "Fz_applied_N": 0.0,
      "returned_force_raw_N": [
        -0.20115137546286832,
        -0.1839754791467808,
        0.0
      ],
      "returned_force_applied_N": [
        -14.22427583630283,
        -13.009694596808071,
        0.0
      ],
      "Fx_returned_raw_N": -0.20115137546286832,
      "Fy_returned_raw_N": -0.1839754791467808,
      "force_residual_raw_N": 0.36123398160310755,
      "force_residual_applied_N": 25.544402984791173,
      "trial_displacement_residual_m": 1.6660155520789101e-06,
      "written_motion_delta_m": null,
      "checkpoint_request": true,
      "checkpoint_created": true,
      "rollback_request": true,
      "commit_status": "rolled_back",
      "iteration_events": [
        "physical_checkpoint_created",
        "force_iterate_submitted_to_ancf",
        "ancf_trial_solved_and_scattered",
        "trial_displacement_written_to_precice",
        "precice_advance_completed",
        "requires_reading_checkpoint_true",
        "force_read_at_retry_endpoint_dt",
        "physical_state_rolled_back_trial_retained_as_history"
      ],
      "time_window_complete": false,
      "convergence_status": "retry_required",
      "precice_max_iterations": 20,
      "ancf_newton_iterations": 3,
      "ancf_residual": 1.3914492402733458e-07,
      "q_state_hash": "6139a94daa516e1f92ff76cb6b8087e958dead3409e25027f6c28ce7cd5a1719",
      "qdot_state_hash": "5ecae1810b25cbf5e8bda4fff61130b7075eb274a05b6d5db1b367151e72eea9",
      "qddot_state_hash": "397d3a0efda3aab0d2bc3eb1f77f4bd5a9c61e8301c38167f16c6705a10b67a5"
    },
    {
      "case_id": "ANCF_SINGLE_SLICE_HIGHRE_0P2S_PREP_V1",
      "window_index": 4,
      "iteration_index": 2,
      "sequence": 55,
      "request_id": 910055,
      "transaction_id": 1910055,
      "transport_ids": {
        "sequence": 55,
        "request_id": 910055,
        "transaction_id": 1910055
      },
      "physical_identity": {
        "global_step": 4,
        "bridge_step": 4,
        "integer_tick": 800000,
        "time_s": 0.0008,
        "dt_s": 0.0002
      },
      "physical_time_s": 30.0008,
      "case_local_time_s": 0.0008,
      "force_source_global_time_s": 30.0008,
      "force_source_kind": "PRECEDING_PRECICE_ADVANCE_ITERATE",
      "force_input_source_global_time_s": 30.0008,
      "force_input_read_offset_s": 0.0002,
      "force_input_source_kind": "PRECEDING_PRECICE_ADVANCE_ITERATE",
      "force_input_vector_raw_N": [
        -0.20115137546286832,
        -0.1839754791467808,
        0.0
      ],
      "force_input_window_index": 4,
      "force_input_iteration_index": 2,
      "returned_force_source_global_time_s": 30.0008,
      "returned_force_source_kind": "CURRENT_WINDOW_ENDPOINT_RETRY_ITERATE",
      "force_source_time_global_s": 30.0008,
      "force_read_time_s": 0.0002,
      "force_read_offset_s": 0.0002,
      "force_read_source_global_time_s": 30.0008,
      "force_read_source_kind": "CURRENT_WINDOW_ENDPOINT_RETRY_ITERATE",
      "force_source_vector_raw_N": [
        -0.14773382470863614,
        -0.13534600156769952,
        0.0
      ],
      "force_read_vector_raw_N": [
        -0.14773382470863614,
        -0.13534600156769952,
        0.0
      ],
      "force_read_window_index": 4,
      "force_read_iteration_index": 2,
      "window_target_global_time_s": 30.0008,
      "dt_s": 0.0002,
      "D_previous_committed_m": [
        1.3559201304109314e-06,
        1.2329548107240614e-06,
        0.0004163898290125978
      ],
      "D_trial_from_ancf_m": [
        2.1583558515645763e-06,
        1.9555027270952726e-06,
        0.0004163925001505753
      ],
      "D_trial_interface_m": [
        2.1583558515645763e-06,
        1.9555027270952726e-06
      ],
      "D_written_to_precice_m": [
        2.1583558515645763e-06,
        1.9555027270952726e-06
      ],
      "written_motion_vector_m": [
        [
          2.1583558515645763e-06,
          1.9555027270952726e-06
        ]
      ],
      "force_input_raw_N": [
        -0.20115137546286832,
        -0.1839754791467808,
        0.0
      ],
      "force_input_applied_N": [
        -14.224275836302832,
        -13.009694596808071,
        0.0
      ],
      "Fx_raw_N": -0.20115137546286832,
      "Fy_raw_N": -0.1839754791467808,
      "Fz_raw_N": 0.0,
      "Fx_section_Npm": -7.18397769510244,
      "Fy_section_Npm": -6.570552826670743,
      "Fx_applied_N": -14.224275836302832,
      "Fy_applied_N": -13.009694596808071,
      "Fz_applied_N": 0.0,
      "returned_force_raw_N": [
        -0.14773382470863614,
        -0.13534600156769952,
        0.0
      ],
      "returned_force_applied_N": [
        -10.446891890110697,
        -9.570895825144465,
        0.0
      ],
      "Fx_returned_raw_N": -0.14773382470863614,
      "Fy_returned_raw_N": -0.13534600156769952,
      "force_residual_raw_N": 0.07223753053777061,
      "force_residual_applied_N": 5.10822537374235,
      "trial_displacement_residual_m": 5.862162380129624e-07,
      "written_motion_delta_m": 5.862162380129624e-07,
      "checkpoint_request": false,
      "checkpoint_created": false,
      "rollback_request": true,
      "commit_status": "rolled_back",
      "iteration_events": [
        "force_iterate_submitted_to_ancf",
        "ancf_trial_solved_and_scattered",
        "trial_displacement_written_to_precice",
        "precice_advance_completed",
        "requires_reading_checkpoint_true",
        "force_read_at_retry_endpoint_dt",
        "physical_state_rolled_back_trial_retained_as_history"
      ],
      "time_window_complete": false,
      "convergence_status": "retry_required",
      "precice_max_iterations": 20,
      "ancf_newton_iterations": 3,
      "ancf_residual": 1.3914492402733458e-07,
      "q_state_hash": "c3cacef98409c48f7e804e6d12bba7341e6a9f411450b1537d3d17ae6fb56bb2",
      "qdot_state_hash": "e4a2fb5eaaa2c279beeba96e18c29b93a93bf08fafce723d76fa2a1d9a34279b",
      "qddot_state_hash": "719b8c06a9041b0cf6b7dcd60c37ceab61eaf1ec5e8f66eeb8e05cdee992e8be"
    },
    {
      "case_id": "ANCF_SINGLE_SLICE_HIGHRE_0P2S_PREP_V1",
      "window_index": 4,
      "iteration_index": 3,
      "sequence": 56,
      "request_id": 910056,
      "transaction_id": 1910056,
      "transport_ids": {
        "sequence": 56,
        "request_id": 910056,
        "transaction_id": 1910056
      },
      "physical_identity": {
        "global_step": 4,
        "bridge_step": 4,
        "integer_tick": 800000,
        "time_s": 0.0008,
        "dt_s": 0.0002
      },
      "physical_time_s": 30.0008,
      "case_local_time_s": 0.0008,
      "force_source_global_time_s": 30.0008,
      "force_source_kind": "PRECEDING_PRECICE_ADVANCE_ITERATE",
      "force_input_source_global_time_s": 30.0008,
      "force_input_read_offset_s": 0.0002,
      "force_input_source_kind": "PRECEDING_PRECICE_ADVANCE_ITERATE",
      "force_input_vector_raw_N": [
        -0.14773382470863614,
        -0.13534600156769952,
        0.0
      ],
      "force_input_window_index": 4,
      "force_input_iteration_index": 3,
      "returned_force_source_global_time_s": 30.0008,
      "returned_force_source_kind": "CURRENT_WINDOW_ENDPOINT_RETRY_ITERATE",
      "force_source_time_global_s": 30.0008,
      "force_read_time_s": 0.0002,
      "force_read_offset_s": 0.0002,
      "force_read_source_global_time_s": 30.0008,
      "force_read_source_kind": "CURRENT_WINDOW_ENDPOINT_RETRY_ITERATE",
      "force_source_vector_raw_N": [
        -0.10499978410525038,
        -0.0964424195044345,
        0.0
      ],
      "force_read_vector_raw_N": [
        -0.10499978410525038,
        -0.0964424195044345,
        0.0
      ],
      "force_read_window_index": 4,
      "force_read_iteration_index": 3,
      "window_target_global_time_s": 30.0008,
      "dt_s": 0.0002,
      "D_previous_committed_m": [
        1.3559201304109314e-06,
        1.2329548107240614e-06,
        0.0004163898290125978
      ],
      "D_trial_from_ancf_m": [
        2.2450427006632505e-06,
        2.0344194150590176e-06,
        0.00041639250014391394
      ],
      "D_trial_interface_m": [
        2.2450427006632505e-06,
        2.0344194150590176e-06
      ],
      "D_written_to_precice_m": [
        2.2450427006632505e-06,
        2.0344194150590176e-06
      ],
      "written_motion_vector_m": [
        [
          2.2450427006632505e-06,
          2.0344194150590176e-06
        ]
      ],
      "force_input_raw_N": [
        -0.14773382470863614,
        -0.13534600156769952,
        0.0
      ],
      "force_input_applied_N": [
        -10.446891890110697,
        -9.570895825144467,
        0.0
      ],
      "Fx_raw_N": -0.14773382470863614,
      "Fy_raw_N": -0.13534600156769952,
      "Fz_raw_N": 0.0,
      "Fx_section_Npm": -5.276208025308433,
      "Fy_section_Npm": -4.833785770274983,
      "Fx_applied_N": -10.446891890110697,
      "Fy_applied_N": -9.570895825144467,
      "Fz_applied_N": 0.0,
      "returned_force_raw_N": [
        -0.10499978410525038,
        -0.0964424195044345,
        0.0
      ],
      "returned_force_applied_N": [
        -7.4249847331569905,
        -6.819856807813582,
        0.0
      ],
      "Fx_returned_raw_N": -0.10499978410525038,
      "Fy_returned_raw_N": -0.0964424195044345,
      "force_residual_raw_N": 0.05779002443021649,
      "force_residual_applied_N": 4.08658029899388,
      "trial_displacement_residual_m": 1.1722821096401422e-07,
      "written_motion_delta_m": 1.1722821096401422e-07,
      "checkpoint_request": false,
      "checkpoint_created": false,
      "rollback_request": true,
      "commit_status": "rolled_back",
      "iteration_events": [
        "force_iterate_submitted_to_ancf",
        "ancf_trial_solved_and_scattered",
        "trial_displacement_written_to_precice",
        "precice_advance_completed",
        "requires_reading_checkpoint_true",
        "force_read_at_retry_endpoint_dt",
        "physical_state_rolled_back_trial_retained_as_history"
      ],
      "time_window_complete": false,
      "convergence_status": "retry_required",
      "precice_max_iterations": 20,
      "ancf_newton_iterations": 3,
      "ancf_residual": 1.3914492402733458e-07,
      "q_state_hash": "fe0d3c816c0e34f5bd41c21ea2022c16b45586716e6cce9351ee851f1ea5c72f",
      "qdot_state_hash": "bff23421edd2137a8b4435f99b288f5a120d2ffc9e21e0eed86ecc649d9078fa",
      "qddot_state_hash": "fac05a59362c7bf5712d57ec6d640f02c816e1ef2f0c8ff2226def9588c2ed55"
    },
    {
      "case_id": "ANCF_SINGLE_SLICE_HIGHRE_0P2S_PREP_V1",
      "window_index": 4,
      "iteration_index": 4,
      "sequence": 57,
      "request_id": 910057,
      "transaction_id": 1910057,
      "transport_ids": {
        "sequence": 57,
        "request_id": 910057,
        "transaction_id": 1910057
      },
      "physical_identity": {
        "global_step": 4,
        "bridge_step": 4,
        "integer_tick": 800000,
        "time_s": 0.0008,
        "dt_s": 0.0002
      },
      "physical_time_s": 30.0008,
      "case_local_time_s": 0.0008,
      "force_source_global_time_s": 30.0008,
      "force_source_kind": "PRECEDING_PRECICE_ADVANCE_ITERATE",
      "force_input_source_global_time_s": 30.0008,
      "force_input_read_offset_s": 0.0002,
      "force_input_source_kind": "PRECEDING_PRECICE_ADVANCE_ITERATE",
      "force_input_vector_raw_N": [
        -0.10499978410525038,
        -0.0964424195044345,
        0.0
      ],
      "force_input_window_index": 4,
      "force_input_iteration_index": 4,
      "returned_force_source_global_time_s": 30.0008,
      "returned_force_source_kind": "CURRENT_WINDOW_ENDPOINT_RETRY_ITERATE",
      "force_source_time_global_s": 30.0008,
      "force_read_time_s": 0.0002,
      "force_read_offset_s": 0.0002,
      "force_read_source_global_time_s": 30.0008,
      "force_read_source_kind": "CURRENT_WINDOW_ENDPOINT_RETRY_ITERATE",
      "force_source_vector_raw_N": [
        -0.07081255162254177,
        -0.06531955385382249,
        0.0
      ],
      "force_read_vector_raw_N": [
        -0.07081255162254177,
        -0.06531955385382249,
        0.0
      ],
      "force_read_window_index": 4,
      "force_read_iteration_index": 4,
      "window_target_global_time_s": 30.0008,
      "dt_s": 0.0002,
      "D_previous_committed_m": [
        1.3559201304109314e-06,
        1.2329548107240614e-06,
        0.0004163898290125978
      ],
      "D_trial_from_ancf_m": [
        2.3143921799368535e-06,
        2.0975527654251636e-06,
        0.0004163925001381408
      ],
      "D_trial_interface_m": [
        2.3143921799368535e-06,
        2.0975527654251636e-06
      ],
      "D_written_to_precice_m": [
        2.3143921799368535e-06,
        2.0975527654251636e-06
      ],
      "written_motion_vector_m": [
        [
          2.3143921799368535e-06,
          2.0975527654251636e-06
        ]
      ],
      "force_input_raw_N": [
        -0.10499978410525038,
        -0.0964424195044345,
        0.0
      ],
      "force_input_applied_N": [
        -7.424984733156991,
        -6.819856807813582,
        0.0
      ],
      "Fx_raw_N": -0.10499978410525038,
      "Fy_raw_N": -0.0964424195044345,
      "Fz_raw_N": 0.0,
      "Fx_section_Npm": -3.749992289473228,
      "Fy_section_Npm": -3.4443721251583748,
      "Fx_applied_N": -7.424984733156991,
      "Fy_applied_N": -6.819856807813582,
      "Fz_applied_N": 0.0,
      "returned_force_raw_N": [
        -0.07081255162254177,
        -0.06531955385382249,
        0.0
      ],
      "returned_force_applied_N": [
        -5.007459007594025,
        -4.619025593948876,
        0.0
      ],
      "Fx_returned_raw_N": -0.07081255162254177,
      "Fy_returned_raw_N": -0.06531955385382249,
      "force_residual_raw_N": 0.046232019544173185,
      "force_residual_applied_N": 3.2692642391951034,
      "trial_displacement_residual_m": 9.378256876400029e-08,
      "written_motion_delta_m": 9.378256876400029e-08,
      "checkpoint_request": false,
      "checkpoint_created": false,
      "rollback_request": true,
      "commit_status": "rolled_back",
      "iteration_events": [
        "force_iterate_submitted_to_ancf",
        "ancf_trial_solved_and_scattered",
        "trial_displacement_written_to_precice",
        "precice_advance_completed",
        "requires_reading_checkpoint_true",
        "force_read_at_retry_endpoint_dt",
        "physical_state_rolled_back_trial_retained_as_history"
      ],
      "time_window_complete": false,
      "convergence_status": "retry_required",
      "precice_max_iterations": 20,
      "ancf_newton_iterations": 3,
      "ancf_residual": 1.3914492402733458e-07,
      "q_state_hash": "7c942c297e3c17e275fdf7349b49cb2a28964a9dd7ee9061a416bb1f4089d53b",
      "qdot_state_hash": "d57220dfbebc63291d89f5b60e8d6f8846185f904f2585bdab914ce82cc9e8f5",
      "qddot_state_hash": "0f411ad5f812b6a04ae4a574d7aa8e3e195296c33654751200c377e70aa72f6b"
    },
    {
      "case_id": "ANCF_SINGLE_SLICE_HIGHRE_0P2S_PREP_V1",
      "window_index": 4,
      "iteration_index": 5,
      "sequence": 58,
      "request_id": 910058,
      "transaction_id": 1910058,
      "transport_ids": {
        "sequence": 58,
        "request_id": 910058,
        "transaction_id": 1910058
      },
      "physical_identity": {
        "global_step": 4,
        "bridge_step": 4,
        "integer_tick": 800000,
        "time_s": 0.0008,
        "dt_s": 0.0002
      },
      "physical_time_s": 30.0008,
      "case_local_time_s": 0.0008,
      "force_source_global_time_s": 30.0008,
      "force_source_kind": "PRECEDING_PRECICE_ADVANCE_ITERATE",
      "force_input_source_global_time_s": 30.0008,
      "force_input_read_offset_s": 0.0002,
      "force_input_source_kind": "PRECEDING_PRECICE_ADVANCE_ITERATE",
      "force_input_vector_raw_N": [
        -0.07081255162254177,
        -0.06531955385382249,
        0.0
      ],
      "force_input_window_index": 4,
      "force_input_iteration_index": 5,
      "returned_force_source_global_time_s": 30.0008,
      "returned_force_source_kind": "CURRENT_WINDOW_ENDPOINT_RETRY_ITERATE",
      "force_source_time_global_s": 30.0008,
      "force_read_time_s": 0.0002,
      "force_read_offset_s": 0.0002,
      "force_read_source_global_time_s": 30.0008,
      "force_read_source_kind": "CURRENT_WINDOW_ENDPOINT_RETRY_ITERATE",
      "force_source_vector_raw_N": [
        -0.04346276563637489,
        -0.04042126133333287,
        0.0
      ],
      "force_read_vector_raw_N": [
        -0.04346276563637489,
        -0.04042126133333287,
        0.0
      ],
      "force_read_window_index": 4,
      "force_read_iteration_index": 5,
      "window_target_global_time_s": 30.0008,
      "dt_s": 0.0002,
      "D_previous_committed_m": [
        1.3559201304109314e-06,
        1.2329548107240614e-06,
        0.0004163898290125978
      ],
      "D_trial_from_ancf_m": [
        2.369871763352213e-06,
        2.1480594457148776e-06,
        0.0004163925001332558
      ],
      "D_trial_interface_m": [
        2.369871763352213e-06,
        2.1480594457148776e-06
      ],
      "D_written_to_precice_m": [
        2.369871763352213e-06,
        2.1480594457148776e-06
      ],
      "written_motion_vector_m": [
        [
          2.369871763352213e-06,
          2.1480594457148776e-06
        ]
      ],
      "force_input_raw_N": [
        -0.07081255162254177,
        -0.06531955385382249,
        0.0
      ],
      "force_input_applied_N": [
        -5.007459007594025,
        -4.6190255939488765,
        0.0
      ],
      "Fx_raw_N": -0.07081255162254177,
      "Fy_raw_N": -0.06531955385382249,
      "Fz_raw_N": 0.0,
      "Fx_section_Npm": -2.529019700805063,
      "Fy_section_Npm": -2.332841209065089,
      "Fx_applied_N": -5.007459007594025,
      "Fy_applied_N": -4.6190255939488765,
      "Fz_applied_N": 0.0,
      "returned_force_raw_N": [
        -0.04346276563637489,
        -0.04042126133333287,
        0.0
      ],
      "returned_force_applied_N": [
        -3.073438427143653,
        -2.8583606228571097,
        0.0
      ],
      "Fx_returned_raw_N": -0.04346276563637489,
      "Fy_returned_raw_N": -0.04042126133333287,
      "force_residual_raw_N": 0.03698561563533855,
      "force_residual_applied_N": 2.615411391356083,
      "trial_displacement_residual_m": 7.502605500643895e-08,
      "written_motion_delta_m": 7.502605500643895e-08,
      "checkpoint_request": false,
      "checkpoint_created": false,
      "rollback_request": true,
      "commit_status": "rolled_back",
      "iteration_events": [
        "force_iterate_submitted_to_ancf",
        "ancf_trial_solved_and_scattered",
        "trial_displacement_written_to_precice",
        "precice_advance_completed",
        "requires_reading_checkpoint_true",
        "force_read_at_retry_endpoint_dt",
        "physical_state_rolled_back_trial_retained_as_history"
      ],
      "time_window_complete": false,
      "convergence_status": "retry_required",
      "precice_max_iterations": 20,
      "ancf_newton_iterations": 3,
      "ancf_residual": 1.3914492402733458e-07,
      "q_state_hash": "200d4a82da20e9066597f84af89c8ed88a7eb1b820bd4c32b8f853f5bf726f6a",
      "qdot_state_hash": "702545dda0dfc5e22c6bdaeb16c8c82dd6fb6996ad1b3bb3efc47fa958dafaf2",
      "qddot_state_hash": "97aba510a16137aaedbc87d7abec2067ed062d546cfeb3ce64c67f3e2e0a5975"
    },
    {
      "case_id": "ANCF_SINGLE_SLICE_HIGHRE_0P2S_PREP_V1",
      "window_index": 4,
      "iteration_index": 6,
      "sequence": 59,
      "request_id": 910059,
      "transaction_id": 1910059,
      "transport_ids": {
        "sequence": 59,
        "request_id": 910059,
        "transaction_id": 1910059
      },
      "physical_identity": {
        "global_step": 4,
        "bridge_step": 4,
        "integer_tick": 800000,
        "time_s": 0.0008,
        "dt_s": 0.0002
      },
      "physical_time_s": 30.0008,
      "case_local_time_s": 0.0008,
      "force_source_global_time_s": 30.0008,
      "force_source_kind": "PRECEDING_PRECICE_ADVANCE_ITERATE",
      "force_input_source_global_time_s": 30.0008,
      "force_input_read_offset_s": 0.0002,
      "force_input_source_kind": "PRECEDING_PRECICE_ADVANCE_ITERATE",
      "force_input_vector_raw_N": [
        -0.04346276563637489,
        -0.04042126133333287,
        0.0
      ],
      "force_input_window_index": 4,
      "force_input_iteration_index": 6,
      "returned_force_source_global_time_s": 30.0008,
      "returned_force_source_kind": "CURRENT_WINDOW_ENDPOINT_RETRY_ITERATE",
      "force_source_time_global_s": 30.0008,
      "force_read_time_s": 0.0002,
      "force_read_offset_s": 0.0002,
      "force_read_source_global_time_s": 30.0008,
      "force_read_source_kind": "CURRENT_WINDOW_ENDPOINT_RETRY_ITERATE",
      "force_source_vector_raw_N": [
        -0.021582936847441392,
        -0.02050262731694117,
        0.0
      ],
      "force_read_vector_raw_N": [
        -0.021582936847441392,
        -0.02050262731694117,
        0.0
      ],
      "force_read_window_index": 4,
      "force_read_iteration_index": 6,
      "window_target_global_time_s": 30.0008,
      "dt_s": 0.0002,
      "D_previous_committed_m": [
        1.3559201304109314e-06,
        1.2329548107240614e-06,
        0.0004163898290125978
      ],
      "D_trial_from_ancf_m": [
        2.414255430082186e-06,
        2.1884647899445454e-06,
        0.0004163925001288149
      ],
      "D_trial_interface_m": [
        2.414255430082186e-06,
        2.1884647899445454e-06
      ],
      "D_written_to_precice_m": [
        2.414255430082186e-06,
        2.1884647899445454e-06
      ],
      "written_motion_vector_m": [
        [
          2.414255430082186e-06,
          2.1884647899445454e-06
        ]
      ],
      "force_input_raw_N": [
        -0.04346276563637489,
        -0.04042126133333287,
        0.0
      ],
      "force_input_applied_N": [
        -3.073438427143653,
        -2.8583606228571097,
        0.0
      ],
      "Fx_raw_N": -0.04346276563637489,
      "Fy_raw_N": -0.04042126133333287,
      "Fz_raw_N": 0.0,
      "Fx_section_Npm": -1.5522416298705317,
      "Fy_section_Npm": -1.4436164761904595,
      "Fx_applied_N": -3.073438427143653,
      "Fy_applied_N": -2.8583606228571097,
      "Fz_applied_N": 0.0,
      "returned_force_raw_N": [
        -0.021582936847441392,
        -0.02050262731694117,
        0.0
      ],
      "returned_force_applied_N": [
        -1.5262219627833555,
        -1.4498286459836969,
        0.0
      ],
      "Fx_returned_raw_N": -0.021582936847441392,
      "Fy_returned_raw_N": -0.02050262731694117,
      "force_residual_raw_N": 0.02958849250827084,
      "force_residual_applied_N": 2.0923291130848662,
      "trial_displacement_residual_m": 6.002084400202386e-08,
      "written_motion_delta_m": 6.002084400202386e-08,
      "checkpoint_request": false,
      "checkpoint_created": false,
      "rollback_request": true,
      "commit_status": "rolled_back",
      "iteration_events": [
        "force_iterate_submitted_to_ancf",
        "ancf_trial_solved_and_scattered",
        "trial_displacement_written_to_precice",
        "precice_advance_completed",
        "requires_reading_checkpoint_true",
        "force_read_at_retry_endpoint_dt",
        "physical_state_rolled_back_trial_retained_as_history"
      ],
      "time_window_complete": false,
      "convergence_status": "retry_required",
      "precice_max_iterations": 20,
      "ancf_newton_iterations": 3,
      "ancf_residual": 1.3914492402733458e-07,
      "q_state_hash": "8e7c54a0bf3d16814529adb4c0d725bfc73d5cb54580f93da276917320368e6b",
      "qdot_state_hash": "5d4f5dd72c09ae4799237e101885de2631db49c7865f700ace8f6661a34522cc",
      "qddot_state_hash": "edead46eb6a9739f004d8c4866d547820509eae07ef10a6d12141da404bf2d44"
    },
    {
      "case_id": "ANCF_SINGLE_SLICE_HIGHRE_0P2S_PREP_V1",
      "window_index": 4,
      "iteration_index": 7,
      "sequence": 60,
      "request_id": 910060,
      "transaction_id": 1910060,
      "transport_ids": {
        "sequence": 60,
        "request_id": 910060,
        "transaction_id": 1910060
      },
      "physical_identity": {
        "global_step": 4,
        "bridge_step": 4,
        "integer_tick": 800000,
        "time_s": 0.0008,
        "dt_s": 0.0002
      },
      "physical_time_s": 30.0008,
      "case_local_time_s": 0.0008,
      "force_source_global_time_s": 30.0008,
      "force_source_kind": "PRECEDING_PRECICE_ADVANCE_ITERATE",
      "force_input_source_global_time_s": 30.0008,
      "force_input_read_offset_s": 0.0002,
      "force_input_source_kind": "PRECEDING_PRECICE_ADVANCE_ITERATE",
      "force_input_vector_raw_N": [
        -0.021582936847441392,
        -0.02050262731694117,
        0.0
      ],
      "force_input_window_index": 4,
      "force_input_iteration_index": 7,
      "returned_force_source_global_time_s": 30.0008,
      "returned_force_source_kind": "CURRENT_WINDOW_ENDPOINT_RETRY_ITERATE",
      "force_source_time_global_s": 30.0008,
      "force_read_time_s": 0.0002,
      "force_read_offset_s": 0.0002,
      "force_read_source_global_time_s": 30.0008,
      "force_read_source_kind": "CURRENT_WINDOW_ENDPOINT_RETRY_ITERATE",
      "force_source_vector_raw_N": [
        -0.004079073816294588,
        -0.00456772010382781,
        0.0
      ],
      "force_read_vector_raw_N": [
        -0.004079073816294588,
        -0.00456772010382781,
        0.0
      ],
      "force_read_window_index": 4,
      "force_read_iteration_index": 7,
      "window_target_global_time_s": 30.0008,
      "dt_s": 0.0002,
      "D_previous_committed_m": [
        1.3559201304109314e-06,
        1.2329548107240614e-06,
        0.0004163898290125978
      ],
      "D_trial_from_ancf_m": [
        2.449762363464656e-06,
        2.220789065326908e-06,
        0.0004163925001257063
      ],
      "D_trial_interface_m": [
        2.449762363464656e-06,
        2.220789065326908e-06
      ],
      "D_written_to_precice_m": [
        2.449762363464656e-06,
        2.220789065326908e-06
      ],
      "written_motion_vector_m": [
        [
          2.449762363464656e-06,
          2.220789065326908e-06
        ]
      ],
      "force_input_raw_N": [
        -0.021582936847441392,
        -0.02050262731694117,
        0.0
      ],
      "force_input_applied_N": [
        -1.5262219627833555,
        -1.449828645983697,
        0.0
      ],
      "Fx_raw_N": -0.021582936847441392,
      "Fy_raw_N": -0.02050262731694117,
      "Fz_raw_N": 0.0,
      "Fx_section_Npm": -0.7708191731229068,
      "Fy_section_Npm": -0.7322366898907561,
      "Fx_applied_N": -1.5262219627833555,
      "Fy_applied_N": -1.449828645983697,
      "Fz_applied_N": 0.0,
      "returned_force_raw_N": [
        -0.004079073816294588,
        -0.00456772010382781,
        0.0
      ],
      "returned_force_applied_N": [
        -0.2884487912951173,
        -0.3230030644849665,
        0.0
      ],
      "Fx_returned_raw_N": -0.004079073816294588,
      "Fy_returned_raw_N": -0.00456772010382781,
      "force_residual_raw_N": 0.023670794006616674,
      "force_residual_applied_N": 1.6738632904678932,
      "trial_displacement_residual_m": 4.801667519958027e-08,
      "written_motion_delta_m": 4.801667519958027e-08,
      "checkpoint_request": false,
      "checkpoint_created": false,
      "rollback_request": true,
      "commit_status": "rolled_back",
      "iteration_events": [
        "force_iterate_submitted_to_ancf",
        "ancf_trial_solved_and_scattered",
        "trial_displacement_written_to_precice",
        "precice_advance_completed",
        "requires_reading_checkpoint_true",
        "force_read_at_retry_endpoint_dt",
        "physical_state_rolled_back_trial_retained_as_history"
      ],
      "time_window_complete": false,
      "convergence_status": "retry_required",
      "precice_max_iterations": 20,
      "ancf_newton_iterations": 3,
      "ancf_residual": 1.3914492402733458e-07,
      "q_state_hash": "3f50b10383cda940fdbe750bd4170c4fc7178d4e8ce842391ef28b5093610de1",
      "qdot_state_hash": "2222123443dab1efeabc099593163072ebba33ff9c863bb97ce22f82e2aedf99",
      "qddot_state_hash": "facd4540bf0df60d85aa2a511d6fa11f25de1710d413c52fc5f1ed0574ae7349"
    },
    {
      "case_id": "ANCF_SINGLE_SLICE_HIGHRE_0P2S_PREP_V1",
      "window_index": 4,
      "iteration_index": 8,
      "sequence": 61,
      "request_id": 910061,
      "transaction_id": 1910061,
      "transport_ids": {
        "sequence": 61,
        "request_id": 910061,
        "transaction_id": 1910061
      },
      "physical_identity": {
        "global_step": 4,
        "bridge_step": 4,
        "integer_tick": 800000,
        "time_s": 0.0008,
        "dt_s": 0.0002
      },
      "physical_time_s": 30.0008,
      "case_local_time_s": 0.0008,
      "force_source_global_time_s": 30.0008,
      "force_source_kind": "PRECEDING_PRECICE_ADVANCE_ITERATE",
      "force_input_source_global_time_s": 30.0008,
      "force_input_read_offset_s": 0.0002,
      "force_input_source_kind": "PRECEDING_PRECICE_ADVANCE_ITERATE",
      "force_input_vector_raw_N": [
        -0.004079073816294588,
        -0.00456772010382781,
        0.0
      ],
      "force_input_window_index": 4,
      "force_input_iteration_index": 8,
      "returned_force_source_global_time_s": 30.0008,
      "returned_force_source_kind": "CURRENT_WINDOW_ENDPOINT_RETRY_ITERATE",
      "force_source_time_global_s": 30.0008,
      "force_read_time_s": 0.0002,
      "force_read_offset_s": 0.0002,
      "force_read_source_global_time_s": 30.0008,
      "force_read_source_kind": "CURRENT_WINDOW_ENDPOINT_RETRY_ITERATE",
      "force_source_vector_raw_N": [
        0.009924016608622856,
        0.008180205666662877,
        0.0
      ],
      "force_read_vector_raw_N": [
        0.009924016608622856,
        0.008180205666662877,
        0.0
      ],
      "force_read_window_index": 4,
      "force_read_iteration_index": 8,
      "window_target_global_time_s": 30.0008,
      "dt_s": 0.0002,
      "D_previous_committed_m": [
        1.3559201304109314e-06,
        1.2329548107240614e-06,
        0.0004163898290125978
      ],
      "D_trial_from_ancf_m": [
        2.4781679101696545e-06,
        2.2466484856319097e-06,
        0.0004163925001239299
      ],
      "D_trial_interface_m": [
        2.4781679101696545e-06,
        2.2466484856319097e-06
      ],
      "D_written_to_precice_m": [
        2.4781679101696545e-06,
        2.2466484856319097e-06
      ],
      "written_motion_vector_m": [
        [
          2.4781679101696545e-06,
          2.2466484856319097e-06
        ]
      ],
      "force_input_raw_N": [
        -0.004079073816294588,
        -0.00456772010382781,
        0.0
      ],
      "force_input_applied_N": [
        -0.2884487912951173,
        -0.3230030644849666,
        0.0
      ],
      "Fx_raw_N": -0.004079073816294588,
      "Fy_raw_N": -0.00456772010382781,
      "Fz_raw_N": 0.0,
      "Fx_section_Npm": -0.14568120772480672,
      "Fy_section_Npm": -0.1631328608509932,
      "Fx_applied_N": -0.2884487912951173,
      "Fy_applied_N": -0.3230030644849666,
      "Fz_applied_N": 0.0,
      "returned_force_raw_N": [
        0.009924016608622856,
        0.008180205666662877,
        0.0
      ],
      "returned_force_applied_N": [
        0.7017697458954734,
        0.5784574007140176,
        0.0
      ],
      "Fx_returned_raw_N": 0.009924016608622856,
      "Fy_returned_raw_N": 0.008180205666662877,
      "force_residual_raw_N": 0.01893663520529334,
      "force_residual_applied_N": 1.3390906323743148,
      "trial_displacement_residual_m": 3.841334015834294e-08,
      "written_motion_delta_m": 3.841334015834294e-08,
      "checkpoint_request": false,
      "checkpoint_created": false,
      "rollback_request": true,
      "commit_status": "rolled_back",
      "iteration_events": [
        "force_iterate_submitted_to_ancf",
        "ancf_trial_solved_and_scattered",
        "trial_displacement_written_to_precice",
        "precice_advance_completed",
        "requires_reading_checkpoint_true",
        "force_read_at_retry_endpoint_dt",
        "physical_state_rolled_back_trial_retained_as_history"
      ],
      "time_window_complete": false,
      "convergence_status": "retry_required",
      "precice_max_iterations": 20,
      "ancf_newton_iterations": 3,
      "ancf_residual": 1.3914492402733458e-07,
      "q_state_hash": "cdb6c9784628bb47437beabcb06b6dbcfd787f2087e4e54f13a9ced596ebb353",
      "qdot_state_hash": "2a9d66673355dc3bedec924c96cc55c56718d67dffb6eff7497d1905cd236abf",
      "qddot_state_hash": "55b52f51b8598047b8f8c5b353e0847fc55a343c33919498f08ec7d876779c21"
    },
    {
      "case_id": "ANCF_SINGLE_SLICE_HIGHRE_0P2S_PREP_V1",
      "window_index": 4,
      "iteration_index": 9,
      "sequence": 62,
      "request_id": 910062,
      "transaction_id": 1910062,
      "transport_ids": {
        "sequence": 62,
        "request_id": 910062,
        "transaction_id": 1910062
      },
      "physical_identity": {
        "global_step": 4,
        "bridge_step": 4,
        "integer_tick": 800000,
        "time_s": 0.0008,
        "dt_s": 0.0002
      },
      "physical_time_s": 30.0008,
      "case_local_time_s": 0.0008,
      "force_source_global_time_s": 30.0008,
      "force_source_kind": "PRECEDING_PRECICE_ADVANCE_ITERATE",
      "force_input_source_global_time_s": 30.0008,
      "force_input_read_offset_s": 0.0002,
      "force_input_source_kind": "PRECEDING_PRECICE_ADVANCE_ITERATE",
      "force_input_vector_raw_N": [
        0.009924016608622856,
        0.008180205666662877,
        0.0
      ],
      "force_input_window_index": 4,
      "force_input_iteration_index": 9,
      "returned_force_source_global_time_s": 30.0008,
      "returned_force_source_kind": "CURRENT_WINDOW_ENDPOINT_RETRY_ITERATE",
      "force_source_time_global_s": 30.0008,
      "force_read_time_s": 0.0002,
      "force_read_offset_s": 0.0002,
      "force_read_source_global_time_s": 30.0008,
      "force_read_source_kind": "CURRENT_WINDOW_ENDPOINT_RETRY_ITERATE",
      "force_source_vector_raw_N": [
        0.021126488948556812,
        0.01837854628305543,
        0.0
      ],
      "force_read_vector_raw_N": [
        0.021126488948556812,
        0.01837854628305543,
        0.0
      ],
      "force_read_window_index": 4,
      "force_read_iteration_index": 9,
      "window_target_global_time_s": 30.0008,
      "dt_s": 0.0002,
      "D_previous_committed_m": [
        1.3559201304109314e-06,
        1.2329548107240614e-06,
        0.0004163898290125978
      ],
      "D_trial_from_ancf_m": [
        2.5008923475330145e-06,
        2.2673360218753306e-06,
        0.00041639250012215356
      ],
      "D_trial_interface_m": [
        2.5008923475330145e-06,
        2.2673360218753306e-06
      ],
      "D_written_to_precice_m": [
        2.5008923475330145e-06,
        2.2673360218753306e-06
      ],
      "written_motion_vector_m": [
        [
          2.5008923475330145e-06,
          2.2673360218753306e-06
        ]
      ],
      "force_input_raw_N": [
        0.009924016608622856,
        0.008180205666662877,
        0.0
      ],
      "force_input_applied_N": [
        0.7017697458954734,
        0.5784574007140176,
        0.0
      ],
      "Fx_raw_N": 0.009924016608622856,
      "Fy_raw_N": 0.008180205666662877,
      "Fz_raw_N": 0.0,
      "Fx_section_Npm": 0.3544291645936734,
      "Fy_section_Npm": 0.292150202380817,
      "Fx_applied_N": 0.7017697458954734,
      "Fy_applied_N": 0.5784574007140176,
      "Fz_applied_N": 0.0,
      "returned_force_raw_N": [
        0.021126488948556812,
        0.01837854628305543,
        0.0
      ],
      "returned_force_applied_N": [
        1.493944575647946,
        1.2996257728732052,
        0.0
      ],
      "Fx_returned_raw_N": 0.021126488948556812,
      "Fy_returned_raw_N": 0.01837854628305543,
      "force_residual_raw_N": 0.015149308164234675,
      "force_residual_applied_N": 1.0712725058994519,
      "trial_displacement_residual_m": 3.073067212581149e-08,
      "written_motion_delta_m": 3.073067212581149e-08,
      "checkpoint_request": false,
      "checkpoint_created": false,
      "rollback_request": true,
      "commit_status": "rolled_back",
      "iteration_events": [
        "force_iterate_submitted_to_ancf",
        "ancf_trial_solved_and_scattered",
        "trial_displacement_written_to_precice",
        "precice_advance_completed",
        "requires_reading_checkpoint_true",
        "force_read_at_retry_endpoint_dt",
        "physical_state_rolled_back_trial_retained_as_history"
      ],
      "time_window_complete": false,
      "convergence_status": "retry_required",
      "precice_max_iterations": 20,
      "ancf_newton_iterations": 3,
      "ancf_residual": 1.3914492402733458e-07,
      "q_state_hash": "f03061be53c854c0b596ca27212172d2c263626b63627b87b94faeb1a4b70955",
      "qdot_state_hash": "fbcea686dab35bac2905f6e485be5104744991540c63c3cc38b967eb341f29f8",
      "qddot_state_hash": "355f33c3e2b997cf021ee530e2c4405e95202937c4e52b8d7eca1009bd02f23b"
    },
    {
      "case_id": "ANCF_SINGLE_SLICE_HIGHRE_0P2S_PREP_V1",
      "window_index": 4,
      "iteration_index": 10,
      "sequence": 63,
      "request_id": 910063,
      "transaction_id": 1910063,
      "transport_ids": {
        "sequence": 63,
        "request_id": 910063,
        "transaction_id": 1910063
      },
      "physical_identity": {
        "global_step": 4,
        "bridge_step": 4,
        "integer_tick": 800000,
        "time_s": 0.0008,
        "dt_s": 0.0002
      },
      "physical_time_s": 30.0008,
      "case_local_time_s": 0.0008,
      "force_source_global_time_s": 30.0008,
      "force_source_kind": "PRECEDING_PRECICE_ADVANCE_ITERATE",
      "force_input_source_global_time_s": 30.0008,
      "force_input_read_offset_s": 0.0002,
      "force_input_source_kind": "PRECEDING_PRECICE_ADVANCE_ITERATE",
      "force_input_vector_raw_N": [
        0.021126488948556812,
        0.01837854628305543,
        0.0
      ],
      "force_input_window_index": 4,
      "force_input_iteration_index": 10,
      "returned_force_source_global_time_s": 30.0008,
      "returned_force_source_kind": "CURRENT_WINDOW_ENDPOINT_RETRY_ITERATE",
      "force_source_time_global_s": 30.0008,
      "force_read_time_s": 0.0002,
      "force_read_offset_s": 0.0002,
      "force_read_source_global_time_s": 30.0008,
      "force_read_source_kind": "CURRENT_WINDOW_ENDPOINT_RETRY_ITERATE",
      "force_source_vector_raw_N": [
        0.03008846682050398,
        0.02653721877616947,
        0.0
      ],
      "force_read_vector_raw_N": [
        0.03008846682050398,
        0.02653721877616947,
        0.0
      ],
      "force_read_window_index": 4,
      "force_read_iteration_index": 10,
      "window_target_global_time_s": 30.0008,
      "dt_s": 0.0002,
      "D_previous_committed_m": [
        1.3559201304109314e-06,
        1.2329548107240614e-06,
        0.0004163898290125978
      ],
      "D_trial_from_ancf_m": [
        2.519071897423294e-06,
        2.283886050869695e-06,
        0.00041639250011948903
      ],
      "D_trial_interface_m": [
        2.519071897423294e-06,
        2.283886050869695e-06
      ],
      "D_written_to_precice_m": [
        2.519071897423294e-06,
        2.283886050869695e-06
      ],
      "written_motion_vector_m": [
        [
          2.519071897423294e-06,
          2.283886050869695e-06
        ]
      ],
      "force_input_raw_N": [
        0.021126488948556812,
        0.01837854628305543,
        0.0
      ],
      "force_input_applied_N": [
        1.493944575647946,
        1.2996257728732055,
        0.0
      ],
      "Fx_raw_N": 0.021126488948556812,
      "Fy_raw_N": 0.01837854628305543,
      "Fz_raw_N": 0.0,
      "Fx_section_Npm": 0.7545174624484575,
      "Fy_section_Npm": 0.6563766529662654,
      "Fx_applied_N": 1.493944575647946,
      "Fy_applied_N": 1.2996257728732055,
      "Fz_applied_N": 0.0,
      "returned_force_raw_N": [
        0.03008846682050398,
        0.02653721877616947,
        0.0
      ],
      "returned_force_applied_N": [
        2.127684439449924,
        1.8765604706005552,
        0.0
      ],
      "Fx_returned_raw_N": 0.03008846682050398,
      "Fy_returned_raw_N": 0.02653721877616947,
      "force_residual_raw_N": 0.012119446531387742,
      "force_residual_applied_N": 0.8570180047195617,
      "trial_displacement_residual_m": 2.4584537700096487e-08,
      "written_motion_delta_m": 2.4584537700096487e-08,
      "checkpoint_request": false,
      "checkpoint_created": false,
      "rollback_request": true,
      "commit_status": "rolled_back",
      "iteration_events": [
        "force_iterate_submitted_to_ancf",
        "ancf_trial_solved_and_scattered",
        "trial_displacement_written_to_precice",
        "precice_advance_completed",
        "requires_reading_checkpoint_true",
        "force_read_at_retry_endpoint_dt",
        "physical_state_rolled_back_trial_retained_as_history"
      ],
      "time_window_complete": false,
      "convergence_status": "retry_required",
      "precice_max_iterations": 20,
      "ancf_newton_iterations": 3,
      "ancf_residual": 1.3914492402733458e-07,
      "q_state_hash": "66b43e41255694b51ba0084edeb00a59a0c23ad3f534bd4fac36a0de1223be3b",
      "qdot_state_hash": "1d4f453044e51a237de6c4acd7143fc19e138badbf806bba277419b01ef026d1",
      "qddot_state_hash": "56ec11020929f33bb4c38ee9dbd70193499d284ccc0a947d2d05080c198eb43c"
    },
    {
      "case_id": "ANCF_SINGLE_SLICE_HIGHRE_0P2S_PREP_V1",
      "window_index": 4,
      "iteration_index": 11,
      "sequence": 64,
      "request_id": 910064,
      "transaction_id": 1910064,
      "transport_ids": {
        "sequence": 64,
        "request_id": 910064,
        "transaction_id": 1910064
      },
      "physical_identity": {
        "global_step": 4,
        "bridge_step": 4,
        "integer_tick": 800000,
        "time_s": 0.0008,
        "dt_s": 0.0002
      },
      "physical_time_s": 30.0008,
      "case_local_time_s": 0.0008,
      "force_source_global_time_s": 30.0008,
      "force_source_kind": "PRECEDING_PRECICE_ADVANCE_ITERATE",
      "force_input_source_global_time_s": 30.0008,
      "force_input_read_offset_s": 0.0002,
      "force_input_source_kind": "PRECEDING_PRECICE_ADVANCE_ITERATE",
      "force_input_vector_raw_N": [
        0.03008846682050398,
        0.02653721877616947,
        0.0
      ],
      "force_input_window_index": 4,
      "force_input_iteration_index": 11,
      "returned_force_source_global_time_s": 30.0008,
      "returned_force_source_kind": "CURRENT_WINDOW_ENDPOINT_RETRY_ITERATE",
      "force_source_time_global_s": 30.0008,
      "force_read_time_s": 0.0002,
      "force_read_offset_s": 0.0002,
      "force_read_source_global_time_s": 30.0008,
      "force_read_source_kind": "CURRENT_WINDOW_ENDPOINT_RETRY_ITERATE",
      "force_source_vector_raw_N": [
        0.03725804911806171,
        0.033064156770660706,
        0.0
      ],
      "force_read_vector_raw_N": [
        0.03725804911806171,
        0.033064156770660706,
        0.0
      ],
      "force_read_window_index": 4,
      "force_read_iteration_index": 11,
      "window_target_global_time_s": 30.0008,
      "dt_s": 0.0002,
      "D_previous_committed_m": [
        1.3559201304109314e-06,
        1.2329548107240614e-06,
        0.0004163898290125978
      ],
      "D_trial_from_ancf_m": [
        2.533615537335255e-06,
        2.2971260740649483e-06,
        0.00041639250011860085
      ],
      "D_trial_interface_m": [
        2.533615537335255e-06,
        2.2971260740649483e-06
      ],
      "D_written_to_precice_m": [
        2.533615537335255e-06,
        2.2971260740649483e-06
      ],
      "written_motion_vector_m": [
        [
          2.533615537335255e-06,
          2.2971260740649483e-06
        ]
      ],
      "force_input_raw_N": [
        0.03008846682050398,
        0.02653721877616947,
        0.0
      ],
      "force_input_applied_N": [
        2.127684439449924,
        1.8765604706005554,
        0.0
      ],
      "Fx_raw_N": 0.03008846682050398,
      "Fy_raw_N": 0.02653721877616947,
      "Fz_raw_N": 0.0,
      "Fx_section_Npm": 1.0745881007322848,
      "Fy_section_Npm": 0.947757813434624,
      "Fx_applied_N": 2.127684439449924,
      "Fy_applied_N": 1.8765604706005554,
      "Fz_applied_N": 0.0,
      "returned_force_raw_N": [
        0.03725804911806171,
        0.033064156770660706,
        0.0
      ],
      "returned_force_applied_N": [
        2.6346763304915064,
        2.3381082287824353,
        0.0
      ],
      "Fx_returned_raw_N": 0.03725804911806171,
      "Fy_returned_raw_N": 0.033064156770660706,
      "force_residual_raw_N": 0.009695557225110191,
      "force_residual_applied_N": 0.6856144037756492,
      "trial_displacement_residual_m": 1.966763015972251e-08,
      "written_motion_delta_m": 1.966763015972251e-08,
      "checkpoint_request": false,
      "checkpoint_created": false,
      "rollback_request": true,
      "commit_status": "rolled_back",
      "iteration_events": [
        "force_iterate_submitted_to_ancf",
        "ancf_trial_solved_and_scattered",
        "trial_displacement_written_to_precice",
        "precice_advance_completed",
        "requires_reading_checkpoint_true",
        "force_read_at_retry_endpoint_dt",
        "physical_state_rolled_back_trial_retained_as_history"
      ],
      "time_window_complete": false,
      "convergence_status": "retry_required",
      "precice_max_iterations": 20,
      "ancf_newton_iterations": 3,
      "ancf_residual": 1.3914492402733458e-07,
      "q_state_hash": "e3d5f898c8e9dbae87547ec71b53334c2294f7ca027676b27e634491b63f9c02",
      "qdot_state_hash": "d8a48d534c0282d01c6099820e7905add4cd924e9f02bee69443d7c4bd895d20",
      "qddot_state_hash": "91611eb6ddf611b52510c0c60e519217593db5d97e30cf4abb5f80a2f44674b7"
    },
    {
      "case_id": "ANCF_SINGLE_SLICE_HIGHRE_0P2S_PREP_V1",
      "window_index": 4,
      "iteration_index": 12,
      "sequence": 65,
      "request_id": 910065,
      "transaction_id": 1910065,
      "transport_ids": {
        "sequence": 65,
        "request_id": 910065,
        "transaction_id": 1910065
      },
      "physical_identity": {
        "global_step": 4,
        "bridge_step": 4,
        "integer_tick": 800000,
        "time_s": 0.0008,
        "dt_s": 0.0002
      },
      "physical_time_s": 30.0008,
      "case_local_time_s": 0.0008,
      "force_source_global_time_s": 30.0008,
      "force_source_kind": "PRECEDING_PRECICE_ADVANCE_ITERATE",
      "force_input_source_global_time_s": 30.0008,
      "force_input_read_offset_s": 0.0002,
      "force_input_source_kind": "PRECEDING_PRECICE_ADVANCE_ITERATE",
      "force_input_vector_raw_N": [
        0.03725804911806171,
        0.033064156770660706,
        0.0
      ],
      "force_input_window_index": 4,
      "force_input_iteration_index": 12,
      "returned_force_source_global_time_s": 30.0008,
      "returned_force_source_kind": "CURRENT_WINDOW_ENDPOINT_RETRY_ITERATE",
      "force_source_time_global_s": 30.0008,
      "force_read_time_s": 0.0002,
      "force_read_offset_s": 0.0002,
      "force_read_source_global_time_s": 30.0008,
      "force_read_source_kind": "CURRENT_WINDOW_ENDPOINT_RETRY_ITERATE",
      "force_source_vector_raw_N": [
        0.0429937149561079,
        0.038285707166253694,
        0.0
      ],
      "force_read_vector_raw_N": [
        0.0429937149561079,
        0.038285707166253694,
        0.0
      ],
      "force_read_window_index": 4,
      "force_read_iteration_index": 12,
      "window_target_global_time_s": 30.0008,
      "dt_s": 0.0002,
      "D_previous_committed_m": [
        1.3559201304109314e-06,
        1.2329548107240614e-06,
        0.0004163898290125978
      ],
      "D_trial_from_ancf_m": [
        2.5452504492646543e-06,
        2.307718092620997e-06,
        0.00041639250011771267
      ],
      "D_trial_interface_m": [
        2.5452504492646543e-06,
        2.307718092620997e-06
      ],
      "D_written_to_precice_m": [
        2.5452504492646543e-06,
        2.307718092620997e-06
      ],
      "written_motion_vector_m": [
        [
          2.5452504492646543e-06,
          2.307718092620997e-06
        ]
      ],
      "force_input_raw_N": [
        0.03725804911806171,
        0.033064156770660706,
        0.0
      ],
      "force_input_applied_N": [
        2.6346763304915064,
        2.3381082287824357,
        0.0
      ],
      "Fx_raw_N": 0.03725804911806171,
      "Fy_raw_N": 0.033064156770660706,
      "Fz_raw_N": 0.0,
      "Fx_section_Npm": 1.3306446113593466,
      "Fy_section_Npm": 1.180862741809311,
      "Fx_applied_N": 2.6346763304915064,
      "Fy_applied_N": 2.3381082287824357,
      "Fz_applied_N": 0.0,
      "returned_force_raw_N": [
        0.0429937149561079,
        0.038285707166253694,
        0.0
      ],
      "returned_force_applied_N": [
        3.0402698433247726,
        2.7073464353279397,
        0.0
      ],
      "Fx_returned_raw_N": 0.0429937149561079,
      "Fy_returned_raw_N": 0.038285707166253694,
      "force_residual_raw_N": 0.007756445780088156,
      "force_residual_applied_N": 0.5484915230205196,
      "trial_displacement_residual_m": 1.5734104127549243e-08,
      "written_motion_delta_m": 1.5734104127549243e-08,
      "checkpoint_request": false,
      "checkpoint_created": false,
      "rollback_request": true,
      "commit_status": "rolled_back",
      "iteration_events": [
        "force_iterate_submitted_to_ancf",
        "ancf_trial_solved_and_scattered",
        "trial_displacement_written_to_precice",
        "precice_advance_completed",
        "requires_reading_checkpoint_true",
        "force_read_at_retry_endpoint_dt",
        "physical_state_rolled_back_trial_retained_as_history"
      ],
      "time_window_complete": false,
      "convergence_status": "retry_required",
      "precice_max_iterations": 20,
      "ancf_newton_iterations": 3,
      "ancf_residual": 1.3914492402733458e-07,
      "q_state_hash": "25a987359d4aa5cb495624c2856a159448b973325fa4bd6de8cd5203013d7461",
      "qdot_state_hash": "ff93d1bbabd5e3570f0fbf33caa5b6735bb8dd5d320d4433ce36e4585c7993ca",
      "qddot_state_hash": "b1c0f37c6c1cae8d4f394e1a871147710d4141eda50cb0f98775e4d1ad77ccae"
    },
    {
      "case_id": "ANCF_SINGLE_SLICE_HIGHRE_0P2S_PREP_V1",
      "window_index": 4,
      "iteration_index": 13,
      "sequence": 66,
      "request_id": 910066,
      "transaction_id": 1910066,
      "transport_ids": {
        "sequence": 66,
        "request_id": 910066,
        "transaction_id": 1910066
      },
      "physical_identity": {
        "global_step": 4,
        "bridge_step": 4,
        "integer_tick": 800000,
        "time_s": 0.0008,
        "dt_s": 0.0002
      },
      "physical_time_s": 30.0008,
      "case_local_time_s": 0.0008,
      "force_source_global_time_s": 30.0008,
      "force_source_kind": "PRECEDING_PRECICE_ADVANCE_ITERATE",
      "force_input_source_global_time_s": 30.0008,
      "force_input_read_offset_s": 0.0002,
      "force_input_source_kind": "PRECEDING_PRECICE_ADVANCE_ITERATE",
      "force_input_vector_raw_N": [
        0.0429937149561079,
        0.038285707166253694,
        0.0
      ],
      "force_input_window_index": 4,
      "force_input_iteration_index": 13,
      "returned_force_source_global_time_s": 30.0008,
      "returned_force_source_kind": "CURRENT_WINDOW_ENDPOINT_RETRY_ITERATE",
      "force_source_time_global_s": 30.0008,
      "force_read_time_s": 0.0002,
      "force_read_offset_s": 0.0002,
      "force_read_source_global_time_s": 30.0008,
      "force_read_source_kind": "CURRENT_WINDOW_ENDPOINT_RETRY_ITERATE",
      "force_source_vector_raw_N": [
        0.047582247626544845,
        0.04246294748272808,
        0.0
      ],
      "force_read_vector_raw_N": [
        0.047582247626544845,
        0.04246294748272808,
        0.0
      ],
      "force_read_window_index": 4,
      "force_read_iteration_index": 13,
      "window_target_global_time_s": 30.0008,
      "dt_s": 0.0002,
      "D_previous_committed_m": [
        1.3559201304109314e-06,
        1.2329548107240614e-06,
        0.0004163898290125978
      ],
      "D_trial_from_ancf_m": [
        2.5545583788080598e-06,
        2.3161917074657326e-06,
        0.0004163925001163804
      ],
      "D_trial_interface_m": [
        2.5545583788080598e-06,
        2.3161917074657326e-06
      ],
      "D_written_to_precice_m": [
        2.5545583788080598e-06,
        2.3161917074657326e-06
      ],
      "written_motion_vector_m": [
        [
          2.5545583788080598e-06,
          2.3161917074657326e-06
        ]
      ],
      "force_input_raw_N": [
        0.0429937149561079,
        0.038285707166253694,
        0.0
      ],
      "force_input_applied_N": [
        3.0402698433247726,
        2.7073464353279397,
        0.0
      ],
      "Fx_raw_N": 0.0429937149561079,
      "Fy_raw_N": 0.038285707166253694,
      "Fz_raw_N": 0.0,
      "Fx_section_Npm": 1.5354898198609963,
      "Fy_section_Npm": 1.3673466845090605,
      "Fx_applied_N": 3.0402698433247726,
      "Fy_applied_N": 2.7073464353279397,
      "Fz_applied_N": 0.0,
      "returned_force_raw_N": [
        0.047582247626544845,
        0.04246294748272808,
        0.0
      ],
      "returned_force_applied_N": [
        3.364744653591385,
        3.0027370005643426,
        0.0
      ],
      "Fx_returned_raw_N": 0.047582247626544845,
      "Fy_returned_raw_N": 0.04246294748272808,
      "force_residual_raw_N": 0.006205156624070522,
      "force_residual_applied_N": 0.43879321841641544,
      "trial_displacement_residual_m": 1.2587283301885401e-08,
      "written_motion_delta_m": 1.2587283301885401e-08,
      "checkpoint_request": false,
      "checkpoint_created": false,
      "rollback_request": true,
      "commit_status": "rolled_back",
      "iteration_events": [
        "force_iterate_submitted_to_ancf",
        "ancf_trial_solved_and_scattered",
        "trial_displacement_written_to_precice",
        "precice_advance_completed",
        "requires_reading_checkpoint_true",
        "force_read_at_retry_endpoint_dt",
        "physical_state_rolled_back_trial_retained_as_history"
      ],
      "time_window_complete": false,
      "convergence_status": "retry_required",
      "precice_max_iterations": 20,
      "ancf_newton_iterations": 3,
      "ancf_residual": 1.3914492402733458e-07,
      "q_state_hash": "8ec815cfea4eb3ecd37e1666dfce204e3bcde15500297f538e2a552c51bee806",
      "qdot_state_hash": "6c4909ad174eec905903fa1e7e65cf768790ecb50d838055439626b7b182f0fe",
      "qddot_state_hash": "e6d89945b9a6c116ac05effa6e3d9d4e83b3ce6c85762c081caf2e9a6436a341"
    },
    {
      "case_id": "ANCF_SINGLE_SLICE_HIGHRE_0P2S_PREP_V1",
      "window_index": 4,
      "iteration_index": 14,
      "sequence": 67,
      "request_id": 910067,
      "transaction_id": 1910067,
      "transport_ids": {
        "sequence": 67,
        "request_id": 910067,
        "transaction_id": 1910067
      },
      "physical_identity": {
        "global_step": 4,
        "bridge_step": 4,
        "integer_tick": 800000,
        "time_s": 0.0008,
        "dt_s": 0.0002
      },
      "physical_time_s": 30.0008,
      "case_local_time_s": 0.0008,
      "force_source_global_time_s": 30.0008,
      "force_source_kind": "PRECEDING_PRECICE_ADVANCE_ITERATE",
      "force_input_source_global_time_s": 30.0008,
      "force_input_read_offset_s": 0.0002,
      "force_input_source_kind": "PRECEDING_PRECICE_ADVANCE_ITERATE",
      "force_input_vector_raw_N": [
        0.047582247626544845,
        0.04246294748272808,
        0.0
      ],
      "force_input_window_index": 4,
      "force_input_iteration_index": 14,
      "returned_force_source_global_time_s": 30.0008,
      "returned_force_source_kind": "CURRENT_WINDOW_ENDPOINT_RETRY_ITERATE",
      "force_source_time_global_s": 30.0008,
      "force_read_time_s": 0.0002,
      "force_read_offset_s": 0.0002,
      "force_read_source_global_time_s": 30.0008,
      "force_read_source_kind": "CURRENT_WINDOW_ENDPOINT_RETRY_ITERATE",
      "force_source_vector_raw_N": [
        0.051253073762894404,
        0.045804739735907596,
        0.0
      ],
      "force_read_vector_raw_N": [
        0.051253073762894404,
        0.045804739735907596,
        0.0
      ],
      "force_read_window_index": 4,
      "force_read_iteration_index": 14,
      "window_target_global_time_s": 30.0008,
      "dt_s": 0.0002,
      "D_previous_committed_m": [
        1.3559201304109314e-06,
        1.2329548107240614e-06,
        0.0004163898290125978
      ],
      "D_trial_from_ancf_m": [
        2.562004722442719e-06,
        2.322970599341461e-06,
        0.0004163925001159363
      ],
      "D_trial_interface_m": [
        2.562004722442719e-06,
        2.322970599341461e-06
      ],
      "D_written_to_precice_m": [
        2.562004722442719e-06,
        2.322970599341461e-06
      ],
      "written_motion_vector_m": [
        [
          2.562004722442719e-06,
          2.322970599341461e-06
        ]
      ],
      "force_input_raw_N": [
        0.047582247626544845,
        0.04246294748272808,
        0.0
      ],
      "force_input_applied_N": [
        3.3647446535913854,
        3.002737000564343,
        0.0
      ],
      "Fx_raw_N": 0.047582247626544845,
      "Fy_raw_N": 0.04246294748272808,
      "Fz_raw_N": 0.0,
      "Fx_section_Npm": 1.6993659866623159,
      "Fy_section_Npm": 1.51653383866886,
      "Fx_applied_N": 3.3647446535913854,
      "Fy_applied_N": 3.002737000564343,
      "Fz_applied_N": 0.0,
      "returned_force_raw_N": [
        0.051253073762894404,
        0.045804739735907596,
        0.0
      ],
      "returned_force_applied_N": [
        3.6243245018046752,
        3.2390494527534655,
        0.0
      ],
      "Fx_returned_raw_N": 0.051253073762894404,
      "Fy_returned_raw_N": 0.045804739735907596,
      "force_residual_raw_N": 0.004964125299256421,
      "force_residual_applied_N": 0.3510345747331326,
      "trial_displacement_residual_m": 1.0069826641419492e-08,
      "written_motion_delta_m": 1.0069826641419492e-08,
      "checkpoint_request": false,
      "checkpoint_created": false,
      "rollback_request": true,
      "commit_status": "rolled_back",
      "iteration_events": [
        "force_iterate_submitted_to_ancf",
        "ancf_trial_solved_and_scattered",
        "trial_displacement_written_to_precice",
        "precice_advance_completed",
        "requires_reading_checkpoint_true",
        "force_read_at_retry_endpoint_dt",
        "physical_state_rolled_back_trial_retained_as_history"
      ],
      "time_window_complete": false,
      "convergence_status": "retry_required",
      "precice_max_iterations": 20,
      "ancf_newton_iterations": 3,
      "ancf_residual": 1.3914492402733458e-07,
      "q_state_hash": "c092116e98672e9173c4eb6ecc3f319272da9022a4fcc3e944802294aaa50e07",
      "qdot_state_hash": "c43554134e52ed8a7a33aaa74c5cbeef99cc91cb21d2794f8add4e72d3a9f422",
      "qddot_state_hash": "771666b377cd5b60592c44acae0b0f1f454c7e405d2e29bd58f2c91f1f0b93e6"
    },
    {
      "case_id": "ANCF_SINGLE_SLICE_HIGHRE_0P2S_PREP_V1",
      "window_index": 4,
      "iteration_index": 15,
      "sequence": 68,
      "request_id": 910068,
      "transaction_id": 1910068,
      "transport_ids": {
        "sequence": 68,
        "request_id": 910068,
        "transaction_id": 1910068
      },
      "physical_identity": {
        "global_step": 4,
        "bridge_step": 4,
        "integer_tick": 800000,
        "time_s": 0.0008,
        "dt_s": 0.0002
      },
      "physical_time_s": 30.0008,
      "case_local_time_s": 0.0008,
      "force_source_global_time_s": 30.0008,
      "force_source_kind": "PRECEDING_PRECICE_ADVANCE_ITERATE",
      "force_input_source_global_time_s": 30.0008,
      "force_input_read_offset_s": 0.0002,
      "force_input_source_kind": "PRECEDING_PRECICE_ADVANCE_ITERATE",
      "force_input_vector_raw_N": [
        0.051253073762894404,
        0.045804739735907596,
        0.0
      ],
      "force_input_window_index": 4,
      "force_input_iteration_index": 15,
      "returned_force_source_global_time_s": 30.0008,
      "returned_force_source_kind": "CURRENT_WINDOW_ENDPOINT_RETRY_ITERATE",
      "force_source_time_global_s": 30.0008,
      "force_read_time_s": 0.0002,
      "force_read_offset_s": 0.0002,
      "force_read_source_global_time_s": 30.0008,
      "force_read_source_kind": "CURRENT_WINDOW_ENDPOINT_RETRY_ITERATE",
      "force_source_vector_raw_N": [
        0.05418973467197405,
        0.04847817353845121,
        0.0
      ],
      "force_read_vector_raw_N": [
        0.05418973467197405,
        0.04847817353845121,
        0.0
      ],
      "force_read_window_index": 4,
      "force_read_iteration_index": 15,
      "window_target_global_time_s": 30.0008,
      "dt_s": 0.0002,
      "D_previous_committed_m": [
        1.3559201304109314e-06,
        1.2329548107240614e-06,
        0.0004163898290125978
      ],
      "D_trial_from_ancf_m": [
        2.567961797350398e-06,
        2.3283937128420004e-06,
        0.0004163925001159363
      ],
      "D_trial_interface_m": [
        2.567961797350398e-06,
        2.3283937128420004e-06
      ],
      "D_written_to_precice_m": [
        2.567961797350398e-06,
        2.3283937128420004e-06
      ],
      "written_motion_vector_m": [
        [
          2.567961797350398e-06,
          2.3283937128420004e-06
        ]
      ],
      "force_input_raw_N": [
        0.051253073762894404,
        0.045804739735907596,
        0.0
      ],
      "force_input_applied_N": [
        3.6243245018046752,
        3.2390494527534655,
        0.0
      ],
      "Fx_raw_N": 0.051253073762894404,
      "Fy_raw_N": 0.045804739735907596,
      "Fz_raw_N": 0.0,
      "Fx_section_Npm": 1.8304669201033714,
      "Fy_section_Npm": 1.6358835619966998,
      "Fx_applied_N": 3.6243245018046752,
      "Fy_applied_N": 3.2390494527534655,
      "Fz_applied_N": 0.0,
      "returned_force_raw_N": [
        0.05418973467197405,
        0.04847817353845121,
        0.0
      ],
      "returned_force_applied_N": [
        3.8319883803753076,
        3.4280994145047634,
        0.0
      ],
      "Fx_returned_raw_N": 0.05418973467197405,
      "Fy_returned_raw_N": 0.04847817353845121,
      "force_residual_raw_N": 0.003971300239405134,
      "force_residual_applied_N": 0.2808276597865059,
      "trial_displacement_residual_m": 8.055861313071106e-09,
      "written_motion_delta_m": 8.055861313071106e-09,
      "checkpoint_request": false,
      "checkpoint_created": false,
      "rollback_request": true,
      "commit_status": "rolled_back",
      "iteration_events": [
        "force_iterate_submitted_to_ancf",
        "ancf_trial_solved_and_scattered",
        "trial_displacement_written_to_precice",
        "precice_advance_completed",
        "requires_reading_checkpoint_true",
        "force_read_at_retry_endpoint_dt",
        "physical_state_rolled_back_trial_retained_as_history"
      ],
      "time_window_complete": false,
      "convergence_status": "retry_required",
      "precice_max_iterations": 20,
      "ancf_newton_iterations": 3,
      "ancf_residual": 1.3914492402733458e-07,
      "q_state_hash": "1d7cde750bef70d44505dea04c0a1e3d1be689f6eb9648debbebf74193afdc51",
      "qdot_state_hash": "958db54dd9a4b60682903078ff3ef24e179b5f003650ace4e3187ade1c2502dd",
      "qddot_state_hash": "881a84d426b4bbb70fa987c091a74e0d370ba2129350f39547e50abc940d9d8f"
    },
    {
      "case_id": "ANCF_SINGLE_SLICE_HIGHRE_0P2S_PREP_V1",
      "window_index": 4,
      "iteration_index": 16,
      "sequence": 69,
      "request_id": 910069,
      "transaction_id": 1910069,
      "transport_ids": {
        "sequence": 69,
        "request_id": 910069,
        "transaction_id": 1910069
      },
      "physical_identity": {
        "global_step": 4,
        "bridge_step": 4,
        "integer_tick": 800000,
        "time_s": 0.0008,
        "dt_s": 0.0002
      },
      "physical_time_s": 30.0008,
      "case_local_time_s": 0.0008,
      "force_source_global_time_s": 30.0008,
      "force_source_kind": "PRECEDING_PRECICE_ADVANCE_ITERATE",
      "force_input_source_global_time_s": 30.0008,
      "force_input_read_offset_s": 0.0002,
      "force_input_source_kind": "PRECEDING_PRECICE_ADVANCE_ITERATE",
      "force_input_vector_raw_N": [
        0.05418973467197405,
        0.04847817353845121,
        0.0
      ],
      "force_input_window_index": 4,
      "force_input_iteration_index": 16,
      "returned_force_source_global_time_s": 30.0008,
      "returned_force_source_kind": "CURRENT_WINDOW_ENDPOINT_RETRY_ITERATE",
      "force_source_time_global_s": 30.0008,
      "force_read_time_s": 0.0002,
      "force_read_offset_s": 0.0002,
      "force_read_source_global_time_s": 30.0008,
      "force_read_source_kind": "CURRENT_WINDOW_ENDPOINT_RETRY_ITERATE",
      "force_source_vector_raw_N": [
        0.05653906339923777,
        0.05061692058048609,
        0.0
      ],
      "force_read_vector_raw_N": [
        0.05653906339923777,
        0.05061692058048609,
        0.0
      ],
      "force_read_window_index": 4,
      "force_read_iteration_index": 16,
      "window_target_global_time_s": 30.0008,
      "dt_s": 0.0002,
      "D_previous_committed_m": [
        1.3559201304109314e-06,
        1.2329548107240614e-06,
        0.0004163898290125978
      ],
      "D_trial_from_ancf_m": [
        2.5727274572765147e-06,
        2.332732203642408e-06,
        0.00041639250011504814
      ],
      "D_trial_interface_m": [
        2.5727274572765147e-06,
        2.332732203642408e-06
      ],
      "D_written_to_precice_m": [
        2.5727274572765147e-06,
        2.332732203642408e-06
      ],
      "written_motion_vector_m": [
        [
          2.5727274572765147e-06,
          2.332732203642408e-06
        ]
      ],
      "force_input_raw_N": [
        0.05418973467197405,
        0.04847817353845121,
        0.0
      ],
      "force_input_applied_N": [
        3.8319883803753076,
        3.428099414504764,
        0.0
      ],
      "Fx_raw_N": 0.05418973467197405,
      "Fy_raw_N": 0.04847817353845121,
      "Fz_raw_N": 0.0,
      "Fx_section_Npm": 1.935347666856216,
      "Fy_section_Npm": 1.7313633406589717,
      "Fx_applied_N": 3.8319883803753076,
      "Fy_applied_N": 3.428099414504764,
      "Fz_applied_N": 0.0,
      "returned_force_raw_N": [
        0.05653906339923777,
        0.05061692058048609,
        0.0
      ],
      "returned_force_applied_N": [
        3.998119483231813,
        3.579339383905802,
        0.0
      ],
      "Fx_returned_raw_N": 0.05653906339923777,
      "Fy_returned_raw_N": 0.05061692058048609,
      "force_residual_raw_N": 0.0031770401915241077,
      "force_residual_applied_N": 0.22466212782920475,
      "trial_displacement_residual_m": 6.444689050421013e-09,
      "written_motion_delta_m": 6.444689050421013e-09,
      "checkpoint_request": false,
      "checkpoint_created": false,
      "rollback_request": true,
      "commit_status": "rolled_back",
      "iteration_events": [
        "force_iterate_submitted_to_ancf",
        "ancf_trial_solved_and_scattered",
        "trial_displacement_written_to_precice",
        "precice_advance_completed",
        "requires_reading_checkpoint_true",
        "force_read_at_retry_endpoint_dt",
        "physical_state_rolled_back_trial_retained_as_history"
      ],
      "time_window_complete": false,
      "convergence_status": "retry_required",
      "precice_max_iterations": 20,
      "ancf_newton_iterations": 3,
      "ancf_residual": 1.3914492402733458e-07,
      "q_state_hash": "97bcc5e41c66b9aaef028bc9136153919cc7aae9b690c1c294f3ad525b3fec3d",
      "qdot_state_hash": "bafe2401117b3aa505d3be28b74af025ed651f768a9f1ac749fb46885640637c",
      "qddot_state_hash": "009e8c0747820d0fb7fda46c1dc6d87cad628cede3a7778d193305681c924791"
    },
    {
      "case_id": "ANCF_SINGLE_SLICE_HIGHRE_0P2S_PREP_V1",
      "window_index": 4,
      "iteration_index": 17,
      "sequence": 70,
      "request_id": 910070,
      "transaction_id": 1910070,
      "transport_ids": {
        "sequence": 70,
        "request_id": 910070,
        "transaction_id": 1910070
      },
      "physical_identity": {
        "global_step": 4,
        "bridge_step": 4,
        "integer_tick": 800000,
        "time_s": 0.0008,
        "dt_s": 0.0002
      },
      "physical_time_s": 30.0008,
      "case_local_time_s": 0.0008,
      "force_source_global_time_s": 30.0008,
      "force_source_kind": "PRECEDING_PRECICE_ADVANCE_ITERATE",
      "force_input_source_global_time_s": 30.0008,
      "force_input_read_offset_s": 0.0002,
      "force_input_source_kind": "PRECEDING_PRECICE_ADVANCE_ITERATE",
      "force_input_vector_raw_N": [
        0.05653906339923777,
        0.05061692058048609,
        0.0
      ],
      "force_input_window_index": 4,
      "force_input_iteration_index": 17,
      "returned_force_source_global_time_s": 30.0008,
      "returned_force_source_kind": "CURRENT_WINDOW_ENDPOINT_RETRY_ITERATE",
      "force_source_time_global_s": 30.0008,
      "force_read_time_s": 0.0002,
      "force_read_offset_s": 0.0002,
      "force_read_source_global_time_s": 30.0008,
      "force_read_source_kind": "CURRENT_WINDOW_ENDPOINT_RETRY_ITERATE",
      "force_source_vector_raw_N": [
        0.05841852638104874,
        0.052327918214114005,
        0.0
      ],
      "force_read_vector_raw_N": [
        0.05841852638104874,
        0.052327918214114005,
        0.0
      ],
      "force_read_window_index": 4,
      "force_read_iteration_index": 17,
      "window_target_global_time_s": 30.0008,
      "dt_s": 0.0002,
      "D_previous_committed_m": [
        1.3559201304109314e-06,
        1.2329548107240614e-06,
        0.0004163898290125978
      ],
      "D_trial_from_ancf_m": [
        2.5765399852173892e-06,
        2.336202996282716e-06,
        0.00041639250011460405
      ],
      "D_trial_interface_m": [
        2.5765399852173892e-06,
        2.336202996282716e-06
      ],
      "D_written_to_precice_m": [
        2.5765399852173892e-06,
        2.336202996282716e-06
      ],
      "written_motion_vector_m": [
        [
          2.5765399852173892e-06,
          2.336202996282716e-06
        ]
      ],
      "force_input_raw_N": [
        0.05653906339923777,
        0.05061692058048609,
        0.0
      ],
      "force_input_applied_N": [
        3.9981194832318137,
        3.5793393839058023,
        0.0
      ],
      "Fx_raw_N": 0.05653906339923777,
      "Fy_raw_N": 0.05061692058048609,
      "Fz_raw_N": 0.0,
      "Fx_section_Npm": 2.019252264258492,
      "Fy_section_Npm": 1.807747163588789,
      "Fx_applied_N": 3.9981194832318137,
      "Fy_applied_N": 3.5793393839058023,
      "Fz_applied_N": 0.0,
      "returned_force_raw_N": [
        0.05841852638104874,
        0.052327918214114005,
        0.0
      ],
      "returned_force_applied_N": [
        4.131024365517018,
        3.7003313594266327,
        0.0
      ],
      "Fx_returned_raw_N": 0.05841852638104874,
      "Fy_returned_raw_N": 0.052327918214114005,
      "force_residual_raw_N": 0.002541632153219286,
      "force_residual_applied_N": 0.1797297022633638,
      "trial_displacement_residual_m": 5.155751240310537e-09,
      "written_motion_delta_m": 5.155751240310537e-09,
      "checkpoint_request": false,
      "checkpoint_created": false,
      "rollback_request": true,
      "commit_status": "rolled_back",
      "iteration_events": [
        "force_iterate_submitted_to_ancf",
        "ancf_trial_solved_and_scattered",
        "trial_displacement_written_to_precice",
        "precice_advance_completed",
        "requires_reading_checkpoint_true",
        "force_read_at_retry_endpoint_dt",
        "physical_state_rolled_back_trial_retained_as_history"
      ],
      "time_window_complete": false,
      "convergence_status": "retry_required",
      "precice_max_iterations": 20,
      "ancf_newton_iterations": 3,
      "ancf_residual": 1.3914492402733458e-07,
      "q_state_hash": "bf952cc7c15de10ea5ff38f2d01b0b2c4dba9d23188094fa1a36445e911d6681",
      "qdot_state_hash": "cbc9052ebc8d5cbc819dcda571a97b562fb62ff15245f7044fe1f642d8ba40bd",
      "qddot_state_hash": "f33ceb7fb5b8edb764db74c9de1c8ad656304570862c0aac7de6c8d83ec04c0f"
    },
    {
      "case_id": "ANCF_SINGLE_SLICE_HIGHRE_0P2S_PREP_V1",
      "window_index": 4,
      "iteration_index": 18,
      "sequence": 71,
      "request_id": 910071,
      "transaction_id": 1910071,
      "transport_ids": {
        "sequence": 71,
        "request_id": 910071,
        "transaction_id": 1910071
      },
      "physical_identity": {
        "global_step": 4,
        "bridge_step": 4,
        "integer_tick": 800000,
        "time_s": 0.0008,
        "dt_s": 0.0002
      },
      "physical_time_s": 30.0008,
      "case_local_time_s": 0.0008,
      "force_source_global_time_s": 30.0008,
      "force_source_kind": "PRECEDING_PRECICE_ADVANCE_ITERATE",
      "force_input_source_global_time_s": 30.0008,
      "force_input_read_offset_s": 0.0002,
      "force_input_source_kind": "PRECEDING_PRECICE_ADVANCE_ITERATE",
      "force_input_vector_raw_N": [
        0.05841852638104874,
        0.052327918214114005,
        0.0
      ],
      "force_input_window_index": 4,
      "force_input_iteration_index": 18,
      "returned_force_source_global_time_s": 30.0008,
      "returned_force_source_kind": "CURRENT_WINDOW_ENDPOINT_RETRY_ITERATE",
      "force_source_time_global_s": 30.0008,
      "force_read_time_s": 0.0002,
      "force_read_offset_s": 0.0002,
      "force_read_source_global_time_s": 30.0008,
      "force_read_source_kind": "CURRENT_WINDOW_ENDPOINT_RETRY_ITERATE",
      "force_source_vector_raw_N": [
        0.05992209676649752,
        0.05369671632101634,
        0.0
      ],
      "force_read_vector_raw_N": [
        0.05992209676649752,
        0.05369671632101634,
        0.0
      ],
      "force_read_window_index": 4,
      "force_read_iteration_index": 18,
      "window_target_global_time_s": 30.0008,
      "dt_s": 0.0002,
      "D_previous_committed_m": [
        1.3559201304109314e-06,
        1.2329548107240614e-06,
        0.0004163898290125978
      ],
      "D_trial_from_ancf_m": [
        2.5795900075700766e-06,
        2.338979630394952e-06,
        0.00041639250011415996
      ],
      "D_trial_interface_m": [
        2.5795900075700766e-06,
        2.338979630394952e-06
      ],
      "D_written_to_precice_m": [
        2.5795900075700766e-06,
        2.338979630394952e-06
      ],
      "written_motion_vector_m": [
        [
          2.5795900075700766e-06,
          2.338979630394952e-06
        ]
      ],
      "force_input_raw_N": [
        0.05841852638104874,
        0.052327918214114005,
        0.0
      ],
      "force_input_applied_N": [
        4.1310243655170185,
        3.700331359426633,
        0.0
      ],
      "Fx_raw_N": 0.05841852638104874,
      "Fy_raw_N": 0.052327918214114005,
      "Fz_raw_N": 0.0,
      "Fx_section_Npm": 2.0863759421803123,
      "Fy_section_Npm": 1.868854221932643,
      "Fx_applied_N": 4.1310243655170185,
      "Fy_applied_N": 3.700331359426633,
      "Fz_applied_N": 0.0,
      "returned_force_raw_N": [
        0.05992209676649752,
        0.05369671632101634,
        0.0
      ],
      "returned_force_applied_N": [
        4.237348271345182,
        3.7971249398432976,
        0.0
      ],
      "Fx_returned_raw_N": 0.05992209676649752,
      "Fy_returned_raw_N": 0.05369671632101634,
      "force_residual_raw_N": 0.002033305722575432,
      "force_residual_applied_N": 0.14378376181069125,
      "trial_displacement_residual_m": 4.124600992232505e-09,
      "written_motion_delta_m": 4.124600992232505e-09,
      "checkpoint_request": false,
      "checkpoint_created": false,
      "rollback_request": true,
      "commit_status": "rolled_back",
      "iteration_events": [
        "force_iterate_submitted_to_ancf",
        "ancf_trial_solved_and_scattered",
        "trial_displacement_written_to_precice",
        "precice_advance_completed",
        "requires_reading_checkpoint_true",
        "force_read_at_retry_endpoint_dt",
        "physical_state_rolled_back_trial_retained_as_history"
      ],
      "time_window_complete": false,
      "convergence_status": "retry_required",
      "precice_max_iterations": 20,
      "ancf_newton_iterations": 3,
      "ancf_residual": 1.3914492402733458e-07,
      "q_state_hash": "8dc2bd3e66c3489d7643d30d407207d50d8c3cc7736204423dcf990abb77b4a6",
      "qdot_state_hash": "e276086d7263559f2949307ef6efa25b20b67fa6b625b24f3377e56adc5ec92e",
      "qddot_state_hash": "55b18e3268759d8fe99604e30cb150056cd887135442e4f7302d097d1533a18d"
    },
    {
      "case_id": "ANCF_SINGLE_SLICE_HIGHRE_0P2S_PREP_V1",
      "window_index": 4,
      "iteration_index": 19,
      "sequence": 72,
      "request_id": 910072,
      "transaction_id": 1910072,
      "transport_ids": {
        "sequence": 72,
        "request_id": 910072,
        "transaction_id": 1910072
      },
      "physical_identity": {
        "global_step": 4,
        "bridge_step": 4,
        "integer_tick": 800000,
        "time_s": 0.0008,
        "dt_s": 0.0002
      },
      "physical_time_s": 30.0008,
      "case_local_time_s": 0.0008,
      "force_source_global_time_s": 30.0008,
      "force_source_kind": "PRECEDING_PRECICE_ADVANCE_ITERATE",
      "force_input_source_global_time_s": 30.0008,
      "force_input_read_offset_s": 0.0002,
      "force_input_source_kind": "PRECEDING_PRECICE_ADVANCE_ITERATE",
      "force_input_vector_raw_N": [
        0.05992209676649752,
        0.05369671632101634,
        0.0
      ],
      "force_input_window_index": 4,
      "force_input_iteration_index": 19,
      "returned_force_source_global_time_s": 30.0008,
      "returned_force_source_kind": "CURRENT_WINDOW_ENDPOINT_RETRY_ITERATE",
      "force_source_time_global_s": 30.0008,
      "force_read_time_s": 0.0002,
      "force_read_offset_s": 0.0002,
      "force_read_source_global_time_s": 30.0008,
      "force_read_source_kind": "CURRENT_WINDOW_ENDPOINT_RETRY_ITERATE",
      "force_source_vector_raw_N": [
        0.06112495307485654,
        0.0547917548065382,
        0.0
      ],
      "force_read_vector_raw_N": [
        0.06112495307485654,
        0.0547917548065382,
        0.0
      ],
      "force_read_window_index": 4,
      "force_read_iteration_index": 19,
      "window_target_global_time_s": 30.0008,
      "dt_s": 0.0002,
      "D_previous_committed_m": [
        1.3559201304109314e-06,
        1.2329548107240614e-06,
        0.0004163898290125978
      ],
      "D_trial_from_ancf_m": [
        2.5820300254522148e-06,
        2.3412009376847305e-06,
        0.00041639250011415996
      ],
      "D_trial_interface_m": [
        2.5820300254522148e-06,
        2.3412009376847305e-06
      ],
      "D_written_to_precice_m": [
        2.5820300254522148e-06,
        2.3412009376847305e-06
      ],
      "written_motion_vector_m": [
        [
          2.5820300254522148e-06,
          2.3412009376847305e-06
        ]
      ],
      "force_input_raw_N": [
        0.05992209676649752,
        0.05369671632101634,
        0.0
      ],
      "force_input_applied_N": [
        4.237348271345182,
        3.797124939843298,
        0.0
      ],
      "Fx_raw_N": 0.05992209676649752,
      "Fy_raw_N": 0.05369671632101634,
      "Fz_raw_N": 0.0,
      "Fx_section_Npm": 2.1400748845177686,
      "Fy_section_Npm": 1.9177398686077263,
      "Fx_applied_N": 4.237348271345182,
      "Fy_applied_N": 3.797124939843298,
      "Fz_applied_N": 0.0,
      "returned_force_raw_N": [
        0.06112495307485654,
        0.0547917548065382,
        0.0
      ],
      "returned_force_applied_N": [
        4.322407396007712,
        3.87455980417663,
        0.0
      ],
      "Fx_returned_raw_N": 0.06112495307485654,
      "Fy_returned_raw_N": 0.0547917548065382,
      "force_residual_raw_N": 0.0016266445780603433,
      "force_residual_applied_N": 0.11502700944855283,
      "trial_displacement_residual_m": 3.2996807937704037e-09,
      "written_motion_delta_m": 3.2996807937704037e-09,
      "checkpoint_request": false,
      "checkpoint_created": false,
      "rollback_request": true,
      "commit_status": "rolled_back",
      "iteration_events": [
        "force_iterate_submitted_to_ancf",
        "ancf_trial_solved_and_scattered",
        "trial_displacement_written_to_precice",
        "precice_advance_completed",
        "requires_reading_checkpoint_true",
        "force_read_at_retry_endpoint_dt",
        "physical_state_rolled_back_trial_retained_as_history"
      ],
      "time_window_complete": false,
      "convergence_status": "retry_required",
      "precice_max_iterations": 20,
      "ancf_newton_iterations": 3,
      "ancf_residual": 1.3914492402733458e-07,
      "q_state_hash": "6be509b0459e7d82d861f3d6907dd6ef5e2c0ad6627e4b9370f7c55560ef902b",
      "qdot_state_hash": "65c74de62bcd9297cf02b3fd8995f92ce441d25eb3d289d9eae2cd73ffc24d92",
      "qddot_state_hash": "4dcb10e5dbaf9f7aa0bd13156658b58ce228525508ea9d297861e2bc78a11555"
    },
    {
      "case_id": "ANCF_SINGLE_SLICE_HIGHRE_0P2S_PREP_V1",
      "window_index": 4,
      "iteration_index": 20,
      "sequence": 73,
      "request_id": 910073,
      "transaction_id": 1910073,
      "transport_ids": {
        "sequence": 73,
        "request_id": 910073,
        "transaction_id": 1910073
      },
      "physical_identity": {
        "global_step": 4,
        "bridge_step": 4,
        "integer_tick": 800000,
        "time_s": 0.0008,
        "dt_s": 0.0002
      },
      "physical_time_s": 30.0008,
      "case_local_time_s": 0.0008,
      "force_source_global_time_s": 30.0008,
      "force_source_kind": "PRECEDING_PRECICE_ADVANCE_ITERATE",
      "force_input_source_global_time_s": 30.0008,
      "force_input_read_offset_s": 0.0002,
      "force_input_source_kind": "PRECEDING_PRECICE_ADVANCE_ITERATE",
      "force_input_vector_raw_N": [
        0.06112495307485654,
        0.0547917548065382,
        0.0
      ],
      "force_input_window_index": 4,
      "force_input_iteration_index": 20,
      "returned_force_source_global_time_s": 30.0008,
      "returned_force_source_kind": "ACCEPTED_WINDOW_BOUNDARY_FORCE",
      "force_source_time_global_s": 30.0008,
      "force_read_time_s": 0.0,
      "force_read_offset_s": 0.0,
      "force_read_source_global_time_s": 30.0008,
      "force_read_source_kind": "ACCEPTED_WINDOW_BOUNDARY_FORCE",
      "force_source_vector_raw_N": [
        0.06593637830829263,
        0.05917190874862562,
        0.0
      ],
      "force_read_vector_raw_N": [
        0.06593637830829263,
        0.05917190874862562,
        0.0
      ],
      "force_read_window_index": 4,
      "force_read_iteration_index": 20,
      "window_target_global_time_s": 30.0008,
      "dt_s": 0.0002,
      "D_previous_committed_m": [
        1.3559201304109314e-06,
        1.2329548107240614e-06,
        0.0004163898290125978
      ],
      "D_trial_from_ancf_m": [
        2.5839820397579254e-06,
        2.3429779835165526e-06,
        0.00041639250011371587
      ],
      "D_trial_interface_m": [
        2.5839820397579254e-06,
        2.3429779835165526e-06
      ],
      "D_written_to_precice_m": [
        2.5839820397579254e-06,
        2.3429779835165526e-06
      ],
      "written_motion_vector_m": [
        [
          2.5839820397579254e-06,
          2.3429779835165526e-06
        ]
      ],
      "force_input_raw_N": [
        0.06112495307485654,
        0.0547917548065382,
        0.0
      ],
      "force_input_applied_N": [
        4.322407396007712,
        3.8745598041766303,
        0.0
      ],
      "Fx_raw_N": 0.06112495307485654,
      "Fy_raw_N": 0.0547917548065382,
      "Fz_raw_N": 0.0,
      "Fx_section_Npm": 2.1830340383877336,
      "Fy_section_Npm": 1.956848385947793,
      "Fx_applied_N": 4.322407396007712,
      "Fy_applied_N": 3.8745598041766303,
      "Fz_applied_N": 0.0,
      "returned_force_raw_N": [
        0.06593637830829263,
        0.05917190874862562,
        0.0
      ],
      "returned_force_applied_N": [
        4.662643894657836,
        4.184299261509954,
        0.0
      ],
      "Fx_returned_raw_N": 0.06593637830829263,
      "Fy_returned_raw_N": 0.05917190874862562,
      "force_residual_raw_N": 0.006506578312241351,
      "force_residual_applied_N": 0.4601080377942098,
      "trial_displacement_residual_m": 2.6397446350159293e-09,
      "written_motion_delta_m": 2.6397446350159293e-09,
      "checkpoint_request": false,
      "checkpoint_created": false,
      "rollback_request": false,
      "commit_status": "committed",
      "iteration_events": [
        "force_iterate_submitted_to_ancf",
        "ancf_trial_solved_and_scattered",
        "trial_displacement_written_to_precice",
        "precice_advance_completed",
        "requires_reading_checkpoint_false",
        "force_read_at_accepted_window_start_zero",
        "accepted_trial_committed"
      ],
      "time_window_complete": true,
      "convergence_status": "ACCEPTED_AT_ITERATION_LIMIT",
      "precice_max_iterations": 20,
      "ancf_newton_iterations": 3,
      "ancf_residual": 1.3914492402733458e-07,
      "q_state_hash": "d0784b3f8c6b85ccf09750e53b8a0e58f4d23ad41972ba2af23221e3c61bd3dc",
      "qdot_state_hash": "d587b0ed1047d59f73cf7193750cb1821b34b47b40bedf60f95b5be9def8744a",
      "qddot_state_hash": "b811e20dd7e45deaf27ea38cee6ffae7d932a2cce9810c04daf17727e8d881fa"
    },
    {
      "case_id": "ANCF_SINGLE_SLICE_HIGHRE_0P2S_PREP_V1",
      "window_index": 5,
      "iteration_index": 1,
      "sequence": 74,
      "request_id": 910074,
      "transaction_id": 1910074,
      "transport_ids": {
        "sequence": 74,
        "request_id": 910074,
        "transaction_id": 1910074
      },
      "physical_identity": {
        "global_step": 5,
        "bridge_step": 5,
        "integer_tick": 1000000,
        "time_s": 0.001,
        "dt_s": 0.0002
      },
      "physical_time_s": 30.001,
      "case_local_time_s": 0.001,
      "force_source_global_time_s": 30.0008,
      "force_source_kind": "PRECEDING_ACCEPTED_PRECICE_EXCHANGE",
      "force_input_source_global_time_s": 30.0008,
      "force_input_read_offset_s": 0.0,
      "force_input_source_kind": "PRECEDING_ACCEPTED_PRECICE_EXCHANGE",
      "force_input_vector_raw_N": [
        0.06593637830829263,
        0.05917190874862562,
        0.0
      ],
      "force_input_window_index": 5,
      "force_input_iteration_index": 1,
      "returned_force_source_global_time_s": 30.001,
      "returned_force_source_kind": "CURRENT_WINDOW_ENDPOINT_RETRY_ITERATE",
      "force_source_time_global_s": 30.001,
      "force_read_time_s": 0.0002,
      "force_read_offset_s": 0.0002,
      "force_read_source_global_time_s": 30.001,
      "force_read_source_kind": "CURRENT_WINDOW_ENDPOINT_RETRY_ITERATE",
      "force_source_vector_raw_N": [
        -0.44332971494629725,
        -0.4031730528158574,
        0.0
      ],
      "force_read_vector_raw_N": [
        -0.44332971494629725,
        -0.4031730528158574,
        0.0
      ],
      "force_read_window_index": 5,
      "force_read_iteration_index": 1,
      "window_target_global_time_s": 30.001,
      "dt_s": 0.0002,
      "D_previous_committed_m": [
        2.5839820397579254e-06,
        2.3429779835165526e-06,
        0.00041639250011371587
      ],
      "D_trial_from_ancf_m": [
        4.187552301674069e-06,
        3.789393215726626e-06,
        0.00041639605863563744
      ],
      "D_trial_interface_m": [
        4.187552301674069e-06,
        3.789393215726626e-06
      ],
      "D_written_to_precice_m": [
        4.187552301674069e-06,
        3.789393215726626e-06
      ],
      "written_motion_vector_m": [
        [
          4.187552301674069e-06,
          3.789393215726626e-06
        ]
      ],
      "force_input_raw_N": [
        0.06593637830829263,
        0.05917190874862562,
        0.0
      ],
      "force_input_applied_N": [
        4.662643894657836,
        4.184299261509954,
        0.0
      ],
      "Fx_raw_N": 0.06593637830829263,
      "Fy_raw_N": 0.05917190874862562,
      "Fz_raw_N": 0.0,
      "Fx_section_Npm": 2.354870653867594,
      "Fy_section_Npm": 2.113282455308058,
      "Fx_applied_N": 4.662643894657836,
      "Fy_applied_N": 4.184299261509954,
      "Fz_applied_N": 0.0,
      "returned_force_raw_N": [
        -0.44332971494629725,
        -0.4031730528158574,
        0.0
      ],
      "returned_force_applied_N": [
        -31.349744128345304,
        -28.510094449121343,
        0.0
      ],
      "Fx_returned_raw_N": -0.44332971494629725,
      "Fy_returned_raw_N": -0.4031730528158574,
      "force_residual_raw_N": 0.6878334225834449,
      "force_residual_applied_N": 48.639649168400744,
      "trial_displacement_residual_m": 2.159526477927772e-06,
      "written_motion_delta_m": null,
      "checkpoint_request": true,
      "checkpoint_created": true,
      "rollback_request": true,
      "commit_status": "rolled_back",
      "iteration_events": [
        "physical_checkpoint_created",
        "force_iterate_submitted_to_ancf",
        "ancf_trial_solved_and_scattered",
        "trial_displacement_written_to_precice",
        "precice_advance_completed",
        "requires_reading_checkpoint_true",
        "force_read_at_retry_endpoint_dt",
        "physical_state_rolled_back_trial_retained_as_history"
      ],
      "time_window_complete": false,
      "convergence_status": "retry_required",
      "precice_max_iterations": 20,
      "ancf_newton_iterations": 3,
      "ancf_residual": 1.4457204944307023e-07,
      "q_state_hash": "2c9837018209ef316e2f5e6778e0924f5b6d56ef192e4f06fc2fd2e4df97c1d6",
      "qdot_state_hash": "82b664fbf203645e5f06ecadaae5db5f5f0bb235c1e80bf11dd053a13ef0a340",
      "qddot_state_hash": "1f12516fafc9aef2a9cf663f2993b73a356798383e86cb6ad251fad94469dfa7"
    },
    {
      "case_id": "ANCF_SINGLE_SLICE_HIGHRE_0P2S_PREP_V1",
      "window_index": 5,
      "iteration_index": 2,
      "sequence": 75,
      "request_id": 910075,
      "transaction_id": 1910075,
      "transport_ids": {
        "sequence": 75,
        "request_id": 910075,
        "transaction_id": 1910075
      },
      "physical_identity": {
        "global_step": 5,
        "bridge_step": 5,
        "integer_tick": 1000000,
        "time_s": 0.001,
        "dt_s": 0.0002
      },
      "physical_time_s": 30.001,
      "case_local_time_s": 0.001,
      "force_source_global_time_s": 30.001,
      "force_source_kind": "PRECEDING_PRECICE_ADVANCE_ITERATE",
      "force_input_source_global_time_s": 30.001,
      "force_input_read_offset_s": 0.0002,
      "force_input_source_kind": "PRECEDING_PRECICE_ADVANCE_ITERATE",
      "force_input_vector_raw_N": [
        -0.44332971494629725,
        -0.4031730528158574,
        0.0
      ],
      "force_input_window_index": 5,
      "force_input_iteration_index": 2,
      "returned_force_source_global_time_s": 30.001,
      "returned_force_source_kind": "CURRENT_WINDOW_ENDPOINT_RETRY_ITERATE",
      "force_source_time_global_s": 30.001,
      "force_read_time_s": 0.0002,
      "force_read_offset_s": 0.0002,
      "force_read_source_global_time_s": 30.001,
      "force_read_source_kind": "CURRENT_WINDOW_ENDPOINT_RETRY_ITERATE",
      "force_source_vector_raw_N": [
        -0.3414988884692836,
        -0.31069871977258906,
        0.0
      ],
      "force_read_vector_raw_N": [
        -0.3414988884692836,
        -0.31069871977258906,
        0.0
      ],
      "force_read_window_index": 5,
      "force_read_iteration_index": 2,
      "window_target_global_time_s": 30.001,
      "dt_s": 0.0002,
      "D_previous_committed_m": [
        2.5839820397579254e-06,
        2.3429779835165526e-06,
        0.00041639250011371587
      ],
      "D_trial_from_ancf_m": [
        3.3611072049852427e-06,
        3.039092476039234e-06,
        0.000416396058757762
      ],
      "D_trial_interface_m": [
        3.3611072049852427e-06,
        3.039092476039234e-06
      ],
      "D_written_to_precice_m": [
        3.3611072049852427e-06,
        3.039092476039234e-06
      ],
      "written_motion_vector_m": [
        [
          3.3611072049852427e-06,
          3.039092476039234e-06
        ]
      ],
      "force_input_raw_N": [
        -0.44332971494629725,
        -0.4031730528158574,
        0.0
      ],
      "force_input_applied_N": [
        -31.349744128345304,
        -28.510094449121347,
        0.0
      ],
      "Fx_raw_N": -0.44332971494629725,
      "Fy_raw_N": -0.4031730528158574,
      "Fz_raw_N": 0.0,
      "Fx_section_Npm": -15.833204105224901,
      "Fy_section_Npm": -14.399037600566336,
      "Fx_applied_N": -31.349744128345304,
      "Fy_applied_N": -28.510094449121347,
      "Fz_applied_N": 0.0,
      "returned_force_raw_N": [
        -0.3414988884692836,
        -0.31069871977258906,
        0.0
      ],
      "returned_force_applied_N": [
        -24.14884997032791,
        -21.970838041061654,
        0.0
      ],
      "Fx_returned_raw_N": -0.3414988884692836,
      "Fy_returned_raw_N": -0.31069871977258906,
      "force_residual_raw_N": 0.1375536967616246,
      "force_residual_applied_N": 9.727011413857738,
      "trial_displacement_residual_m": 1.116226992065884e-06,
      "written_motion_delta_m": 1.116226992065884e-06,
      "checkpoint_request": false,
      "checkpoint_created": false,
      "rollback_request": true,
      "commit_status": "rolled_back",
      "iteration_events": [
        "force_iterate_submitted_to_ancf",
        "ancf_trial_solved_and_scattered",
        "trial_displacement_written_to_precice",
        "precice_advance_completed",
        "requires_reading_checkpoint_true",
        "force_read_at_retry_endpoint_dt",
        "physical_state_rolled_back_trial_retained_as_history"
      ],
      "time_window_complete": false,
      "convergence_status": "retry_required",
      "precice_max_iterations": 20,
      "ancf_newton_iterations": 3,
      "ancf_residual": 1.4457204944307023e-07,
      "q_state_hash": "0a61380d346bae0d9490718bb2fa5b69f80e8833ce4e14233ca2e3c00bbc8e35",
      "qdot_state_hash": "5f80075581f388fb6663e4798b80f87aa5dc05603de92e6a435dc0a9abaed9aa",
      "qddot_state_hash": "e1a50c4c0eb4f2e1990acae2c26ec0e47ccb79b8536498b6852672c255df0942"
    },
    {
      "case_id": "ANCF_SINGLE_SLICE_HIGHRE_0P2S_PREP_V1",
      "window_index": 5,
      "iteration_index": 3,
      "sequence": 76,
      "request_id": 910076,
      "transaction_id": 1910076,
      "transport_ids": {
        "sequence": 76,
        "request_id": 910076,
        "transaction_id": 1910076
      },
      "physical_identity": {
        "global_step": 5,
        "bridge_step": 5,
        "integer_tick": 1000000,
        "time_s": 0.001,
        "dt_s": 0.0002
      },
      "physical_time_s": 30.001,
      "case_local_time_s": 0.001,
      "force_source_global_time_s": 30.001,
      "force_source_kind": "PRECEDING_PRECICE_ADVANCE_ITERATE",
      "force_input_source_global_time_s": 30.001,
      "force_input_read_offset_s": 0.0002,
      "force_input_source_kind": "PRECEDING_PRECICE_ADVANCE_ITERATE",
      "force_input_vector_raw_N": [
        -0.3414988884692836,
        -0.31069871977258906,
        0.0
      ],
      "force_input_window_index": 5,
      "force_input_iteration_index": 3,
      "returned_force_source_global_time_s": 30.001,
      "returned_force_source_kind": "CURRENT_WINDOW_ENDPOINT_RETRY_ITERATE",
      "force_source_time_global_s": 30.001,
      "force_read_time_s": 0.0002,
      "force_read_offset_s": 0.0002,
      "force_read_source_global_time_s": 30.001,
      "force_read_source_kind": "CURRENT_WINDOW_ENDPOINT_RETRY_ITERATE",
      "force_source_vector_raw_N": [
        -0.2600342272876727,
        -0.23671925333797436,
        0.0
      ],
      "force_read_vector_raw_N": [
        -0.2600342272876727,
        -0.23671925333797436,
        0.0
      ],
      "force_read_window_index": 5,
      "force_read_iteration_index": 3,
      "window_target_global_time_s": 30.001,
      "dt_s": 0.0002,
      "D_previous_committed_m": [
        2.5839820397579254e-06,
        2.3429779835165526e-06,
        0.00041639250011371587
      ],
      "D_trial_from_ancf_m": [
        3.5263598860358737e-06,
        3.189161291078561e-06,
        0.00041639605873511343
      ],
      "D_trial_interface_m": [
        3.5263598860358737e-06,
        3.189161291078561e-06
      ],
      "D_written_to_precice_m": [
        3.5263598860358737e-06,
        3.189161291078561e-06
      ],
      "written_motion_vector_m": [
        [
          3.5263598860358737e-06,
          3.189161291078561e-06
        ]
      ],
      "force_input_raw_N": [
        -0.3414988884692836,
        -0.31069871977258906,
        0.0
      ],
      "force_input_applied_N": [
        -24.148849970327912,
        -21.970838041061654,
        0.0
      ],
      "Fx_raw_N": -0.3414988884692836,
      "Fy_raw_N": -0.31069871977258906,
      "Fz_raw_N": 0.0,
      "Fx_section_Npm": -12.196388873902986,
      "Fy_section_Npm": -11.096382849021037,
      "Fx_applied_N": -24.148849970327912,
      "Fy_applied_N": -21.970838041061654,
      "Fz_applied_N": 0.0,
      "returned_force_raw_N": [
        -0.2600342272876727,
        -0.23671925333797436,
        0.0
      ],
      "returned_force_applied_N": [
        -18.388134643913997,
        -16.7394329146139,
        0.0
      ],
      "Fx_returned_raw_N": -0.2600342272876727,
      "Fy_returned_raw_N": -0.23671925333797436,
      "force_residual_raw_N": 0.11004295740929967,
      "force_residual_applied_N": 7.78160913108619,
      "trial_displacement_residual_m": 2.2322432179699716e-07,
      "written_motion_delta_m": 2.2322432179699716e-07,
      "checkpoint_request": false,
      "checkpoint_created": false,
      "rollback_request": true,
      "commit_status": "rolled_back",
      "iteration_events": [
        "force_iterate_submitted_to_ancf",
        "ancf_trial_solved_and_scattered",
        "trial_displacement_written_to_precice",
        "precice_advance_completed",
        "requires_reading_checkpoint_true",
        "force_read_at_retry_endpoint_dt",
        "physical_state_rolled_back_trial_retained_as_history"
      ],
      "time_window_complete": false,
      "convergence_status": "retry_required",
      "precice_max_iterations": 20,
      "ancf_newton_iterations": 3,
      "ancf_residual": 1.4457204944307023e-07,
      "q_state_hash": "c83086ef69d848df44103a98aa11c272626b729f152024ddd3c83b8a618206dc",
      "qdot_state_hash": "4dd276529665627ca83f652771c39c4c79ee7d9c135b885d95c2c445d8b2f16e",
      "qddot_state_hash": "53eadf86223e21ae7ddf94e91b41107e5e9f4d3a149be9f79825021a55551d30"
    },
    {
      "case_id": "ANCF_SINGLE_SLICE_HIGHRE_0P2S_PREP_V1",
      "window_index": 5,
      "iteration_index": 4,
      "sequence": 77,
      "request_id": 910077,
      "transaction_id": 1910077,
      "transport_ids": {
        "sequence": 77,
        "request_id": 910077,
        "transaction_id": 1910077
      },
      "physical_identity": {
        "global_step": 5,
        "bridge_step": 5,
        "integer_tick": 1000000,
        "time_s": 0.001,
        "dt_s": 0.0002
      },
      "physical_time_s": 30.001,
      "case_local_time_s": 0.001,
      "force_source_global_time_s": 30.001,
      "force_source_kind": "PRECEDING_PRECICE_ADVANCE_ITERATE",
      "force_input_source_global_time_s": 30.001,
      "force_input_read_offset_s": 0.0002,
      "force_input_source_kind": "PRECEDING_PRECICE_ADVANCE_ITERATE",
      "force_input_vector_raw_N": [
        -0.2600342272876727,
        -0.23671925333797436,
        0.0
      ],
      "force_input_window_index": 5,
      "force_input_iteration_index": 4,
      "returned_force_source_global_time_s": 30.001,
      "returned_force_source_kind": "CURRENT_WINDOW_ENDPOINT_RETRY_ITERATE",
      "force_source_time_global_s": 30.001,
      "force_read_time_s": 0.0002,
      "force_read_offset_s": 0.0002,
      "force_read_source_global_time_s": 30.001,
      "force_read_source_kind": "CURRENT_WINDOW_ENDPOINT_RETRY_ITERATE",
      "force_source_vector_raw_N": [
        -0.194862498342384,
        -0.1775356801902826,
        0.0
      ],
      "force_read_vector_raw_N": [
        -0.194862498342384,
        -0.1775356801902826,
        0.0
      ],
      "force_read_window_index": 5,
      "force_read_iteration_index": 4,
      "window_target_global_time_s": 30.001,
      "dt_s": 0.0002,
      "D_previous_committed_m": [
        2.5839820397579254e-06,
        2.3429779835165526e-06,
        0.00041639250011371587
      ],
      "D_trial_from_ancf_m": [
        3.6585620308462474e-06,
        3.3092163430826993e-06,
        0.0004163960587164617
      ],
      "D_trial_interface_m": [
        3.6585620308462474e-06,
        3.3092163430826993e-06
      ],
      "D_written_to_precice_m": [
        3.6585620308462474e-06,
        3.3092163430826993e-06
      ],
      "written_motion_vector_m": [
        [
          3.6585620308462474e-06,
          3.3092163430826993e-06
        ]
      ],
      "force_input_raw_N": [
        -0.2600342272876727,
        -0.23671925333797436,
        0.0
      ],
      "force_input_applied_N": [
        -18.388134643914,
        -16.7394329146139,
        0.0
      ],
      "Fx_raw_N": -0.2600342272876727,
      "Fy_raw_N": -0.23671925333797436,
      "Fz_raw_N": 0.0,
      "Fx_section_Npm": -9.286936688845454,
      "Fy_section_Npm": -8.454259047784799,
      "Fx_applied_N": -18.388134643914,
      "Fy_applied_N": -16.7394329146139,
      "Fz_applied_N": 0.0,
      "returned_force_raw_N": [
        -0.194862498342384,
        -0.1775356801902826,
        0.0
      ],
      "returned_force_applied_N": [
        -13.779562382782867,
        -12.554308813455696,
        0.0
      ],
      "Fx_returned_raw_N": -0.194862498342384,
      "Fy_returned_raw_N": -0.1775356801902826,
      "force_residual_raw_N": 0.08803436592743975,
      "force_residual_applied_N": 6.225287304868954,
      "trial_displacement_residual_m": 1.7857945739692296e-07,
      "written_motion_delta_m": 1.7857945739692296e-07,
      "checkpoint_request": false,
      "checkpoint_created": false,
      "rollback_request": true,
      "commit_status": "rolled_back",
      "iteration_events": [
        "force_iterate_submitted_to_ancf",
        "ancf_trial_solved_and_scattered",
        "trial_displacement_written_to_precice",
        "precice_advance_completed",
        "requires_reading_checkpoint_true",
        "force_read_at_retry_endpoint_dt",
        "physical_state_rolled_back_trial_retained_as_history"
      ],
      "time_window_complete": false,
      "convergence_status": "retry_required",
      "precice_max_iterations": 20,
      "ancf_newton_iterations": 3,
      "ancf_residual": 1.4457204944307023e-07,
      "q_state_hash": "99daa942fdd5902cd1119cf0fae8f614afac826c99ee3b65369c503fe2352556",
      "qdot_state_hash": "a63db209e8ce363b5fe5f8b1b2709d2207cecd05a491577ca7df5693e53e2f2e",
      "qddot_state_hash": "700dda5edf172154755809e8472a8a064c4780905959044ab7ebe1463fc27fa5"
    },
    {
      "case_id": "ANCF_SINGLE_SLICE_HIGHRE_0P2S_PREP_V1",
      "window_index": 5,
      "iteration_index": 5,
      "sequence": 78,
      "request_id": 910078,
      "transaction_id": 1910078,
      "transport_ids": {
        "sequence": 78,
        "request_id": 910078,
        "transaction_id": 1910078
      },
      "physical_identity": {
        "global_step": 5,
        "bridge_step": 5,
        "integer_tick": 1000000,
        "time_s": 0.001,
        "dt_s": 0.0002
      },
      "physical_time_s": 30.001,
      "case_local_time_s": 0.001,
      "force_source_global_time_s": 30.001,
      "force_source_kind": "PRECEDING_PRECICE_ADVANCE_ITERATE",
      "force_input_source_global_time_s": 30.001,
      "force_input_read_offset_s": 0.0002,
      "force_input_source_kind": "PRECEDING_PRECICE_ADVANCE_ITERATE",
      "force_input_vector_raw_N": [
        -0.194862498342384,
        -0.1775356801902826,
        0.0
      ],
      "force_input_window_index": 5,
      "force_input_iteration_index": 5,
      "returned_force_source_global_time_s": 30.001,
      "returned_force_source_kind": "CURRENT_WINDOW_ENDPOINT_RETRY_ITERATE",
      "force_source_time_global_s": 30.001,
      "force_read_time_s": 0.0002,
      "force_read_offset_s": 0.0002,
      "force_read_source_global_time_s": 30.001,
      "force_read_source_kind": "CURRENT_WINDOW_ENDPOINT_RETRY_ITERATE",
      "force_source_vector_raw_N": [
        -0.14272511518615302,
        -0.13018882167212917,
        0.0
      ],
      "force_read_vector_raw_N": [
        -0.14272511518615302,
        -0.13018882167212917,
        0.0
      ],
      "force_read_window_index": 5,
      "force_read_iteration_index": 5,
      "window_target_global_time_s": 30.001,
      "dt_s": 0.0002,
      "D_previous_committed_m": [
        2.5839820397579254e-06,
        2.3429779835165526e-06,
        0.00041639250011371587
      ],
      "D_trial_from_ancf_m": [
        3.7643237466745e-06,
        3.4052603846678297e-06,
        0.00041639605870047447
      ],
      "D_trial_interface_m": [
        3.7643237466745e-06,
        3.4052603846678297e-06
      ],
      "D_written_to_precice_m": [
        3.7643237466745e-06,
        3.4052603846678297e-06
      ],
      "written_motion_vector_m": [
        [
          3.7643237466745e-06,
          3.4052603846678297e-06
        ]
      ],
      "force_input_raw_N": [
        -0.194862498342384,
        -0.1775356801902826,
        0.0
      ],
      "force_input_applied_N": [
        -13.779562382782869,
        -12.554308813455696,
        0.0
      ],
      "Fx_raw_N": -0.194862498342384,
      "Fy_raw_N": -0.1775356801902826,
      "Fz_raw_N": 0.0,
      "Fx_section_Npm": -6.959374940799429,
      "Fy_section_Npm": -6.340560006795807,
      "Fx_applied_N": -13.779562382782869,
      "Fy_applied_N": -12.554308813455696,
      "Fz_applied_N": 0.0,
      "returned_force_raw_N": [
        -0.14272511518615302,
        -0.13018882167212917,
        0.0
      ],
      "returned_force_applied_N": [
        -10.092704573877963,
        -9.206209532529133,
        0.0
      ],
      "Fx_returned_raw_N": -0.14272511518615302,
      "Fy_returned_raw_N": -0.13018882167212917,
      "force_residual_raw_N": 0.07042749274195181,
      "force_residual_applied_N": 4.980229843895163,
      "trial_displacement_residual_m": 1.4286356589047574e-07,
      "written_motion_delta_m": 1.4286356589047574e-07,
      "checkpoint_request": false,
      "checkpoint_created": false,
      "rollback_request": true,
      "commit_status": "rolled_back",
      "iteration_events": [
        "force_iterate_submitted_to_ancf",
        "ancf_trial_solved_and_scattered",
        "trial_displacement_written_to_precice",
        "precice_advance_completed",
        "requires_reading_checkpoint_true",
        "force_read_at_retry_endpoint_dt",
        "physical_state_rolled_back_trial_retained_as_history"
      ],
      "time_window_complete": false,
      "convergence_status": "retry_required",
      "precice_max_iterations": 20,
      "ancf_newton_iterations": 3,
      "ancf_residual": 1.4457204944307023e-07,
      "q_state_hash": "286a4a34ed343633904a9f2e2efe37b08c4bc25714942ed628dbe1df89da792c",
      "qdot_state_hash": "f1c1b4e3a569eebbf602d94bfbffa0216e9db59073ffeee325358f2f4ee45ba9",
      "qddot_state_hash": "284b09d3ed428e1af85f3250fa17ec45e8ca351634846b642e42d121a6df6766"
    },
    {
      "case_id": "ANCF_SINGLE_SLICE_HIGHRE_0P2S_PREP_V1",
      "window_index": 5,
      "iteration_index": 6,
      "sequence": 79,
      "request_id": 910079,
      "transaction_id": 1910079,
      "transport_ids": {
        "sequence": 79,
        "request_id": 910079,
        "transaction_id": 1910079
      },
      "physical_identity": {
        "global_step": 5,
        "bridge_step": 5,
        "integer_tick": 1000000,
        "time_s": 0.001,
        "dt_s": 0.0002
      },
      "physical_time_s": 30.001,
      "case_local_time_s": 0.001,
      "force_source_global_time_s": 30.001,
      "force_source_kind": "PRECEDING_PRECICE_ADVANCE_ITERATE",
      "force_input_source_global_time_s": 30.001,
      "force_input_read_offset_s": 0.0002,
      "force_input_source_kind": "PRECEDING_PRECICE_ADVANCE_ITERATE",
      "force_input_vector_raw_N": [
        -0.14272511518615302,
        -0.13018882167212917,
        0.0
      ],
      "force_input_window_index": 5,
      "force_input_iteration_index": 6,
      "returned_force_source_global_time_s": 30.001,
      "returned_force_source_kind": "CURRENT_WINDOW_ENDPOINT_RETRY_ITERATE",
      "force_source_time_global_s": 30.001,
      "force_read_time_s": 0.0002,
      "force_read_offset_s": 0.0002,
      "force_read_source_global_time_s": 30.001,
      "force_read_source_kind": "CURRENT_WINDOW_ENDPOINT_RETRY_ITERATE",
      "force_source_vector_raw_N": [
        -0.10101520866116823,
        -0.09231133485760645,
        0.0
      ],
      "force_read_vector_raw_N": [
        -0.10101520866116823,
        -0.09231133485760645,
        0.0
      ],
      "force_read_window_index": 5,
      "force_read_iteration_index": 6,
      "window_target_global_time_s": 30.001,
      "dt_s": 0.0002,
      "D_previous_committed_m": [
        2.5839820397579254e-06,
        2.3429779835165526e-06,
        0.00041639250011371587
      ],
      "D_trial_from_ancf_m": [
        3.848933119323884e-06,
        3.482095617923948e-06,
        0.00041639605868803997
      ],
      "D_trial_interface_m": [
        3.848933119323884e-06,
        3.482095617923948e-06
      ],
      "D_written_to_precice_m": [
        3.848933119323884e-06,
        3.482095617923948e-06
      ],
      "written_motion_vector_m": [
        [
          3.848933119323884e-06,
          3.482095617923948e-06
        ]
      ],
      "force_input_raw_N": [
        -0.14272511518615302,
        -0.13018882167212917,
        0.0
      ],
      "force_input_applied_N": [
        -10.092704573877963,
        -9.206209532529133,
        0.0
      ],
      "Fx_raw_N": -0.14272511518615302,
      "Fy_raw_N": -0.13018882167212917,
      "Fz_raw_N": 0.0,
      "Fx_section_Npm": -5.097325542362608,
      "Fy_section_Npm": -4.649600774004613,
      "Fx_applied_N": -10.092704573877963,
      "Fy_applied_N": -9.206209532529133,
      "Fz_applied_N": 0.0,
      "returned_force_raw_N": [
        -0.10101520866116823,
        -0.09231133485760645,
        0.0
      ],
      "returned_force_applied_N": [
        -7.143218326754038,
        -6.527730107787884,
        0.0
      ],
      "Fx_returned_raw_N": -0.10101520866116823,
      "Fy_returned_raw_N": -0.09231133485760645,
      "force_residual_raw_N": 0.056341994193561444,
      "force_residual_applied_N": 3.9841838751161305,
      "trial_displacement_residual_m": 1.1429085269453754e-07,
      "written_motion_delta_m": 1.1429085269453754e-07,
      "checkpoint_request": false,
      "checkpoint_created": false,
      "rollback_request": true,
      "commit_status": "rolled_back",
      "iteration_events": [
        "force_iterate_submitted_to_ancf",
        "ancf_trial_solved_and_scattered",
        "trial_displacement_written_to_precice",
        "precice_advance_completed",
        "requires_reading_checkpoint_true",
        "force_read_at_retry_endpoint_dt",
        "physical_state_rolled_back_trial_retained_as_history"
      ],
      "time_window_complete": false,
      "convergence_status": "retry_required",
      "precice_max_iterations": 20,
      "ancf_newton_iterations": 3,
      "ancf_residual": 1.4457204944307023e-07,
      "q_state_hash": "e7db0ed11d8cc53bcfa65e04eee374c01c0fd5809daaa5599b54b89d3f9ff836",
      "qdot_state_hash": "5e468fcae0a7b665198d31824f9a92ada91f4bf2cf960e8438f49f3f0704c33f",
      "qddot_state_hash": "28dc94eb65245df9cebc076199d18fedbe1e427b72f0e56e851d0c85fa1b0918"
    },
    {
      "case_id": "ANCF_SINGLE_SLICE_HIGHRE_0P2S_PREP_V1",
      "window_index": 5,
      "iteration_index": 7,
      "sequence": 80,
      "request_id": 910080,
      "transaction_id": 1910080,
      "transport_ids": {
        "sequence": 80,
        "request_id": 910080,
        "transaction_id": 1910080
      },
      "physical_identity": {
        "global_step": 5,
        "bridge_step": 5,
        "integer_tick": 1000000,
        "time_s": 0.001,
        "dt_s": 0.0002
      },
      "physical_time_s": 30.001,
      "case_local_time_s": 0.001,
      "force_source_global_time_s": 30.001,
      "force_source_kind": "PRECEDING_PRECICE_ADVANCE_ITERATE",
      "force_input_source_global_time_s": 30.001,
      "force_input_read_offset_s": 0.0002,
      "force_input_source_kind": "PRECEDING_PRECICE_ADVANCE_ITERATE",
      "force_input_vector_raw_N": [
        -0.10101520866116823,
        -0.09231133485760645,
        0.0
      ],
      "force_input_window_index": 5,
      "force_input_iteration_index": 7,
      "returned_force_source_global_time_s": 30.001,
      "returned_force_source_kind": "CURRENT_WINDOW_ENDPOINT_RETRY_ITERATE",
      "force_source_time_global_s": 30.001,
      "force_read_time_s": 0.0002,
      "force_read_offset_s": 0.0002,
      "force_read_source_global_time_s": 30.001,
      "force_read_source_kind": "CURRENT_WINDOW_ENDPOINT_RETRY_ITERATE",
      "force_source_vector_raw_N": [
        -0.06764728344118039,
        -0.06200934540598827,
        0.0
      ],
      "force_read_vector_raw_N": [
        -0.06764728344118039,
        -0.06200934540598827,
        0.0
      ],
      "force_read_window_index": 5,
      "force_read_iteration_index": 7,
      "window_target_global_time_s": 30.001,
      "dt_s": 0.0002,
      "D_previous_committed_m": [
        2.5839820397579254e-06,
        2.3429779835165526e-06,
        0.00041639250011371587
      ],
      "D_trial_from_ancf_m": [
        3.916620617434744e-06,
        3.543563804520997e-06,
        0.00041639605867827
      ],
      "D_trial_interface_m": [
        3.916620617434744e-06,
        3.543563804520997e-06
      ],
      "D_written_to_precice_m": [
        3.916620617434744e-06,
        3.543563804520997e-06
      ],
      "written_motion_vector_m": [
        [
          3.916620617434744e-06,
          3.543563804520997e-06
        ]
      ],
      "force_input_raw_N": [
        -0.10101520866116823,
        -0.09231133485760645,
        0.0
      ],
      "force_input_applied_N": [
        -7.143218326754038,
        -6.527730107787885,
        0.0
      ],
      "Fx_raw_N": -0.10101520866116823,
      "Fy_raw_N": -0.09231133485760645,
      "Fz_raw_N": 0.0,
      "Fx_section_Npm": -3.6076860236131507,
      "Fy_section_Npm": -3.296833387771659,
      "Fx_applied_N": -7.143218326754038,
      "Fy_applied_N": -6.527730107787885,
      "Fz_applied_N": 0.0,
      "returned_force_raw_N": [
        -0.06764728344118039,
        -0.06200934540598827,
        0.0
      ],
      "returned_force_applied_N": [
        -4.783629329054898,
        -4.384946567994884,
        0.0
      ],
      "Fx_returned_raw_N": -0.06764728344118039,
      "Fy_returned_raw_N": -0.06200934540598827,
      "force_residual_raw_N": 0.04507359535484916,
      "force_residual_applied_N": 3.1873471000929046,
      "trial_displacement_residual_m": 9.143268214395406e-08,
      "written_motion_delta_m": 9.143268214395406e-08,
      "checkpoint_request": false,
      "checkpoint_created": false,
      "rollback_request": true,
      "commit_status": "rolled_back",
      "iteration_events": [
        "force_iterate_submitted_to_ancf",
        "ancf_trial_solved_and_scattered",
        "trial_displacement_written_to_precice",
        "precice_advance_completed",
        "requires_reading_checkpoint_true",
        "force_read_at_retry_endpoint_dt",
        "physical_state_rolled_back_trial_retained_as_history"
      ],
      "time_window_complete": false,
      "convergence_status": "retry_required",
      "precice_max_iterations": 20,
      "ancf_newton_iterations": 3,
      "ancf_residual": 1.4457204944307023e-07,
      "q_state_hash": "a57593155942c7d6d10194365889c72f4ba427697efc0cf1f45113f593e8571a",
      "qdot_state_hash": "c4ec40fd7528492bf20dd31894129dbbc4985a391210d7914a685c29a49bfa89",
      "qddot_state_hash": "2be4870d02845a2a79e1b0c14ef776763fa24b53fc06bdb6cd8c184d2d75deb3"
    },
    {
      "case_id": "ANCF_SINGLE_SLICE_HIGHRE_0P2S_PREP_V1",
      "window_index": 5,
      "iteration_index": 8,
      "sequence": 81,
      "request_id": 910081,
      "transaction_id": 1910081,
      "transport_ids": {
        "sequence": 81,
        "request_id": 910081,
        "transaction_id": 1910081
      },
      "physical_identity": {
        "global_step": 5,
        "bridge_step": 5,
        "integer_tick": 1000000,
        "time_s": 0.001,
        "dt_s": 0.0002
      },
      "physical_time_s": 30.001,
      "case_local_time_s": 0.001,
      "force_source_global_time_s": 30.001,
      "force_source_kind": "PRECEDING_PRECICE_ADVANCE_ITERATE",
      "force_input_source_global_time_s": 30.001,
      "force_input_read_offset_s": 0.0002,
      "force_input_source_kind": "PRECEDING_PRECICE_ADVANCE_ITERATE",
      "force_input_vector_raw_N": [
        -0.06764728344118039,
        -0.06200934540598827,
        0.0
      ],
      "force_input_window_index": 5,
      "force_input_iteration_index": 8,
      "returned_force_source_global_time_s": 30.001,
      "returned_force_source_kind": "CURRENT_WINDOW_ENDPOINT_RETRY_ITERATE",
      "force_source_time_global_s": 30.001,
      "force_read_time_s": 0.0002,
      "force_read_offset_s": 0.0002,
      "force_read_source_global_time_s": 30.001,
      "force_read_source_kind": "CURRENT_WINDOW_ENDPOINT_RETRY_ITERATE",
      "force_source_vector_raw_N": [
        -0.04095294326519012,
        -0.037767753844693726,
        0.0
      ],
      "force_read_vector_raw_N": [
        -0.04095294326519012,
        -0.037767753844693726,
        0.0
      ],
      "force_read_window_index": 5,
      "force_read_iteration_index": 8,
      "window_target_global_time_s": 30.001,
      "dt_s": 0.0002,
      "D_previous_committed_m": [
        2.5839820397579254e-06,
        2.3429779835165526e-06,
        0.00041639250011371587
      ],
      "D_trial_from_ancf_m": [
        3.970770615917786e-06,
        3.5927383537935166e-06,
        0.0004163960586702764
      ],
      "D_trial_interface_m": [
        3.970770615917786e-06,
        3.5927383537935166e-06
      ],
      "D_written_to_precice_m": [
        3.970770615917786e-06,
        3.5927383537935166e-06
      ],
      "written_motion_vector_m": [
        [
          3.970770615917786e-06,
          3.5927383537935166e-06
        ]
      ],
      "force_input_raw_N": [
        -0.06764728344118039,
        -0.06200934540598827,
        0.0
      ],
      "force_input_applied_N": [
        -4.783629329054898,
        -4.384946567994884,
        0.0
      ],
      "Fx_raw_N": -0.06764728344118039,
      "Fy_raw_N": -0.06200934540598827,
      "Fz_raw_N": 0.0,
      "Fx_section_Npm": -2.415974408613585,
      "Fy_section_Npm": -2.2146194787852953,
      "Fx_applied_N": -4.783629329054898,
      "Fy_applied_N": -4.384946567994884,
      "Fz_applied_N": 0.0,
      "returned_force_raw_N": [
        -0.04095294326519012,
        -0.037767753844693726,
        0.0
      ],
      "returned_force_applied_N": [
        -2.8959581308955866,
        -2.6707197361604846,
        0.0
      ],
      "Fx_returned_raw_N": -0.04095294326519012,
      "Fy_returned_raw_N": -0.037767753844693726,
      "force_residual_raw_N": 0.036058876283879326,
      "force_residual_applied_N": 2.5498776800743235,
      "trial_displacement_residual_m": 7.314614570754098e-08,
      "written_motion_delta_m": 7.314614570754098e-08,
      "checkpoint_request": false,
      "checkpoint_created": false,
      "rollback_request": true,
      "commit_status": "rolled_back",
      "iteration_events": [
        "force_iterate_submitted_to_ancf",
        "ancf_trial_solved_and_scattered",
        "trial_displacement_written_to_precice",
        "precice_advance_completed",
        "requires_reading_checkpoint_true",
        "force_read_at_retry_endpoint_dt",
        "physical_state_rolled_back_trial_retained_as_history"
      ],
      "time_window_complete": false,
      "convergence_status": "retry_required",
      "precice_max_iterations": 20,
      "ancf_newton_iterations": 3,
      "ancf_residual": 1.4457204944307023e-07,
      "q_state_hash": "e172d978edc8a76dafc6bcec47ba4aca0d1fcd07da3d88b8e8fdbd76b8b9afbf",
      "qdot_state_hash": "00716ecd9313268ef1bbb387033a500903b852872311fbcb2ba17b999d25c2b3",
      "qddot_state_hash": "079ef3b0e661cf5b91599c147e54d753f6cf019484b0de8453eeef3976f994c3"
    },
    {
      "case_id": "ANCF_SINGLE_SLICE_HIGHRE_0P2S_PREP_V1",
      "window_index": 5,
      "iteration_index": 9,
      "sequence": 82,
      "request_id": 910082,
      "transaction_id": 1910082,
      "transport_ids": {
        "sequence": 82,
        "request_id": 910082,
        "transaction_id": 1910082
      },
      "physical_identity": {
        "global_step": 5,
        "bridge_step": 5,
        "integer_tick": 1000000,
        "time_s": 0.001,
        "dt_s": 0.0002
      },
      "physical_time_s": 30.001,
      "case_local_time_s": 0.001,
      "force_source_global_time_s": 30.001,
      "force_source_kind": "PRECEDING_PRECICE_ADVANCE_ITERATE",
      "force_input_source_global_time_s": 30.001,
      "force_input_read_offset_s": 0.0002,
      "force_input_source_kind": "PRECEDING_PRECICE_ADVANCE_ITERATE",
      "force_input_vector_raw_N": [
        -0.04095294326519012,
        -0.037767753844693726,
        0.0
      ],
      "force_input_window_index": 5,
      "force_input_iteration_index": 9,
      "returned_force_source_global_time_s": 30.001,
      "returned_force_source_kind": "CURRENT_WINDOW_ENDPOINT_RETRY_ITERATE",
      "force_source_time_global_s": 30.001,
      "force_read_time_s": 0.0002,
      "force_read_offset_s": 0.0002,
      "force_read_source_global_time_s": 30.001,
      "force_read_source_kind": "CURRENT_WINDOW_ENDPOINT_RETRY_ITERATE",
      "force_source_vector_raw_N": [
        -0.0195974711243979,
        -0.018374480595658084,
        0.0
      ],
      "force_read_vector_raw_N": [
        -0.0195974711243979,
        -0.018374480595658084,
        0.0
      ],
      "force_read_window_index": 5,
      "force_read_iteration_index": 9,
      "window_target_global_time_s": 30.001,
      "dt_s": 0.0002,
      "D_previous_committed_m": [
        2.5839820397579254e-06,
        2.3429779835165526e-06,
        0.00041639250011371587
      ],
      "D_trial_from_ancf_m": [
        4.014090614700573e-06,
        3.6320779932082253e-06,
        0.000416396058663171
      ],
      "D_trial_interface_m": [
        4.014090614700573e-06,
        3.6320779932082253e-06
      ],
      "D_written_to_precice_m": [
        4.014090614700573e-06,
        3.6320779932082253e-06
      ],
      "written_motion_vector_m": [
        [
          4.014090614700573e-06,
          3.6320779932082253e-06
        ]
      ],
      "force_input_raw_N": [
        -0.04095294326519012,
        -0.037767753844693726,
        0.0
      ],
      "force_input_applied_N": [
        -2.8959581308955866,
        -2.6707197361604846,
        0.0
      ],
      "Fx_raw_N": -0.04095294326519012,
      "Fy_raw_N": -0.037767753844693726,
      "Fz_raw_N": 0.0,
      "Fx_section_Npm": -1.4626051166139327,
      "Fy_section_Npm": -1.3488483515962044,
      "Fx_applied_N": -2.8959581308955866,
      "Fy_applied_N": -2.6707197361604846,
      "Fz_applied_N": 0.0,
      "returned_force_raw_N": [
        -0.0195974711243979,
        -0.018374480595658084,
        0.0
      ],
      "returned_force_applied_N": [
        -1.385821172368137,
        -1.2993382706929644,
        0.0
      ],
      "Fx_returned_raw_N": -0.0195974711243979,
      "Fy_returned_raw_N": -0.018374480595658084,
      "force_residual_raw_N": 0.02884710102710347,
      "force_residual_applied_N": 2.0399021440594596,
      "trial_displacement_residual_m": 5.851691656111064e-08,
      "written_motion_delta_m": 5.851691656111064e-08,
      "checkpoint_request": false,
      "checkpoint_created": false,
      "rollback_request": true,
      "commit_status": "rolled_back",
      "iteration_events": [
        "force_iterate_submitted_to_ancf",
        "ancf_trial_solved_and_scattered",
        "trial_displacement_written_to_precice",
        "precice_advance_completed",
        "requires_reading_checkpoint_true",
        "force_read_at_retry_endpoint_dt",
        "physical_state_rolled_back_trial_retained_as_history"
      ],
      "time_window_complete": false,
      "convergence_status": "retry_required",
      "precice_max_iterations": 20,
      "ancf_newton_iterations": 3,
      "ancf_residual": 1.4457204944307023e-07,
      "q_state_hash": "789ecefa32e8001405314dbe5730682b2c9b2b717b4cfc771094cb60c99f3286",
      "qdot_state_hash": "8a2dcf8afc8c82195dd124ad5d7b29b271e7bb645dc3a7d53eab60e270b618ba",
      "qddot_state_hash": "cba3312fd7d4c90c78ececdbd7dce034f3f0fde96498992689a09a2ffbf56db1"
    },
    {
      "case_id": "ANCF_SINGLE_SLICE_HIGHRE_0P2S_PREP_V1",
      "window_index": 5,
      "iteration_index": 10,
      "sequence": 83,
      "request_id": 910083,
      "transaction_id": 1910083,
      "transport_ids": {
        "sequence": 83,
        "request_id": 910083,
        "transaction_id": 1910083
      },
      "physical_identity": {
        "global_step": 5,
        "bridge_step": 5,
        "integer_tick": 1000000,
        "time_s": 0.001,
        "dt_s": 0.0002
      },
      "physical_time_s": 30.001,
      "case_local_time_s": 0.001,
      "force_source_global_time_s": 30.001,
      "force_source_kind": "PRECEDING_PRECICE_ADVANCE_ITERATE",
      "force_input_source_global_time_s": 30.001,
      "force_input_read_offset_s": 0.0002,
      "force_input_source_kind": "PRECEDING_PRECICE_ADVANCE_ITERATE",
      "force_input_vector_raw_N": [
        -0.0195974711243979,
        -0.018374480595658084,
        0.0
      ],
      "force_input_window_index": 5,
      "force_input_iteration_index": 10,
      "returned_force_source_global_time_s": 30.001,
      "returned_force_source_kind": "CURRENT_WINDOW_ENDPOINT_RETRY_ITERATE",
      "force_source_time_global_s": 30.001,
      "force_read_time_s": 0.0002,
      "force_read_offset_s": 0.0002,
      "force_read_source_global_time_s": 30.001,
      "force_read_source_kind": "CURRENT_WINDOW_ENDPOINT_RETRY_ITERATE",
      "force_source_vector_raw_N": [
        -0.0025130934117641255,
        -0.0028598619964295725,
        0.0
      ],
      "force_read_vector_raw_N": [
        -0.0025130934117641255,
        -0.0028598619964295725,
        0.0
      ],
      "force_read_window_index": 5,
      "force_read_iteration_index": 10,
      "window_target_global_time_s": 30.001,
      "dt_s": 0.0002,
      "D_previous_committed_m": [
        2.5839820397579254e-06,
        2.3429779835165526e-06,
        0.00041639250011371587
      ],
      "D_trial_from_ancf_m": [
        4.048746613724427e-06,
        3.663549704737838e-06,
        0.0004163960586569537
      ],
      "D_trial_interface_m": [
        4.048746613724427e-06,
        3.663549704737838e-06
      ],
      "D_written_to_precice_m": [
        4.048746613724427e-06,
        3.663549704737838e-06
      ],
      "written_motion_vector_m": [
        [
          4.048746613724427e-06,
          3.663549704737838e-06
        ]
      ],
      "force_input_raw_N": [
        -0.0195974711243979,
        -0.018374480595658084,
        0.0
      ],
      "force_input_applied_N": [
        -1.3858211723681373,
        -1.2993382706929644,
        0.0
      ],
      "Fx_raw_N": -0.0195974711243979,
      "Fy_raw_N": -0.018374480595658084,
      "Fz_raw_N": 0.0,
      "Fx_section_Npm": -0.6999096830142107,
      "Fy_section_Npm": -0.6562314498449315,
      "Fx_applied_N": -1.3858211723681373,
      "Fy_applied_N": -1.2993382706929644,
      "Fz_applied_N": 0.0,
      "returned_force_raw_N": [
        -0.0025130934117641255,
        -0.0028598619964295725,
        0.0
      ],
      "returned_force_applied_N": [
        -0.17771160554617743,
        -0.2022330983189483,
        0.0
      ],
      "Fx_returned_raw_N": -0.0025130934117641255,
      "Fy_returned_raw_N": -0.0028598619964295725,
      "force_residual_raw_N": 0.023077680821682774,
      "force_residual_applied_N": 1.6319217152475674,
      "trial_displacement_residual_m": 4.6813533245681726e-08,
      "written_motion_delta_m": 4.6813533245681726e-08,
      "checkpoint_request": false,
      "checkpoint_created": false,
      "rollback_request": true,
      "commit_status": "rolled_back",
      "iteration_events": [
        "force_iterate_submitted_to_ancf",
        "ancf_trial_solved_and_scattered",
        "trial_displacement_written_to_precice",
        "precice_advance_completed",
        "requires_reading_checkpoint_true",
        "force_read_at_retry_endpoint_dt",
        "physical_state_rolled_back_trial_retained_as_history"
      ],
      "time_window_complete": false,
      "convergence_status": "retry_required",
      "precice_max_iterations": 20,
      "ancf_newton_iterations": 3,
      "ancf_residual": 1.4457204944307023e-07,
      "q_state_hash": "36bef5a5383118d3c7ff45204047173914a0cfa1178cdd7c2c3db7158ada79a7",
      "qdot_state_hash": "17049dc446528f1b6e355d80ed0bee97d496068977b8e587c5dbf2628e9fa6c9",
      "qddot_state_hash": "60d2f2088b6955ecf7cd1e0a112163274dabeb80cc813b585f0241f45b5b86d6"
    },
    {
      "case_id": "ANCF_SINGLE_SLICE_HIGHRE_0P2S_PREP_V1",
      "window_index": 5,
      "iteration_index": 11,
      "sequence": 84,
      "request_id": 910084,
      "transaction_id": 1910084,
      "transport_ids": {
        "sequence": 84,
        "request_id": 910084,
        "transaction_id": 1910084
      },
      "physical_identity": {
        "global_step": 5,
        "bridge_step": 5,
        "integer_tick": 1000000,
        "time_s": 0.001,
        "dt_s": 0.0002
      },
      "physical_time_s": 30.001,
      "case_local_time_s": 0.001,
      "force_source_global_time_s": 30.001,
      "force_source_kind": "PRECEDING_PRECICE_ADVANCE_ITERATE",
      "force_input_source_global_time_s": 30.001,
      "force_input_read_offset_s": 0.0002,
      "force_input_source_kind": "PRECEDING_PRECICE_ADVANCE_ITERATE",
      "force_input_vector_raw_N": [
        -0.0025130934117641255,
        -0.0028598619964295725,
        0.0
      ],
      "force_input_window_index": 5,
      "force_input_iteration_index": 11,
      "returned_force_source_global_time_s": 30.001,
      "returned_force_source_kind": "CURRENT_WINDOW_ENDPOINT_RETRY_ITERATE",
      "force_source_time_global_s": 30.001,
      "force_read_time_s": 0.0002,
      "force_read_offset_s": 0.0002,
      "force_read_source_global_time_s": 30.001,
      "force_read_source_kind": "CURRENT_WINDOW_ENDPOINT_RETRY_ITERATE",
      "force_source_vector_raw_N": [
        0.011154408758342895,
        0.009551832882953236,
        0.0
      ],
      "force_read_vector_raw_N": [
        0.011154408758342895,
        0.009551832882953236,
        0.0
      ],
      "force_read_window_index": 5,
      "force_read_iteration_index": 11,
      "window_target_global_time_s": 30.001,
      "dt_s": 0.0002,
      "D_previous_committed_m": [
        2.5839820397579254e-06,
        2.3429779835165526e-06,
        0.00041639250011371587
      ],
      "D_trial_from_ancf_m": [
        4.076471412941979e-06,
        3.68872707396014e-06,
        0.000416396058653401
      ],
      "D_trial_interface_m": [
        4.076471412941979e-06,
        3.68872707396014e-06
      ],
      "D_written_to_precice_m": [
        4.076471412941979e-06,
        3.68872707396014e-06
      ],
      "written_motion_vector_m": [
        [
          4.076471412941979e-06,
          3.68872707396014e-06
        ]
      ],
      "force_input_raw_N": [
        -0.0025130934117641255,
        -0.0028598619964295725,
        0.0
      ],
      "force_input_applied_N": [
        -0.17771160554617743,
        -0.20223309831894834,
        0.0
      ],
      "Fx_raw_N": -0.0025130934117641255,
      "Fy_raw_N": -0.0028598619964295725,
      "Fz_raw_N": 0.0,
      "Fx_section_Npm": -0.08975333613443305,
      "Fy_section_Npm": -0.1021379284439133,
      "Fx_applied_N": -0.17771160554617743,
      "Fy_applied_N": -0.20223309831894834,
      "Fz_applied_N": 0.0,
      "returned_force_raw_N": [
        0.011154408758342895,
        0.009551832882953236,
        0.0
      ],
      "returned_force_applied_N": [
        0.7887760479113903,
        0.6754510395802645,
        0.0
      ],
      "Fx_returned_raw_N": 0.011154408758342895,
      "Fy_returned_raw_N": 0.009551832882953236,
      "force_residual_raw_N": 0.01846214465734622,
      "force_residual_applied_N": 1.3055373721980539,
      "trial_displacement_residual_m": 3.7450826594478606e-08,
      "written_motion_delta_m": 3.7450826594478606e-08,
      "checkpoint_request": false,
      "checkpoint_created": false,
      "rollback_request": true,
      "commit_status": "rolled_back",
      "iteration_events": [
        "force_iterate_submitted_to_ancf",
        "ancf_trial_solved_and_scattered",
        "trial_displacement_written_to_precice",
        "precice_advance_completed",
        "requires_reading_checkpoint_true",
        "force_read_at_retry_endpoint_dt",
        "physical_state_rolled_back_trial_retained_as_history"
      ],
      "time_window_complete": false,
      "convergence_status": "retry_required",
      "precice_max_iterations": 20,
      "ancf_newton_iterations": 3,
      "ancf_residual": 1.4457204944307023e-07,
      "q_state_hash": "df1139761711e1916becc4e26a6912f04bcd712bf31e34537ddbbac8e8b5b091",
      "qdot_state_hash": "83371a498d32c6706d06a09eb5a079f0abc6d3880b1a4b340be718576292c438",
      "qddot_state_hash": "65dd582f4aa08a25f13cc66c42a7effae47d362c68b025348e65e491181ac28a"
    },
    {
      "case_id": "ANCF_SINGLE_SLICE_HIGHRE_0P2S_PREP_V1",
      "window_index": 5,
      "iteration_index": 12,
      "sequence": 85,
      "request_id": 910085,
      "transaction_id": 1910085,
      "transport_ids": {
        "sequence": 85,
        "request_id": 910085,
        "transaction_id": 1910085
      },
      "physical_identity": {
        "global_step": 5,
        "bridge_step": 5,
        "integer_tick": 1000000,
        "time_s": 0.001,
        "dt_s": 0.0002
      },
      "physical_time_s": 30.001,
      "case_local_time_s": 0.001,
      "force_source_global_time_s": 30.001,
      "force_source_kind": "PRECEDING_PRECICE_ADVANCE_ITERATE",
      "force_input_source_global_time_s": 30.001,
      "force_input_read_offset_s": 0.0002,
      "force_input_source_kind": "PRECEDING_PRECICE_ADVANCE_ITERATE",
      "force_input_vector_raw_N": [
        0.011154408758342895,
        0.009551832882953236,
        0.0
      ],
      "force_input_window_index": 5,
      "force_input_iteration_index": 12,
      "returned_force_source_global_time_s": 30.001,
      "returned_force_source_kind": "CURRENT_WINDOW_ENDPOINT_RETRY_ITERATE",
      "force_source_time_global_s": 30.001,
      "force_read_time_s": 0.0002,
      "force_read_offset_s": 0.0002,
      "force_read_source_global_time_s": 30.001,
      "force_read_source_kind": "CURRENT_WINDOW_ENDPOINT_RETRY_ITERATE",
      "force_source_vector_raw_N": [
        0.02208841049442851,
        0.019481188786459484,
        0.0
      ],
      "force_read_vector_raw_N": [
        0.02208841049442851,
        0.019481188786459484,
        0.0
      ],
      "force_read_window_index": 5,
      "force_read_iteration_index": 12,
      "window_target_global_time_s": 30.001,
      "dt_s": 0.0002,
      "D_previous_committed_m": [
        2.5839820397579254e-06,
        2.3429779835165526e-06,
        0.00041639250011371587
      ],
      "D_trial_from_ancf_m": [
        4.0986512523150344e-06,
        3.7088689693370854e-06,
        0.0004163960586494042
      ],
      "D_trial_interface_m": [
        4.0986512523150344e-06,
        3.7088689693370854e-06
      ],
      "D_written_to_precice_m": [
        4.0986512523150344e-06,
        3.7088689693370854e-06
      ],
      "written_motion_vector_m": [
        [
          4.0986512523150344e-06,
          3.7088689693370854e-06
        ]
      ],
      "force_input_raw_N": [
        0.011154408758342895,
        0.009551832882953236,
        0.0
      ],
      "force_input_applied_N": [
        0.7887760479113903,
        0.6754510395802645,
        0.0
      ],
      "Fx_raw_N": 0.011154408758342895,
      "Fy_raw_N": 0.009551832882953236,
      "Fz_raw_N": 0.0,
      "Fx_section_Npm": 0.3983717413693891,
      "Fy_section_Npm": 0.3411368886769013,
      "Fx_applied_N": 0.7887760479113903,
      "Fy_applied_N": 0.6754510395802645,
      "Fz_applied_N": 0.0,
      "returned_force_raw_N": [
        0.02208841049442851,
        0.019481188786459484,
        0.0
      ],
      "returned_force_applied_N": [
        1.5619661706774446,
        1.377598349899635,
        0.0
      ],
      "Fx_returned_raw_N": 0.02208841049442851,
      "Fy_returned_raw_N": 0.019481188786459484,
      "force_residual_raw_N": 0.014769715725876976,
      "force_residual_applied_N": 1.0444298977584432,
      "trial_displacement_residual_m": 2.9960661274249946e-08,
      "written_motion_delta_m": 2.9960661274249946e-08,
      "checkpoint_request": false,
      "checkpoint_created": false,
      "rollback_request": true,
      "commit_status": "rolled_back",
      "iteration_events": [
        "force_iterate_submitted_to_ancf",
        "ancf_trial_solved_and_scattered",
        "trial_displacement_written_to_precice",
        "precice_advance_completed",
        "requires_reading_checkpoint_true",
        "force_read_at_retry_endpoint_dt",
        "physical_state_rolled_back_trial_retained_as_history"
      ],
      "time_window_complete": false,
      "convergence_status": "retry_required",
      "precice_max_iterations": 20,
      "ancf_newton_iterations": 3,
      "ancf_residual": 1.4457204944307023e-07,
      "q_state_hash": "93812735a3b2ee368ebf26010435108667d94c08fc569f4c8b63fcb4d4979ed8",
      "qdot_state_hash": "581ba2f912341c5693c3da5b4a5bd45ca701a4cee96cd3e50d9779757810a855",
      "qddot_state_hash": "6cee9f4ea8164478f499f3ca213371b368904acc589fa1e3ebcf88c45d822cb7"
    },
    {
      "case_id": "ANCF_SINGLE_SLICE_HIGHRE_0P2S_PREP_V1",
      "window_index": 5,
      "iteration_index": 13,
      "sequence": 86,
      "request_id": 910086,
      "transaction_id": 1910086,
      "transport_ids": {
        "sequence": 86,
        "request_id": 910086,
        "transaction_id": 1910086
      },
      "physical_identity": {
        "global_step": 5,
        "bridge_step": 5,
        "integer_tick": 1000000,
        "time_s": 0.001,
        "dt_s": 0.0002
      },
      "physical_time_s": 30.001,
      "case_local_time_s": 0.001,
      "force_source_global_time_s": 30.001,
      "force_source_kind": "PRECEDING_PRECICE_ADVANCE_ITERATE",
      "force_input_source_global_time_s": 30.001,
      "force_input_read_offset_s": 0.0002,
      "force_input_source_kind": "PRECEDING_PRECICE_ADVANCE_ITERATE",
      "force_input_vector_raw_N": [
        0.02208841049442851,
        0.019481188786459484,
        0.0
      ],
      "force_input_window_index": 5,
      "force_input_iteration_index": 13,
      "returned_force_source_global_time_s": 30.001,
      "returned_force_source_kind": "CURRENT_WINDOW_ENDPOINT_RETRY_ITERATE",
      "force_source_time_global_s": 30.001,
      "force_read_time_s": 0.0002,
      "force_read_offset_s": 0.0002,
      "force_read_source_global_time_s": 30.001,
      "force_read_source_kind": "CURRENT_WINDOW_ENDPOINT_RETRY_ITERATE",
      "force_source_vector_raw_N": [
        0.030835611883297004,
        0.02742467350926448,
        0.0
      ],
      "force_read_vector_raw_N": [
        0.030835611883297004,
        0.02742467350926448,
        0.0
      ],
      "force_read_window_index": 5,
      "force_read_iteration_index": 13,
      "window_target_global_time_s": 30.001,
      "dt_s": 0.0002,
      "D_previous_committed_m": [
        2.5839820397579254e-06,
        2.3429779835165526e-06,
        0.00041639250011371587
      ],
      "D_trial_from_ancf_m": [
        4.116395123812837e-06,
        3.7249824856380604e-06,
        0.00041639605864718376
      ],
      "D_trial_interface_m": [
        4.116395123812837e-06,
        3.7249824856380604e-06
      ],
      "D_written_to_precice_m": [
        4.116395123812837e-06,
        3.7249824856380604e-06
      ],
      "written_motion_vector_m": [
        [
          4.116395123812837e-06,
          3.7249824856380604e-06
        ]
      ],
      "force_input_raw_N": [
        0.02208841049442851,
        0.019481188786459484,
        0.0
      ],
      "force_input_applied_N": [
        1.5619661706774446,
        1.377598349899635,
        0.0
      ],
      "Fx_raw_N": 0.02208841049442851,
      "Fy_raw_N": 0.019481188786459484,
      "Fz_raw_N": 0.0,
      "Fx_section_Npm": 0.7888718033724468,
      "Fy_section_Npm": 0.695756742373553,
      "Fx_applied_N": 1.5619661706774446,
      "Fy_applied_N": 1.377598349899635,
      "Fz_applied_N": 0.0,
      "returned_force_raw_N": [
        0.030835611883297004,
        0.02742467350926448,
        0.0
      ],
      "returned_force_applied_N": [
        2.180518268890288,
        1.939316198155131,
        0.0
      ],
      "Fx_returned_raw_N": 0.030835611883297004,
      "Fy_returned_raw_N": 0.02742467350926448,
      "force_residual_raw_N": 0.01181577258070158,
      "force_residual_applied_N": 0.8355439182067544,
      "trial_displacement_residual_m": 2.3968529018534093e-08,
      "written_motion_delta_m": 2.3968529018534093e-08,
      "checkpoint_request": false,
      "checkpoint_created": false,
      "rollback_request": true,
      "commit_status": "rolled_back",
      "iteration_events": [
        "force_iterate_submitted_to_ancf",
        "ancf_trial_solved_and_scattered",
        "trial_displacement_written_to_precice",
        "precice_advance_completed",
        "requires_reading_checkpoint_true",
        "force_read_at_retry_endpoint_dt",
        "physical_state_rolled_back_trial_retained_as_history"
      ],
      "time_window_complete": false,
      "convergence_status": "retry_required",
      "precice_max_iterations": 20,
      "ancf_newton_iterations": 3,
      "ancf_residual": 1.4457204944307023e-07,
      "q_state_hash": "260b6ec027d3ca7d9c9614fabf268dfce68fbf19d5f0406ee8383e4a79008833",
      "qdot_state_hash": "877684838bd591a50015f810b0ae2ccee31de3209c7aa9c0e16e014ea1e6accb",
      "qddot_state_hash": "1bb08ed505f8d0014c4669187e6efa53c625c1127767191a18437383436ee767"
    },
    {
      "case_id": "ANCF_SINGLE_SLICE_HIGHRE_0P2S_PREP_V1",
      "window_index": 5,
      "iteration_index": 14,
      "sequence": 87,
      "request_id": 910087,
      "transaction_id": 1910087,
      "transport_ids": {
        "sequence": 87,
        "request_id": 910087,
        "transaction_id": 1910087
      },
      "physical_identity": {
        "global_step": 5,
        "bridge_step": 5,
        "integer_tick": 1000000,
        "time_s": 0.001,
        "dt_s": 0.0002
      },
      "physical_time_s": 30.001,
      "case_local_time_s": 0.001,
      "force_source_global_time_s": 30.001,
      "force_source_kind": "PRECEDING_PRECICE_ADVANCE_ITERATE",
      "force_input_source_global_time_s": 30.001,
      "force_input_read_offset_s": 0.0002,
      "force_input_source_kind": "PRECEDING_PRECICE_ADVANCE_ITERATE",
      "force_input_vector_raw_N": [
        0.030835611883297004,
        0.02742467350926448,
        0.0
      ],
      "force_input_window_index": 5,
      "force_input_iteration_index": 14,
      "returned_force_source_global_time_s": 30.001,
      "returned_force_source_kind": "CURRENT_WINDOW_ENDPOINT_RETRY_ITERATE",
      "force_source_time_global_s": 30.001,
      "force_read_time_s": 0.0002,
      "force_read_offset_s": 0.0002,
      "force_read_source_global_time_s": 30.001,
      "force_read_source_kind": "CURRENT_WINDOW_ENDPOINT_RETRY_ITERATE",
      "force_source_vector_raw_N": [
        0.0378333729943918,
        0.03377946128750848,
        0.0
      ],
      "force_read_vector_raw_N": [
        0.0378333729943918,
        0.03377946128750848,
        0.0
      ],
      "force_read_window_index": 5,
      "force_read_iteration_index": 14,
      "window_target_global_time_s": 30.001,
      "dt_s": 0.0002,
      "D_previous_committed_m": [
        2.5839820397579254e-06,
        2.3429779835165526e-06,
        0.00041639250011371587
      ],
      "D_trial_from_ancf_m": [
        4.1305902210106835e-06,
        3.737873298678482e-06,
        0.00041639605864451923
      ],
      "D_trial_interface_m": [
        4.1305902210106835e-06,
        3.737873298678482e-06
      ],
      "D_written_to_precice_m": [
        4.1305902210106835e-06,
        3.737873298678482e-06
      ],
      "written_motion_vector_m": [
        [
          4.1305902210106835e-06,
          3.737873298678482e-06
        ]
      ],
      "force_input_raw_N": [
        0.030835611883297004,
        0.02742467350926448,
        0.0
      ],
      "force_input_applied_N": [
        2.1805182688902884,
        1.939316198155131,
        0.0
      ],
      "Fx_raw_N": 0.030835611883297004,
      "Fy_raw_N": 0.02742467350926448,
      "Fz_raw_N": 0.0,
      "Fx_section_Npm": 1.101271852974893,
      "Fy_section_Npm": 0.9794526253308743,
      "Fx_applied_N": 2.1805182688902884,
      "Fy_applied_N": 1.939316198155131,
      "Fz_applied_N": 0.0,
      "returned_force_raw_N": [
        0.0378333729943918,
        0.03377946128750848,
        0.0
      ],
      "returned_force_applied_N": [
        2.6753599474605627,
        2.388690476759528,
        0.0
      ],
      "Fx_returned_raw_N": 0.0378333729943918,
      "Fy_returned_raw_N": 0.03377946128750848,
      "force_residual_raw_N": 0.009452618064561267,
      "force_residual_applied_N": 0.6684351345654038,
      "trial_displacement_residual_m": 1.9174823214293758e-08,
      "written_motion_delta_m": 1.9174823214293758e-08,
      "checkpoint_request": false,
      "checkpoint_created": false,
      "rollback_request": true,
      "commit_status": "rolled_back",
      "iteration_events": [
        "force_iterate_submitted_to_ancf",
        "ancf_trial_solved_and_scattered",
        "trial_displacement_written_to_precice",
        "precice_advance_completed",
        "requires_reading_checkpoint_true",
        "force_read_at_retry_endpoint_dt",
        "physical_state_rolled_back_trial_retained_as_history"
      ],
      "time_window_complete": false,
      "convergence_status": "retry_required",
      "precice_max_iterations": 20,
      "ancf_newton_iterations": 3,
      "ancf_residual": 1.4457204944307023e-07,
      "q_state_hash": "3e2083355334bca4564542e779d61178831bdcc67b1cc97a8b685cc5ec4f52c8",
      "qdot_state_hash": "0b60cd2af66e7bac7a1ec771ccad52ebcb4169cfb434951db357fcf52ac35b35",
      "qddot_state_hash": "ea9032d0499a8607c378c369cd6b1344183d07fea398f83b01a7dcea7a4aa0b1"
    },
    {
      "case_id": "ANCF_SINGLE_SLICE_HIGHRE_0P2S_PREP_V1",
      "window_index": 5,
      "iteration_index": 15,
      "sequence": 88,
      "request_id": 910088,
      "transaction_id": 1910088,
      "transport_ids": {
        "sequence": 88,
        "request_id": 910088,
        "transaction_id": 1910088
      },
      "physical_identity": {
        "global_step": 5,
        "bridge_step": 5,
        "integer_tick": 1000000,
        "time_s": 0.001,
        "dt_s": 0.0002
      },
      "physical_time_s": 30.001,
      "case_local_time_s": 0.001,
      "force_source_global_time_s": 30.001,
      "force_source_kind": "PRECEDING_PRECICE_ADVANCE_ITERATE",
      "force_input_source_global_time_s": 30.001,
      "force_input_read_offset_s": 0.0002,
      "force_input_source_kind": "PRECEDING_PRECICE_ADVANCE_ITERATE",
      "force_input_vector_raw_N": [
        0.0378333729943918,
        0.03377946128750848,
        0.0
      ],
      "force_input_window_index": 5,
      "force_input_iteration_index": 15,
      "returned_force_source_global_time_s": 30.001,
      "returned_force_source_kind": "CURRENT_WINDOW_ENDPOINT_RETRY_ITERATE",
      "force_source_time_global_s": 30.001,
      "force_read_time_s": 0.0002,
      "force_read_offset_s": 0.0002,
      "force_read_source_global_time_s": 30.001,
      "force_read_source_kind": "CURRENT_WINDOW_ENDPOINT_RETRY_ITERATE",
      "force_source_vector_raw_N": [
        0.043431581883267636,
        0.03886329151010368,
        0.0
      ],
      "force_read_vector_raw_N": [
        0.043431581883267636,
        0.03886329151010368,
        0.0
      ],
      "force_read_window_index": 5,
      "force_read_iteration_index": 15,
      "window_target_global_time_s": 30.001,
      "dt_s": 0.0002,
      "D_previous_committed_m": [
        2.5839820397579254e-06,
        2.3429779835165526e-06,
        0.00041639250011371587
      ],
      "D_trial_from_ancf_m": [
        4.141946298768689e-06,
        3.7481859491105722e-06,
        0.00041639605864274287
      ],
      "D_trial_interface_m": [
        4.141946298768689e-06,
        3.7481859491105722e-06
      ],
      "D_written_to_precice_m": [
        4.141946298768689e-06,
        3.7481859491105722e-06
      ],
      "written_motion_vector_m": [
        [
          4.141946298768689e-06,
          3.7481859491105722e-06
        ]
      ],
      "force_input_raw_N": [
        0.0378333729943918,
        0.03377946128750848,
        0.0
      ],
      "force_input_applied_N": [
        2.675359947460563,
        2.3886904767595283,
        0.0
      ],
      "Fx_raw_N": 0.0378333729943918,
      "Fy_raw_N": 0.03377946128750848,
      "Fz_raw_N": 0.0,
      "Fx_section_Npm": 1.35119189265685,
      "Fy_section_Npm": 1.2064093316967315,
      "Fx_applied_N": 2.675359947460563,
      "Fy_applied_N": 2.3886904767595283,
      "Fz_applied_N": 0.0,
      "returned_force_raw_N": [
        0.043431581883267636,
        0.03886329151010368,
        0.0
      ],
      "returned_force_applied_N": [
        3.0712332903167825,
        2.748189899643046,
        0.0
      ],
      "Fx_returned_raw_N": 0.043431581883267636,
      "Fy_returned_raw_N": 0.03886329151010368,
      "force_residual_raw_N": 0.007562094451649014,
      "force_residual_applied_N": 0.5347481076523231,
      "trial_displacement_residual_m": 1.5339858571067867e-08,
      "written_motion_delta_m": 1.5339858571067867e-08,
      "checkpoint_request": false,
      "checkpoint_created": false,
      "rollback_request": true,
      "commit_status": "rolled_back",
      "iteration_events": [
        "force_iterate_submitted_to_ancf",
        "ancf_trial_solved_and_scattered",
        "trial_displacement_written_to_precice",
        "precice_advance_completed",
        "requires_reading_checkpoint_true",
        "force_read_at_retry_endpoint_dt",
        "physical_state_rolled_back_trial_retained_as_history"
      ],
      "time_window_complete": false,
      "convergence_status": "retry_required",
      "precice_max_iterations": 20,
      "ancf_newton_iterations": 3,
      "ancf_residual": 1.4457204944307023e-07,
      "q_state_hash": "e281dbb1f128579b6c9aa85d3f29862f731c7d0ff57895516121aba20cde3ecc",
      "qdot_state_hash": "245d189fd91569dd61ef24a385ec51dab0d863704f869188a40a020c14d70cb8",
      "qddot_state_hash": "9525fcbad4c4eac47d610fcf5afe9302024a344f207f6c3bca6bab936eacfe57"
    },
    {
      "case_id": "ANCF_SINGLE_SLICE_HIGHRE_0P2S_PREP_V1",
      "window_index": 5,
      "iteration_index": 16,
      "sequence": 89,
      "request_id": 910089,
      "transaction_id": 1910089,
      "transport_ids": {
        "sequence": 89,
        "request_id": 910089,
        "transaction_id": 1910089
      },
      "physical_identity": {
        "global_step": 5,
        "bridge_step": 5,
        "integer_tick": 1000000,
        "time_s": 0.001,
        "dt_s": 0.0002
      },
      "physical_time_s": 30.001,
      "case_local_time_s": 0.001,
      "force_source_global_time_s": 30.001,
      "force_source_kind": "PRECEDING_PRECICE_ADVANCE_ITERATE",
      "force_input_source_global_time_s": 30.001,
      "force_input_read_offset_s": 0.0002,
      "force_input_source_kind": "PRECEDING_PRECICE_ADVANCE_ITERATE",
      "force_input_vector_raw_N": [
        0.043431581883267636,
        0.03886329151010368,
        0.0
      ],
      "force_input_window_index": 5,
      "force_input_iteration_index": 16,
      "returned_force_source_global_time_s": 30.001,
      "returned_force_source_kind": "CURRENT_WINDOW_ENDPOINT_RETRY_ITERATE",
      "force_source_time_global_s": 30.001,
      "force_read_time_s": 0.0002,
      "force_read_offset_s": 0.0002,
      "force_read_source_global_time_s": 30.001,
      "force_read_source_kind": "CURRENT_WINDOW_ENDPOINT_RETRY_ITERATE",
      "force_source_vector_raw_N": [
        0.0479101489943683,
        0.04293035568817984,
        0.0
      ],
      "force_read_vector_raw_N": [
        0.0479101489943683,
        0.04293035568817984,
        0.0
      ],
      "force_read_window_index": 5,
      "force_read_iteration_index": 16,
      "window_target_global_time_s": 30.001,
      "dt_s": 0.0002,
      "D_previous_committed_m": [
        2.5839820397579254e-06,
        2.3429779835165526e-06,
        0.00041639250011371587
      ],
      "D_trial_from_ancf_m": [
        4.151031160974929e-06,
        3.7564360694560968e-06,
        0.0004163960586409665
      ],
      "D_trial_interface_m": [
        4.151031160974929e-06,
        3.7564360694560968e-06
      ],
      "D_written_to_precice_m": [
        4.151031160974929e-06,
        3.7564360694560968e-06
      ],
      "written_motion_vector_m": [
        [
          4.151031160974929e-06,
          3.7564360694560968e-06
        ]
      ],
      "force_input_raw_N": [
        0.043431581883267636,
        0.03886329151010368,
        0.0
      ],
      "force_input_applied_N": [
        3.071233290316783,
        2.7481898996430463,
        0.0
      ],
      "Fx_raw_N": 0.043431581883267636,
      "Fy_raw_N": 0.03886329151010368,
      "Fz_raw_N": 0.0,
      "Fx_section_Npm": 1.5511279244024156,
      "Fy_section_Npm": 1.3879746967894173,
      "Fx_applied_N": 3.071233290316783,
      "Fy_applied_N": 2.7481898996430463,
      "Fz_applied_N": 0.0,
      "returned_force_raw_N": [
        0.0479101489943683,
        0.04293035568817984,
        0.0
      ],
      "returned_force_applied_N": [
        3.387931964601758,
        3.0357894379498602,
        0.0
      ],
      "Fx_returned_raw_N": 0.0479101489943683,
      "Fy_returned_raw_N": 0.04293035568817984,
      "force_residual_raw_N": 0.006049675561319208,
      "force_residual_applied_N": 0.4277984861218583,
      "trial_displacement_residual_m": 1.2271886856633014e-08,
      "written_motion_delta_m": 1.2271886856633014e-08,
      "checkpoint_request": false,
      "checkpoint_created": false,
      "rollback_request": true,
      "commit_status": "rolled_back",
      "iteration_events": [
        "force_iterate_submitted_to_ancf",
        "ancf_trial_solved_and_scattered",
        "trial_displacement_written_to_precice",
        "precice_advance_completed",
        "requires_reading_checkpoint_true",
        "force_read_at_retry_endpoint_dt",
        "physical_state_rolled_back_trial_retained_as_history"
      ],
      "time_window_complete": false,
      "convergence_status": "retry_required",
      "precice_max_iterations": 20,
      "ancf_newton_iterations": 3,
      "ancf_residual": 1.4457204944307023e-07,
      "q_state_hash": "f88bb1c835b8c2b40c1ebea817593dc20ba062cc55e66e752df3c615f8123d26",
      "qdot_state_hash": "c4e8c35939de91565c6199f05817b4ca3a291a445547a560ed3cc167378b5ef2",
      "qddot_state_hash": "0ca44c0e3e114416871e8d57a28b9716eccf7cb5b8014e3ea278c134ea9f9d51"
    },
    {
      "case_id": "ANCF_SINGLE_SLICE_HIGHRE_0P2S_PREP_V1",
      "window_index": 5,
      "iteration_index": 17,
      "sequence": 90,
      "request_id": 910090,
      "transaction_id": 1910090,
      "transport_ids": {
        "sequence": 90,
        "request_id": 910090,
        "transaction_id": 1910090
      },
      "physical_identity": {
        "global_step": 5,
        "bridge_step": 5,
        "integer_tick": 1000000,
        "time_s": 0.001,
        "dt_s": 0.0002
      },
      "physical_time_s": 30.001,
      "case_local_time_s": 0.001,
      "force_source_global_time_s": 30.001,
      "force_source_kind": "PRECEDING_PRECICE_ADVANCE_ITERATE",
      "force_input_source_global_time_s": 30.001,
      "force_input_read_offset_s": 0.0002,
      "force_input_source_kind": "PRECEDING_PRECICE_ADVANCE_ITERATE",
      "force_input_vector_raw_N": [
        0.0479101489943683,
        0.04293035568817984,
        0.0
      ],
      "force_input_window_index": 5,
      "force_input_iteration_index": 17,
      "returned_force_source_global_time_s": 30.001,
      "returned_force_source_kind": "CURRENT_WINDOW_ENDPOINT_RETRY_ITERATE",
      "force_source_time_global_s": 30.001,
      "force_read_time_s": 0.0002,
      "force_read_offset_s": 0.0002,
      "force_read_source_global_time_s": 30.001,
      "force_read_source_kind": "CURRENT_WINDOW_ENDPOINT_RETRY_ITERATE",
      "force_source_vector_raw_N": [
        0.051493002683248836,
        0.046184007030640774,
        0.0
      ],
      "force_read_vector_raw_N": [
        0.051493002683248836,
        0.046184007030640774,
        0.0
      ],
      "force_read_window_index": 5,
      "force_read_iteration_index": 17,
      "window_target_global_time_s": 30.001,
      "dt_s": 0.0002,
      "D_previous_committed_m": [
        2.5839820397579254e-06,
        2.3429779835165526e-06,
        0.00041639250011371587
      ],
      "D_trial_from_ancf_m": [
        4.158299050739808e-06,
        3.7630361657324116e-06,
        0.00041639605863963425
      ],
      "D_trial_interface_m": [
        4.158299050739808e-06,
        3.7630361657324116e-06
      ],
      "D_written_to_precice_m": [
        4.158299050739808e-06,
        3.7630361657324116e-06
      ],
      "written_motion_vector_m": [
        [
          4.158299050739808e-06,
          3.7630361657324116e-06
        ]
      ],
      "force_input_raw_N": [
        0.0479101489943683,
        0.04293035568817984,
        0.0
      ],
      "force_input_applied_N": [
        3.3879319646017585,
        3.0357894379498602,
        0.0
      ],
      "Fx_raw_N": 0.0479101489943683,
      "Fy_raw_N": 0.04293035568817984,
      "Fz_raw_N": 0.0,
      "Fx_section_Npm": 1.711076749798868,
      "Fy_section_Npm": 1.5332269888635657,
      "Fx_applied_N": 3.3879319646017585,
      "Fy_applied_N": 3.0357894379498602,
      "Fz_applied_N": 0.0,
      "returned_force_raw_N": [
        0.051493002683248836,
        0.046184007030640774,
        0.0
      ],
      "returned_force_applied_N": [
        3.6412909040297388,
        3.2658690685953116,
        0.0
      ],
      "Fx_returned_raw_N": 0.051493002683248836,
      "Fy_returned_raw_N": 0.046184007030640774,
      "force_residual_raw_N": 0.004839740449055369,
      "force_residual_applied_N": 0.34223878889748677,
      "trial_displacement_residual_m": 9.817509485152447e-09,
      "written_motion_delta_m": 9.817509485152447e-09,
      "checkpoint_request": false,
      "checkpoint_created": false,
      "rollback_request": true,
      "commit_status": "rolled_back",
      "iteration_events": [
        "force_iterate_submitted_to_ancf",
        "ancf_trial_solved_and_scattered",
        "trial_displacement_written_to_precice",
        "precice_advance_completed",
        "requires_reading_checkpoint_true",
        "force_read_at_retry_endpoint_dt",
        "physical_state_rolled_back_trial_retained_as_history"
      ],
      "time_window_complete": false,
      "convergence_status": "retry_required",
      "precice_max_iterations": 20,
      "ancf_newton_iterations": 3,
      "ancf_residual": 1.4457204944307023e-07,
      "q_state_hash": "2d3cb2869bd3038782832a14f2801bcd36adc93b38b546f680dcb36c203cfce7",
      "qdot_state_hash": "280651232b59de2bc38be24775b0677830366858588faa96701f2bf06fdeef31",
      "qddot_state_hash": "9adad63daff2432dd77506de39c9842dd86e9bf5607ecfcc99b47ede3bfbf041"
    },
    {
      "case_id": "ANCF_SINGLE_SLICE_HIGHRE_0P2S_PREP_V1",
      "window_index": 5,
      "iteration_index": 18,
      "sequence": 91,
      "request_id": 910091,
      "transaction_id": 1910091,
      "transport_ids": {
        "sequence": 91,
        "request_id": 910091,
        "transaction_id": 1910091
      },
      "physical_identity": {
        "global_step": 5,
        "bridge_step": 5,
        "integer_tick": 1000000,
        "time_s": 0.001,
        "dt_s": 0.0002
      },
      "physical_time_s": 30.001,
      "case_local_time_s": 0.001,
      "force_source_global_time_s": 30.001,
      "force_source_kind": "PRECEDING_PRECICE_ADVANCE_ITERATE",
      "force_input_source_global_time_s": 30.001,
      "force_input_read_offset_s": 0.0002,
      "force_input_source_kind": "PRECEDING_PRECICE_ADVANCE_ITERATE",
      "force_input_vector_raw_N": [
        0.051493002683248836,
        0.046184007030640774,
        0.0
      ],
      "force_input_window_index": 5,
      "force_input_iteration_index": 18,
      "returned_force_source_global_time_s": 30.001,
      "returned_force_source_kind": "CURRENT_WINDOW_ENDPOINT_RETRY_ITERATE",
      "force_source_time_global_s": 30.001,
      "force_read_time_s": 0.0002,
      "force_read_offset_s": 0.0002,
      "force_read_source_global_time_s": 30.001,
      "force_read_source_kind": "CURRENT_WINDOW_ENDPOINT_RETRY_ITERATE",
      "force_source_vector_raw_N": [
        0.054359285634353265,
        0.048786928104609516,
        0.0
      ],
      "force_read_vector_raw_N": [
        0.054359285634353265,
        0.048786928104609516,
        0.0
      ],
      "force_read_window_index": 5,
      "force_read_iteration_index": 18,
      "window_target_global_time_s": 30.001,
      "dt_s": 0.0002,
      "D_previous_committed_m": [
        2.5839820397579254e-06,
        2.3429779835165526e-06,
        0.00041639250011371587
      ],
      "D_trial_from_ancf_m": [
        4.16411336255165e-06,
        3.7683162427534094e-06,
        0.00041639605863919016
      ],
      "D_trial_interface_m": [
        4.16411336255165e-06,
        3.7683162427534094e-06
      ],
      "D_written_to_precice_m": [
        4.16411336255165e-06,
        3.7683162427534094e-06
      ],
      "written_motion_vector_m": [
        [
          4.16411336255165e-06,
          3.7683162427534094e-06
        ]
      ],
      "force_input_raw_N": [
        0.051493002683248836,
        0.046184007030640774,
        0.0
      ],
      "force_input_applied_N": [
        3.6412909040297388,
        3.265869068595312,
        0.0
      ],
      "Fx_raw_N": 0.051493002683248836,
      "Fy_raw_N": 0.046184007030640774,
      "Fz_raw_N": 0.0,
      "Fx_section_Npm": 1.8390358101160298,
      "Fy_section_Npm": 1.6494288225228848,
      "Fx_applied_N": 3.6412909040297388,
      "Fy_applied_N": 3.265869068595312,
      "Fz_applied_N": 0.0,
      "returned_force_raw_N": [
        0.054359285634353265,
        0.048786928104609516,
        0.0
      ],
      "returned_force_applied_N": [
        3.8439780555721232,
        3.4499327731116725,
        0.0
      ],
      "Fx_returned_raw_N": 0.054359285634353265,
      "Fy_returned_raw_N": 0.048786928104609516,
      "force_residual_raw_N": 0.003871792359244295,
      "force_residual_applied_N": 0.2737910311179894,
      "trial_displacement_residual_m": 7.854007588040296e-09,
      "written_motion_delta_m": 7.854007588040296e-09,
      "checkpoint_request": false,
      "checkpoint_created": false,
      "rollback_request": true,
      "commit_status": "rolled_back",
      "iteration_events": [
        "force_iterate_submitted_to_ancf",
        "ancf_trial_solved_and_scattered",
        "trial_displacement_written_to_precice",
        "precice_advance_completed",
        "requires_reading_checkpoint_true",
        "force_read_at_retry_endpoint_dt",
        "physical_state_rolled_back_trial_retained_as_history"
      ],
      "time_window_complete": false,
      "convergence_status": "retry_required",
      "precice_max_iterations": 20,
      "ancf_newton_iterations": 3,
      "ancf_residual": 1.4457204944307023e-07,
      "q_state_hash": "e3951daee2f67922ec98d74362013c41e1fc8f467acb1c1a4ed4d37b6aa50727",
      "qdot_state_hash": "d25d65e29a9bf57ab7d1391765864df1bc3079c463fbeeb3fe6d7ff42f58da82",
      "qddot_state_hash": "35c227e7df44eb1da8326513a2fcd32746544e462abc45fe340316262b4a49ac"
    },
    {
      "case_id": "ANCF_SINGLE_SLICE_HIGHRE_0P2S_PREP_V1",
      "window_index": 5,
      "iteration_index": 19,
      "sequence": 92,
      "request_id": 910092,
      "transaction_id": 1910092,
      "transport_ids": {
        "sequence": 92,
        "request_id": 910092,
        "transaction_id": 1910092
      },
      "physical_identity": {
        "global_step": 5,
        "bridge_step": 5,
        "integer_tick": 1000000,
        "time_s": 0.001,
        "dt_s": 0.0002
      },
      "physical_time_s": 30.001,
      "case_local_time_s": 0.001,
      "force_source_global_time_s": 30.001,
      "force_source_kind": "PRECEDING_PRECICE_ADVANCE_ITERATE",
      "force_input_source_global_time_s": 30.001,
      "force_input_read_offset_s": 0.0002,
      "force_input_source_kind": "PRECEDING_PRECICE_ADVANCE_ITERATE",
      "force_input_vector_raw_N": [
        0.054359285634353265,
        0.048786928104609516,
        0.0
      ],
      "force_input_window_index": 5,
      "force_input_iteration_index": 19,
      "returned_force_source_global_time_s": 30.001,
      "returned_force_source_kind": "CURRENT_WINDOW_ENDPOINT_RETRY_ITERATE",
      "force_source_time_global_s": 30.001,
      "force_read_time_s": 0.0002,
      "force_read_offset_s": 0.0002,
      "force_read_source_global_time_s": 30.001,
      "force_read_source_kind": "CURRENT_WINDOW_ENDPOINT_RETRY_ITERATE",
      "force_source_vector_raw_N": [
        0.056652311995236806,
        0.050869264963784515,
        0.0
      ],
      "force_read_vector_raw_N": [
        0.056652311995236806,
        0.050869264963784515,
        0.0
      ],
      "force_read_window_index": 5,
      "force_read_iteration_index": 19,
      "window_target_global_time_s": 30.001,
      "dt_s": 0.0002,
      "D_previous_committed_m": [
        2.5839820397579254e-06,
        2.3429779835165526e-06,
        0.00041639250011371587
      ],
      "D_trial_from_ancf_m": [
        4.1687648120010745e-06,
        3.772540304370163e-06,
        0.000416396058638302
      ],
      "D_trial_interface_m": [
        4.1687648120010745e-06,
        3.772540304370163e-06
      ],
      "D_written_to_precice_m": [
        4.1687648120010745e-06,
        3.772540304370163e-06
      ],
      "written_motion_vector_m": [
        [
          4.1687648120010745e-06,
          3.772540304370163e-06
        ]
      ],
      "force_input_raw_N": [
        0.054359285634353265,
        0.048786928104609516,
        0.0
      ],
      "force_input_applied_N": [
        3.8439780555721237,
        3.449932773111673,
        0.0
      ],
      "Fx_raw_N": 0.054359285634353265,
      "Fy_raw_N": 0.048786928104609516,
      "Fz_raw_N": 0.0,
      "Fx_section_Npm": 1.9414030583697595,
      "Fy_section_Npm": 1.7423902894503398,
      "Fx_applied_N": 3.8439780555721237,
      "Fy_applied_N": 3.449932773111673,
      "Fz_applied_N": 0.0,
      "returned_force_raw_N": [
        0.056652311995236806,
        0.050869264963784515,
        0.0
      ],
      "returned_force_applied_N": [
        4.006127776806031,
        3.597183736724762,
        0.0
      ],
      "Fx_returned_raw_N": 0.056652311995236806,
      "Fy_returned_raw_N": 0.050869264963784515,
      "force_residual_raw_N": 0.0030974338873954385,
      "force_residual_applied_N": 0.21903282489439171,
      "trial_displacement_residual_m": 6.283206070365847e-09,
      "written_motion_delta_m": 6.283206070365847e-09,
      "checkpoint_request": false,
      "checkpoint_created": false,
      "rollback_request": true,
      "commit_status": "rolled_back",
      "iteration_events": [
        "force_iterate_submitted_to_ancf",
        "ancf_trial_solved_and_scattered",
        "trial_displacement_written_to_precice",
        "precice_advance_completed",
        "requires_reading_checkpoint_true",
        "force_read_at_retry_endpoint_dt",
        "physical_state_rolled_back_trial_retained_as_history"
      ],
      "time_window_complete": false,
      "convergence_status": "retry_required",
      "precice_max_iterations": 20,
      "ancf_newton_iterations": 3,
      "ancf_residual": 1.4457204944307023e-07,
      "q_state_hash": "fc6fe7184c860794f9805063766a966ff778dfda55006772d1d05fbe7fc43166",
      "qdot_state_hash": "6caccce6a5c67c9cf999fba579fbd25b56bc1116a02159b974cd601edc9e0425",
      "qddot_state_hash": "7f1352d5143720339f4d043d636ca24c9a12ea1ba742365f2e482d92b4c35351"
    },
    {
      "case_id": "ANCF_SINGLE_SLICE_HIGHRE_0P2S_PREP_V1",
      "window_index": 5,
      "iteration_index": 20,
      "sequence": 93,
      "request_id": 910093,
      "transaction_id": 1910093,
      "transport_ids": {
        "sequence": 93,
        "request_id": 910093,
        "transaction_id": 1910093
      },
      "physical_identity": {
        "global_step": 5,
        "bridge_step": 5,
        "integer_tick": 1000000,
        "time_s": 0.001,
        "dt_s": 0.0002
      },
      "physical_time_s": 30.001,
      "case_local_time_s": 0.001,
      "force_source_global_time_s": 30.001,
      "force_source_kind": "PRECEDING_PRECICE_ADVANCE_ITERATE",
      "force_input_source_global_time_s": 30.001,
      "force_input_read_offset_s": 0.0002,
      "force_input_source_kind": "PRECEDING_PRECICE_ADVANCE_ITERATE",
      "force_input_vector_raw_N": [
        0.056652311995236806,
        0.050869264963784515,
        0.0
      ],
      "force_input_window_index": 5,
      "force_input_iteration_index": 20,
      "returned_force_source_global_time_s": 30.001,
      "returned_force_source_kind": "ACCEPTED_WINDOW_BOUNDARY_FORCE",
      "force_source_time_global_s": 30.001,
      "force_read_time_s": 0.0,
      "force_read_offset_s": 0.0,
      "force_read_source_global_time_s": 30.001,
      "force_read_source_kind": "ACCEPTED_WINDOW_BOUNDARY_FORCE",
      "force_source_vector_raw_N": [
        0.06582441743877097,
        0.05919861240048447,
        0.0
      ],
      "force_read_vector_raw_N": [
        0.06582441743877097,
        0.05919861240048447,
        0.0
      ],
      "force_read_window_index": 5,
      "force_read_iteration_index": 20,
      "window_target_global_time_s": 30.001,
      "dt_s": 0.0002,
      "D_previous_committed_m": [
        2.5839820397579254e-06,
        2.3429779835165526e-06,
        0.00041639250011371587
      ],
      "D_trial_from_ancf_m": [
        4.1724859715605904e-06,
        3.7759195536635434e-06,
        0.000416396058638302
      ],
      "D_trial_interface_m": [
        4.1724859715605904e-06,
        3.7759195536635434e-06
      ],
      "D_written_to_precice_m": [
        4.1724859715605904e-06,
        3.7759195536635434e-06
      ],
      "written_motion_vector_m": [
        [
          4.1724859715605904e-06,
          3.7759195536635434e-06
        ]
      ],
      "force_input_raw_N": [
        0.056652311995236806,
        0.050869264963784515,
        0.0
      ],
      "force_input_applied_N": [
        4.006127776806031,
        3.597183736724762,
        0.0
      ],
      "Fx_raw_N": 0.056652311995236806,
      "Fy_raw_N": 0.050869264963784515,
      "Fz_raw_N": 0.0,
      "Fx_section_Npm": 2.023296856972743,
      "Fy_section_Npm": 1.816759462992304,
      "Fx_applied_N": 4.006127776806031,
      "Fy_applied_N": 3.597183736724762,
      "Fz_applied_N": 0.0,
      "returned_force_raw_N": [
        0.06582441743877097,
        0.05919861240048447,
        0.0
      ],
      "returned_force_applied_N": [
        4.654726661741662,
        4.186187591177116,
        0.0
      ],
      "Fx_returned_raw_N": 0.06582441743877097,
      "Fy_returned_raw_N": 0.05919861240048447,
      "force_residual_raw_N": 0.012389735549581726,
      "force_residual_applied_N": 0.8761312995775649,
      "trial_displacement_residual_m": 5.026564856259985e-09,
      "written_motion_delta_m": 5.026564856259985e-09,
      "checkpoint_request": false,
      "checkpoint_created": false,
      "rollback_request": false,
      "commit_status": "committed",
      "iteration_events": [
        "force_iterate_submitted_to_ancf",
        "ancf_trial_solved_and_scattered",
        "trial_displacement_written_to_precice",
        "precice_advance_completed",
        "requires_reading_checkpoint_false",
        "force_read_at_accepted_window_start_zero",
        "accepted_trial_committed"
      ],
      "time_window_complete": true,
      "convergence_status": "ACCEPTED_AT_ITERATION_LIMIT",
      "precice_max_iterations": 20,
      "ancf_newton_iterations": 3,
      "ancf_residual": 1.4457204944307023e-07,
      "q_state_hash": "e32128d60776c5c410fc38b639709383c704ccfbfc23fcd162f886208e2c600c",
      "qdot_state_hash": "f7d36f85a98bfd6737b397230ec4cddbda4a4d82adcf1fd185479a70ebdad1fd",
      "qddot_state_hash": "120365eaa23962cec15295ea1905d7d8aa8ffe1fbe9612685e62aaebd960d4eb"
    }
  ],
  "manifest_sha256": "ff922b0bff8ab2e342d8048ff53207d15cfe92f96c1ee5d2972b4341d385e1b5"
}
